{
  "Top": "convolution2d",
  "RtlTop": "convolution2d",
  "RtlPrefix": "",
  "SourceLanguage": "cpp",
  "ResetStyle": "control",
  "GenerateBdFiles": "0",
  "HostMachineBits": "64",
  "Target": {
    "Family": "zynq",
    "Device": "xc7z020",
    "Package": "clg484",
    "Speed": "-1"
  },
  "HlsSolution": {"Directives": [
      "stream convolution2d {{variable positionBooleanTextRequiredimage} {depth 16} {dim 1}} {}",
      "stream convolution2d {{variable positionBooleanTextRequiredwindows} {depth 16} {dim 1}} {}",
      "stream convolution2d {{variable positionBooleanTextRequiredout_image} {depth 16} {dim 1}} {}",
      "dataflow convolution2d {} {}",
      "array_partition readWindow {{partition positionBooleanCmd} {variable positionBooleanTextRequiredLineBuffer} {complete positionBoolean0type} {dim 1}} {}",
      "array_partition convolution2d {{partition positionBooleanCmd} {variable positionBooleanTextRequiredkernalSrc} {complete positionBoolean0type} {dim 1}} {}"
    ]},
  "ClockInfo": {
    "ClockName": "ap_clk",
    "ClockPeriod": "10",
    "IsCombLogic": "0",
    "II": "x",
    "Latency": "110",
    "Uncertainty": "1.25"
  },
  "Xdc": {"OocClocks": ["create_clock -name ap_clk -period 10.000 [get_ports ap_clk]"]},
  "Ipx": {
    "Vendor": "xilinx.com",
    "Library": "hls",
    "Name": "convolution2d",
    "Version": "1.0",
    "DisplayName": "Convolution2d",
    "Revision": "",
    "Description": "An IP generated by Vivado HLS",
    "Taxonomy": "\/VIVADO_HLS_IP"
  },
  "Files": {
    "CSource": ["..\/..\/..\/Embed\/convolution2d\/convolution2d.cpp"],
    "Vhdl": [
      "impl\/vhdl\/convolution2d_kerhbi.vhd",
      "impl\/vhdl\/convolution2d_kerhbi_memcore.vhd",
      "impl\/vhdl\/convolution2d_muxbkb.vhd",
      "impl\/vhdl\/convolution2d_muxg8j.vhd",
      "impl\/vhdl\/convolution2d_sredEe.vhd",
      "impl\/vhdl\/convolution2d_sreeOg.vhd",
      "impl\/vhdl\/convolution2d_srefYi.vhd",
      "impl\/vhdl\/fifo_w32_d2_A.vhd",
      "impl\/vhdl\/fifo_w32_d16_A.vhd",
      "impl\/vhdl\/processConvolution2d.vhd",
      "impl\/vhdl\/readFromMemory.vhd",
      "impl\/vhdl\/readWindow.vhd",
      "impl\/vhdl\/readWindow_windowcud.vhd",
      "impl\/vhdl\/start_for_readWinibs.vhd",
      "impl\/vhdl\/start_for_writeTojbC.vhd",
      "impl\/vhdl\/writeToMemmory.vhd",
      "impl\/vhdl\/convolution2d.vhd"
    ],
    "Verilog": [
      "impl\/verilog\/convolution2d_kerhbi.v",
      "impl\/verilog\/convolution2d_kerhbi_memcore.v",
      "impl\/verilog\/convolution2d_muxbkb.v",
      "impl\/verilog\/convolution2d_muxg8j.v",
      "impl\/verilog\/convolution2d_sredEe.v",
      "impl\/verilog\/convolution2d_sreeOg.v",
      "impl\/verilog\/convolution2d_srefYi.v",
      "impl\/verilog\/fifo_w32_d2_A.v",
      "impl\/verilog\/fifo_w32_d16_A.v",
      "impl\/verilog\/processConvolution2d.v",
      "impl\/verilog\/readFromMemory.v",
      "impl\/verilog\/readWindow.v",
      "impl\/verilog\/readWindow_windowcud.v",
      "impl\/verilog\/start_for_readWinibs.v",
      "impl\/verilog\/start_for_writeTojbC.v",
      "impl\/verilog\/writeToMemmory.v",
      "impl\/verilog\/convolution2d.v"
    ],
    "Misc": ["impl\/misc\/logo.png"]
  },
  "SubcoreInfo": {
    "HasXpmMemory": false,
    "HasClockedDsp": false,
    "IP": []
  },
  "Interfaces": {
    "ap_clk": {
      "type": "clock",
      "ctype": {"CLK": {"Type": "bool"}},
      "reset": "ap_rst"
    },
    "ap_ctrl": {
      "type": "ap_ctrl",
      "ctrl_ports": "ap_done ap_start ap_ready ap_idle",
      "ctype": {
        "done": {"Type": "bool"},
        "start": {"Type": "bool"},
        "ready": {"Type": "bool"},
        "idle": {"Type": "bool"}
      }
    },
    "ap_rst": {
      "type": "reset",
      "polarity": "ACTIVE_HIGH",
      "ctype": {"RST": {"Type": "bool"}}
    },
    "dst_address0": {
      "type": "data",
      "dir": "out",
      "width": "5",
      "ctype": {"DATA": {
          "Type": "null",
          "Width": "5"
        }}
    },
    "dst_address1": {
      "type": "data",
      "dir": "out",
      "width": "5",
      "ctype": {"DATA": {
          "Type": "null",
          "Width": "5"
        }}
    },
    "dst_d0": {
      "type": "data",
      "dir": "out",
      "width": "32",
      "ctype": {"DATA": {
          "Type": "integer signed",
          "Width": "32"
        }}
    },
    "dst_d1": {
      "type": "data",
      "dir": "out",
      "width": "32",
      "ctype": {"DATA": {
          "Type": "integer signed",
          "Width": "32"
        }}
    },
    "dst_q0": {
      "type": "data",
      "dir": "in",
      "width": "32",
      "ctype": {"DATA": {
          "Type": "integer signed",
          "Width": "32"
        }}
    },
    "dst_q1": {
      "type": "data",
      "dir": "in",
      "width": "32",
      "ctype": {"DATA": {
          "Type": "integer signed",
          "Width": "32"
        }}
    },
    "height": {
      "type": "data",
      "dir": "in",
      "width": "32",
      "ctype": {"DATA": {
          "Type": "integer signed",
          "Width": "32"
        }}
    },
    "kernalSrc_0": {
      "type": "data",
      "dir": "in",
      "width": "32",
      "ctype": {"DATA": {
          "Type": "integer signed",
          "Width": "32"
        }}
    },
    "kernalSrc_1": {
      "type": "data",
      "dir": "in",
      "width": "32",
      "ctype": {"DATA": {
          "Type": "integer signed",
          "Width": "32"
        }}
    },
    "kernalSrc_2": {
      "type": "data",
      "dir": "in",
      "width": "32",
      "ctype": {"DATA": {
          "Type": "integer signed",
          "Width": "32"
        }}
    },
    "kernalSrc_3": {
      "type": "data",
      "dir": "in",
      "width": "32",
      "ctype": {"DATA": {
          "Type": "integer signed",
          "Width": "32"
        }}
    },
    "kernalSrc_4": {
      "type": "data",
      "dir": "in",
      "width": "32",
      "ctype": {"DATA": {
          "Type": "integer signed",
          "Width": "32"
        }}
    },
    "kernalSrc_5": {
      "type": "data",
      "dir": "in",
      "width": "32",
      "ctype": {"DATA": {
          "Type": "integer signed",
          "Width": "32"
        }}
    },
    "src_address0": {
      "type": "data",
      "dir": "out",
      "width": "8",
      "ctype": {"DATA": {
          "Type": "null",
          "Width": "8"
        }}
    },
    "src_address1": {
      "type": "data",
      "dir": "out",
      "width": "8",
      "ctype": {"DATA": {
          "Type": "null",
          "Width": "8"
        }}
    },
    "src_d0": {
      "type": "data",
      "dir": "out",
      "width": "32",
      "ctype": {"DATA": {
          "Type": "integer signed",
          "Width": "32"
        }}
    },
    "src_d1": {
      "type": "data",
      "dir": "out",
      "width": "32",
      "ctype": {"DATA": {
          "Type": "integer signed",
          "Width": "32"
        }}
    },
    "src_q0": {
      "type": "data",
      "dir": "in",
      "width": "32",
      "ctype": {"DATA": {
          "Type": "integer signed",
          "Width": "32"
        }}
    },
    "src_q1": {
      "type": "data",
      "dir": "in",
      "width": "32",
      "ctype": {"DATA": {
          "Type": "integer signed",
          "Width": "32"
        }}
    },
    "width": {
      "type": "data",
      "dir": "in",
      "width": "32",
      "ctype": {"DATA": {
          "Type": "integer signed",
          "Width": "32"
        }}
    }
  },
  "RtlPorts": {
    "ap_clk": {
      "dir": "in",
      "width": "1"
    },
    "ap_rst": {
      "dir": "in",
      "width": "1"
    },
    "ap_done": {
      "dir": "out",
      "width": "1"
    },
    "ap_start": {
      "dir": "in",
      "width": "1"
    },
    "ap_ready": {
      "dir": "out",
      "width": "1"
    },
    "ap_idle": {
      "dir": "out",
      "width": "1"
    },
    "kernalSrc_0": {
      "dir": "in",
      "width": "32"
    },
    "kernalSrc_1": {
      "dir": "in",
      "width": "32"
    },
    "kernalSrc_2": {
      "dir": "in",
      "width": "32"
    },
    "kernalSrc_3": {
      "dir": "in",
      "width": "32"
    },
    "kernalSrc_4": {
      "dir": "in",
      "width": "32"
    },
    "kernalSrc_5": {
      "dir": "in",
      "width": "32"
    },
    "width": {
      "dir": "in",
      "width": "32"
    },
    "height": {
      "dir": "in",
      "width": "32"
    },
    "src_address0": {
      "dir": "out",
      "width": "8"
    },
    "src_ce0": {
      "dir": "out",
      "width": "1"
    },
    "src_d0": {
      "dir": "out",
      "width": "32"
    },
    "src_q0": {
      "dir": "in",
      "width": "32"
    },
    "src_we0": {
      "dir": "out",
      "width": "1"
    },
    "src_address1": {
      "dir": "out",
      "width": "8"
    },
    "src_ce1": {
      "dir": "out",
      "width": "1"
    },
    "src_d1": {
      "dir": "out",
      "width": "32"
    },
    "src_q1": {
      "dir": "in",
      "width": "32"
    },
    "src_we1": {
      "dir": "out",
      "width": "1"
    },
    "dst_address0": {
      "dir": "out",
      "width": "5"
    },
    "dst_ce0": {
      "dir": "out",
      "width": "1"
    },
    "dst_d0": {
      "dir": "out",
      "width": "32"
    },
    "dst_q0": {
      "dir": "in",
      "width": "32"
    },
    "dst_we0": {
      "dir": "out",
      "width": "1"
    },
    "dst_address1": {
      "dir": "out",
      "width": "5"
    },
    "dst_ce1": {
      "dir": "out",
      "width": "1"
    },
    "dst_d1": {
      "dir": "out",
      "width": "32"
    },
    "dst_q1": {
      "dir": "in",
      "width": "32"
    },
    "dst_we1": {
      "dir": "out",
      "width": "1"
    }
  },
  "CPorts": {
    "ap_ctrl": {
      "interfaceRef": "ap_ctrl",
      "dir": "out"
    },
    "kernalSrc_0": {
      "interfaceRef": "kernalSrc_0",
      "dir": "in",
      "dataWidth": "32",
      "handshakeRef": "ap_none"
    },
    "kernalSrc_1": {
      "interfaceRef": "kernalSrc_1",
      "dir": "in",
      "dataWidth": "32",
      "handshakeRef": "ap_none"
    },
    "kernalSrc_2": {
      "interfaceRef": "kernalSrc_2",
      "dir": "in",
      "dataWidth": "32",
      "handshakeRef": "ap_none"
    },
    "kernalSrc_3": {
      "interfaceRef": "kernalSrc_3",
      "dir": "in",
      "dataWidth": "32",
      "handshakeRef": "ap_none"
    },
    "kernalSrc_4": {
      "interfaceRef": "kernalSrc_4",
      "dir": "in",
      "dataWidth": "32",
      "handshakeRef": "ap_none"
    },
    "kernalSrc_5": {
      "interfaceRef": "kernalSrc_5",
      "dir": "in",
      "dataWidth": "32",
      "handshakeRef": "ap_none"
    },
    "width": {
      "interfaceRef": "width",
      "dir": "in",
      "dataWidth": "32",
      "handshakeRef": "ap_none"
    },
    "height": {
      "interfaceRef": "height",
      "dir": "in",
      "dataWidth": "32",
      "handshakeRef": "ap_none"
    },
    "src_d0": {
      "interfaceRef": "src_d0",
      "dir": "out",
      "dataWidth": "32",
      "busTypeRef": "ap_memory",
      "arraySize": "256",
      "handshakeRef": "ap_none"
    },
    "src_q0": {
      "interfaceRef": "src_q0",
      "dir": "in",
      "dataWidth": "32",
      "busTypeRef": "ap_memory",
      "arraySize": "256",
      "handshakeRef": "ap_none"
    },
    "src_d1": {
      "interfaceRef": "src_d1",
      "dir": "out",
      "dataWidth": "32",
      "busTypeRef": "ap_memory",
      "arraySize": "256",
      "handshakeRef": "ap_none"
    },
    "src_q1": {
      "interfaceRef": "src_q1",
      "dir": "in",
      "dataWidth": "32",
      "busTypeRef": "ap_memory",
      "arraySize": "256",
      "handshakeRef": "ap_none"
    },
    "dst_d0": {
      "interfaceRef": "dst_d0",
      "dir": "out",
      "dataWidth": "32",
      "busTypeRef": "ap_memory",
      "arraySize": "28",
      "handshakeRef": "ap_none"
    },
    "dst_q0": {
      "interfaceRef": "dst_q0",
      "dir": "in",
      "dataWidth": "32",
      "busTypeRef": "ap_memory",
      "arraySize": "28",
      "handshakeRef": "ap_none"
    },
    "dst_d1": {
      "interfaceRef": "dst_d1",
      "dir": "out",
      "dataWidth": "32",
      "busTypeRef": "ap_memory",
      "arraySize": "28",
      "handshakeRef": "ap_none"
    },
    "dst_q1": {
      "interfaceRef": "dst_q1",
      "dir": "in",
      "dataWidth": "32",
      "busTypeRef": "ap_memory",
      "arraySize": "28",
      "handshakeRef": "ap_none"
    }
  },
  "ModuleInfo": {
    "Hierarchy": {
      "ModuleName": "convolution2d",
      "Instances": [
        {
          "ModuleName": "readWindow",
          "InstanceName": "readWindow_U0"
        },
        {
          "ModuleName": "processConvolution2d",
          "InstanceName": "processConvolution2d_U0"
        },
        {
          "ModuleName": "readFromMemory",
          "InstanceName": "readFromMemory_U0"
        },
        {
          "ModuleName": "writeToMemmory",
          "InstanceName": "writeToMemmory_U0"
        }
      ]
    },
    "Metrics": {
      "readFromMemory": {
        "Latency": {
          "LatencyBest": "14",
          "LatencyAvg": "",
          "LatencyWorst": "558",
          "PipelineIIMin": "14",
          "PipelineIIMax": "558",
          "PipelineII": "14 ~ 558",
          "PipelineDepth": "",
          "PipelineType": "none"
        },
        "Timing": {
          "Target": "10.00",
          "Uncertainty": "1.25",
          "Estimate": "6.89"
        },
        "Loops": [
          {
            "Name": "READ_KERNEL_OUTER",
            "TripCount": "3",
            "Latency": "12",
            "PipelineII": "",
            "PipelineDepth": "4",
            "Loops": [{
                "Name": "READ_KERNEL_INNER",
                "TripCount": "2",
                "Latency": "2",
                "PipelineII": "",
                "PipelineDepth": "1"
              }]
          },
          {
            "Name": "READ_IMAGE_OUTER",
            "TripCount": "",
            "LatencyMin": "0",
            "LatencyMax": "544",
            "Latency": "0 ~ 544",
            "PipelineII": "",
            "PipelineDepthMin": "2",
            "PipelineDepthMax": "34",
            "PipelineDepth": "2 ~ 34",
            "Loops": [{
                "Name": "READ_IMAGE_INNER",
                "TripCount": "",
                "LatencyMin": "0",
                "LatencyMax": "32",
                "Latency": "0 ~ 32",
                "PipelineII": "",
                "PipelineDepth": "2"
              }]
          }
        ],
        "Area": {
          "FF": "206",
          "LUT": "415",
          "BRAM_18K": "0",
          "DSP48E": "0"
        }
      },
      "readWindow": {
        "Latency": {
          "LatencyBest": "2",
          "LatencyAvg": "",
          "LatencyWorst": "8626",
          "PipelineIIMin": "2",
          "PipelineIIMax": "8626",
          "PipelineII": "2 ~ 8626",
          "PipelineDepth": "",
          "PipelineType": "none"
        },
        "Timing": {
          "Target": "10.00",
          "Uncertainty": "1.25",
          "Estimate": "8.51"
        },
        "Loops": [{
            "Name": "Loop 1",
            "TripCount": "",
            "LatencyMin": "0",
            "LatencyMax": "8624",
            "Latency": "0 ~ 8624",
            "PipelineII": "",
            "PipelineDepthMin": "38",
            "PipelineDepthMax": "308",
            "PipelineDepth": "38 ~ 308",
            "Loops": [{
                "Name": "Loop 1.1",
                "TripCount": "3",
                "Latency": "231",
                "PipelineII": "",
                "PipelineDepth": "77",
                "Loops": [{
                    "Name": "Loop 1.1.1",
                    "TripCount": "2",
                    "Latency": "74",
                    "PipelineII": "",
                    "PipelineDepth": "37"
                  }]
              }]
          }],
        "Area": {
          "BRAM_18K": "0",
          "DSP48E": "6",
          "FF": "2973",
          "LUT": "1805"
        }
      },
      "processConvolution2d": {
        "Latency": {
          "LatencyBest": "1",
          "LatencyAvg": "",
          "LatencyWorst": "6749",
          "PipelineIIMin": "1",
          "PipelineIIMax": "6749",
          "PipelineII": "1 ~ 6749",
          "PipelineDepth": "",
          "PipelineType": "none"
        },
        "Timing": {
          "Target": "10.00",
          "Uncertainty": "1.25",
          "Estimate": "8.51"
        },
        "Loops": [{
            "Name": "Loop 1",
            "TripCount": "",
            "LatencyMin": "0",
            "LatencyMax": "6748",
            "Latency": "0 ~ 6748",
            "PipelineII": "",
            "PipelineDepthMin": "2",
            "PipelineDepthMax": "482",
            "PipelineDepth": "2 ~ 482",
            "Loops": [{
                "Name": "Loop 1.1",
                "TripCount": "",
                "LatencyMin": "0",
                "LatencyMax": "480",
                "Latency": "0 ~ 480",
                "PipelineII": "",
                "PipelineDepth": "32",
                "Loops": [{
                    "Name": "Loop 1.1.1",
                    "TripCount": "3",
                    "Latency": "30",
                    "PipelineII": "",
                    "PipelineDepth": "10",
                    "Loops": [{
                        "Name": "Loop 1.1.1.1",
                        "TripCount": "2",
                        "Latency": "8",
                        "PipelineII": "",
                        "PipelineDepth": "4"
                      }]
                  }]
              }]
          }],
        "Area": {
          "DSP48E": "3",
          "FF": "560",
          "LUT": "555",
          "BRAM_18K": "0"
        }
      },
      "writeToMemmory": {
        "Latency": {
          "LatencyBest": "30",
          "LatencyAvg": "30",
          "LatencyWorst": "30",
          "PipelineII": "30",
          "PipelineDepth": "",
          "PipelineType": "none"
        },
        "Timing": {
          "Target": "10.00",
          "Uncertainty": "1.25",
          "Estimate": "8.51"
        },
        "Loops": [{
            "Name": "Loop 1",
            "TripCount": "28",
            "Latency": "28",
            "PipelineII": "",
            "PipelineDepth": "1"
          }],
        "Area": {
          "DSP48E": "3",
          "FF": "105",
          "LUT": "244",
          "BRAM_18K": "0"
        }
      },
      "convolution2d": {
        "Latency": {
          "LatencyBest": "110",
          "LatencyAvg": "",
          "LatencyWorst": "8627",
          "PipelineIIMin": "31",
          "PipelineIIMax": "8627",
          "PipelineII": "31 ~ 8627",
          "PipelineDepth": "",
          "PipelineType": "dataflow"
        },
        "Timing": {
          "Target": "10.00",
          "Uncertainty": "1.25",
          "Estimate": "8.51"
        },
        "Area": {
          "BRAM_18K": "0",
          "DSP48E": "12",
          "FF": "3994",
          "LUT": "3680"
        }
      }
    }
  },
  "GenData": {
    "DataVersion": "0.1",
    "Time": "2024-12-14 18:17:40 +0700",
    "ToolName": "vivado_hls",
    "ToolVersion": "2018.1"
  }
}
