<?xml version="1.0" encoding="utf-8"?>
<Messages>
	<Message prefix="[HLS 200-10]" severity="INFO" keynum="HLS_10_1312" content="Analyzing design file &apos;../Embed/convolution2d/convolution2d.cpp&apos; ..." tag=""/>
	<Message prefix="[HLS 200-10]" severity="INFO" keynum="HLS_10_1465" content="Validating synthesis directives ..." tag=""/>
	<Message prefix="[HLS 200-111]" severity="INFO" keynum="473" content="Finished Checking Pragmas Time (s): cpu = 00:00:01 ; elapsed = 00:00:04 . Memory (MB): peak = 101.883 ; gain = 45.461" tag=""/>
	<Message prefix="[HLS 200-111]" severity="INFO" keynum="473" content="Finished Linking Time (s): cpu = 00:00:01 ; elapsed = 00:00:05 . Memory (MB): peak = 101.902 ; gain = 45.480" tag=""/>
	<Message prefix="[HLS 200-10]" severity="INFO" keynum="HLS_10_1467" content="Starting code transformations ..." tag=""/>
	<Message prefix="[HLS 200-111]" severity="INFO" keynum="473" content="Finished Standard Transforms Time (s): cpu = 00:00:01 ; elapsed = 00:00:05 . Memory (MB): peak = 103.957 ; gain = 47.535" tag=""/>
	<Message prefix="[HLS 200-10]" severity="INFO" keynum="HLS_10_1472" content="Checking synthesizability ..." tag=""/>
	<Message prefix="[HLS 200-111]" severity="INFO" keynum="473" content="Finished Checking Synthesizability Time (s): cpu = 00:00:01 ; elapsed = 00:00:05 . Memory (MB): peak = 104.750 ; gain = 48.328" tag=""/>
	<Message prefix="[XFORM 203-102]" severity="INFO" keynum="688" content="Automatically partitioning streamed array &apos;windows.V.pix&apos; (../Embed/convolution2d/convolution2d.cpp:170) ." tag=""/>
	<Message prefix="[XFORM 203-104]" severity="WARNING" keynum="694" content="Completely partitioning array &apos;&apos; (../Embed/convolution2d/convolution2d.cpp:78:34) accessed through non-constant indices on dimension 1 (../Embed/convolution2d/convolution2d.cpp:87:3), which may result in long runtime and suboptimal QoR due to large multiplexers. Please consider wrapping the array access into a function or using a register file core instead." tag=""/>
	<Message prefix="[XFORM 203-101]" severity="INFO" keynum="692" content="Partitioning array &apos;kernalSrc&apos; (../Embed/convolution2d/convolution2d.cpp:154) in dimension 1 completely." tag=""/>
	<Message prefix="[XFORM 203-101]" severity="INFO" keynum="692" content="Partitioning array &apos;tmp.pix&apos; in dimension 1 completely." tag=""/>
	<Message prefix="[XFORM 203-101]" severity="INFO" keynum="692" content="Partitioning array &apos;windows.V.pix&apos; (../Embed/convolution2d/convolution2d.cpp:170) in dimension 1 completely." tag=""/>
	<Message prefix="[XFORM 203-101]" severity="INFO" keynum="692" content="Partitioning array &apos;tmp.pix&apos; in dimension 2 completely." tag=""/>
	<Message prefix="[XFORM 203-101]" severity="INFO" keynum="692" content="Partitioning array &apos;windows.V.pix&apos; (../Embed/convolution2d/convolution2d.cpp:170) in dimension 2 completely." tag=""/>
	<Message prefix="[XFORM 203-713]" severity="WARNING" keynum="768" content="All the elements of global array &apos;dst&apos; should be updated in process function &apos;writeToMemmory&apos;, otherwise it may not be synthesized correctly." tag=""/>
	<Message prefix="[XFORM 203-712]" severity="INFO" keynum="801" content="Applying dataflow to function &apos;convolution2d&apos;, detected/extracted 4 process function(s): 
	 &apos;readFromMemory&apos;
	 &apos;readWindow&apos;
	 &apos;processConvolution2d&apos;
	 &apos;writeToMemmory&apos;." tag=""/>
	<Message prefix="[XFORM 203-11]" severity="INFO" keynum="754" content="Balancing expressions in function &apos;readWindow&apos; (../Embed/convolution2d/convolution2d.cpp:67)...3 expression(s) balanced." tag=""/>
	<Message prefix="[HLS 200-111]" severity="INFO" keynum="473" content="Finished Pre-synthesis Time (s): cpu = 00:00:01 ; elapsed = 00:00:06 . Memory (MB): peak = 127.090 ; gain = 70.668" tag=""/>
	<Message prefix="[HLS 200-111]" severity="INFO" keynum="473" content="Finished Architecture Synthesis Time (s): cpu = 00:00:01 ; elapsed = 00:00:06 . Memory (MB): peak = 161.512 ; gain = 105.090" tag=""/>
	<Message prefix="[HLS 200-10]" severity="INFO" keynum="HLS_10_1317" content="Starting hardware synthesis ..." tag=""/>
	<Message prefix="[HLS 200-10]" severity="INFO" keynum="HLS_10_1385" content="Synthesizing &apos;convolution2d&apos; ..." tag=""/>
	<Message prefix="[HLS 200-10]" severity="INFO" keynum="HLS_10_1477" content="----------------------------------------------------------------" tag=""/>
	<Message prefix="[HLS 200-42]" severity="INFO" keynum="HLS_42_1438" content="-- Implementing module &apos;readFromMemory&apos;" tag=""/>
	<Message prefix="[HLS 200-10]" severity="INFO" keynum="HLS_10_1478" content="----------------------------------------------------------------" tag=""/>
	<Message prefix="[SCHED 204-11]" severity="INFO" keynum="139" content="Starting scheduling ..." tag=""/>
	<Message prefix="[SCHED 204-11]" severity="INFO" keynum="138" content="Finished scheduling." tag=""/>
	<Message prefix="[HLS 200-111]" severity="INFO" keynum="474" content=" Elapsed time: 6.338 seconds; current allocated memory: 119.829 MB." tag=""/>
	<Message prefix="[BIND 205-100]" severity="INFO" keynum="439" content="Starting micro-architecture generation ..." tag=""/>
	<Message prefix="[BIND 205-101]" severity="INFO" keynum="211" content="Performing variable lifetime analysis." tag=""/>
	<Message prefix="[BIND 205-101]" severity="INFO" keynum="210" content="Exploring resource sharing." tag=""/>
	<Message prefix="[BIND 205-101]" severity="INFO" keynum="206" content="Binding ..." tag=""/>
	<Message prefix="[BIND 205-100]" severity="INFO" keynum="438" content="Finished micro-architecture generation." tag=""/>
	<Message prefix="[HLS 200-111]" severity="INFO" keynum="474" content=" Elapsed time: 0.051 seconds; current allocated memory: 120.079 MB." tag=""/>
	<Message prefix="[HLS 200-10]" severity="INFO" keynum="HLS_10_1477" content="----------------------------------------------------------------" tag=""/>
	<Message prefix="[HLS 200-42]" severity="INFO" keynum="HLS_42_1438" content="-- Implementing module &apos;readWindow&apos;" tag=""/>
	<Message prefix="[HLS 200-10]" severity="INFO" keynum="HLS_10_1478" content="----------------------------------------------------------------" tag=""/>
	<Message prefix="[SCHED 204-11]" severity="INFO" keynum="139" content="Starting scheduling ..." tag=""/>
	<Message prefix="[SCHED 204-11]" severity="INFO" keynum="138" content="Finished scheduling." tag=""/>
	<Message prefix="[HLS 200-111]" severity="INFO" keynum="474" content=" Elapsed time: 0.223 seconds; current allocated memory: 121.214 MB." tag=""/>
	<Message prefix="[BIND 205-100]" severity="INFO" keynum="439" content="Starting micro-architecture generation ..." tag=""/>
	<Message prefix="[BIND 205-101]" severity="INFO" keynum="211" content="Performing variable lifetime analysis." tag=""/>
	<Message prefix="[BIND 205-101]" severity="INFO" keynum="210" content="Exploring resource sharing." tag=""/>
	<Message prefix="[BIND 205-101]" severity="INFO" keynum="206" content="Binding ..." tag=""/>
	<Message prefix="[BIND 205-100]" severity="INFO" keynum="438" content="Finished micro-architecture generation." tag=""/>
	<Message prefix="[HLS 200-111]" severity="INFO" keynum="474" content=" Elapsed time: 0.11 seconds; current allocated memory: 122.053 MB." tag=""/>
	<Message prefix="[HLS 200-10]" severity="INFO" keynum="HLS_10_1477" content="----------------------------------------------------------------" tag=""/>
	<Message prefix="[HLS 200-42]" severity="INFO" keynum="HLS_42_1438" content="-- Implementing module &apos;processConvolution2d&apos;" tag=""/>
	<Message prefix="[HLS 200-10]" severity="INFO" keynum="HLS_10_1478" content="----------------------------------------------------------------" tag=""/>
	<Message prefix="[SCHED 204-11]" severity="INFO" keynum="139" content="Starting scheduling ..." tag=""/>
	<Message prefix="[SCHED 204-11]" severity="INFO" keynum="138" content="Finished scheduling." tag=""/>
	<Message prefix="[HLS 200-111]" severity="INFO" keynum="474" content=" Elapsed time: 0.23 seconds; current allocated memory: 122.388 MB." tag=""/>
	<Message prefix="[BIND 205-100]" severity="INFO" keynum="439" content="Starting micro-architecture generation ..." tag=""/>
	<Message prefix="[BIND 205-101]" severity="INFO" keynum="211" content="Performing variable lifetime analysis." tag=""/>
	<Message prefix="[BIND 205-101]" severity="INFO" keynum="210" content="Exploring resource sharing." tag=""/>
	<Message prefix="[BIND 205-101]" severity="INFO" keynum="206" content="Binding ..." tag=""/>
	<Message prefix="[BIND 205-100]" severity="INFO" keynum="438" content="Finished micro-architecture generation." tag=""/>
	<Message prefix="[HLS 200-111]" severity="INFO" keynum="474" content=" Elapsed time: 0.05 seconds; current allocated memory: 122.653 MB." tag=""/>
	<Message prefix="[HLS 200-10]" severity="INFO" keynum="HLS_10_1477" content="----------------------------------------------------------------" tag=""/>
	<Message prefix="[HLS 200-42]" severity="INFO" keynum="HLS_42_1438" content="-- Implementing module &apos;writeToMemmory&apos;" tag=""/>
	<Message prefix="[HLS 200-10]" severity="INFO" keynum="HLS_10_1478" content="----------------------------------------------------------------" tag=""/>
	<Message prefix="[SCHED 204-11]" severity="INFO" keynum="139" content="Starting scheduling ..." tag=""/>
	<Message prefix="[SCHED 204-11]" severity="INFO" keynum="138" content="Finished scheduling." tag=""/>
	<Message prefix="[HLS 200-111]" severity="INFO" keynum="474" content=" Elapsed time: 0.119 seconds; current allocated memory: 122.751 MB." tag=""/>
	<Message prefix="[BIND 205-100]" severity="INFO" keynum="439" content="Starting micro-architecture generation ..." tag=""/>
	<Message prefix="[BIND 205-101]" severity="INFO" keynum="211" content="Performing variable lifetime analysis." tag=""/>
	<Message prefix="[BIND 205-101]" severity="INFO" keynum="210" content="Exploring resource sharing." tag=""/>
	<Message prefix="[BIND 205-101]" severity="INFO" keynum="206" content="Binding ..." tag=""/>
	<Message prefix="[BIND 205-100]" severity="INFO" keynum="438" content="Finished micro-architecture generation." tag=""/>
	<Message prefix="[HLS 200-111]" severity="INFO" keynum="474" content=" Elapsed time: 0.048 seconds; current allocated memory: 122.847 MB." tag=""/>
	<Message prefix="[HLS 200-10]" severity="INFO" keynum="HLS_10_1477" content="----------------------------------------------------------------" tag=""/>
	<Message prefix="[HLS 200-42]" severity="INFO" keynum="HLS_42_1438" content="-- Implementing module &apos;convolution2d&apos;" tag=""/>
	<Message prefix="[HLS 200-10]" severity="INFO" keynum="HLS_10_1478" content="----------------------------------------------------------------" tag=""/>
	<Message prefix="[SCHED 204-11]" severity="INFO" keynum="139" content="Starting scheduling ..." tag=""/>
	<Message prefix="[SCHED 204-11]" severity="INFO" keynum="138" content="Finished scheduling." tag=""/>
	<Message prefix="[HLS 200-111]" severity="INFO" keynum="474" content=" Elapsed time: 0.051 seconds; current allocated memory: 123.010 MB." tag=""/>
	<Message prefix="[BIND 205-100]" severity="INFO" keynum="439" content="Starting micro-architecture generation ..." tag=""/>
	<Message prefix="[BIND 205-101]" severity="INFO" keynum="211" content="Performing variable lifetime analysis." tag=""/>
	<Message prefix="[BIND 205-101]" severity="INFO" keynum="210" content="Exploring resource sharing." tag=""/>
	<Message prefix="[BIND 205-101]" severity="INFO" keynum="206" content="Binding ..." tag=""/>
	<Message prefix="[BIND 205-100]" severity="INFO" keynum="438" content="Finished micro-architecture generation." tag=""/>
	<Message prefix="[HLS 200-111]" severity="INFO" keynum="474" content=" Elapsed time: 0.088 seconds; current allocated memory: 123.344 MB." tag=""/>
	<Message prefix="[HLS 200-10]" severity="INFO" keynum="HLS_10_1483" content="----------------------------------------------------------------" tag=""/>
	<Message prefix="[HLS 200-10]" severity="INFO" keynum="HLS_10_1484" content="-- Generating RTL for module &apos;readFromMemory&apos;" tag=""/>
	<Message prefix="[HLS 200-10]" severity="INFO" keynum="HLS_10_1485" content="----------------------------------------------------------------" tag=""/>
	<Message prefix="[SYN 201-210]" severity="INFO" keynum="402" content="Renamed object name &apos;convolution2d_mux_63_32_1_1&apos; to &apos;convolution2d_muxbkb&apos; due to the length limit 20" tag=""/>
	<Message prefix="[RTGEN 206-100]" severity="INFO" keynum="368" content="Generating core module &apos;convolution2d_muxbkb&apos;: 1 instance(s)." tag=""/>
	<Message prefix="[RTGEN 206-100]" severity="INFO" keynum="369" content="Finished creating RTL model for &apos;readFromMemory&apos;." tag=""/>
	<Message prefix="[HLS 200-111]" severity="INFO" keynum="474" content=" Elapsed time: 0.093 seconds; current allocated memory: 123.739 MB." tag=""/>
	<Message prefix="[HLS 200-10]" severity="INFO" keynum="HLS_10_1483" content="----------------------------------------------------------------" tag=""/>
	<Message prefix="[HLS 200-10]" severity="INFO" keynum="HLS_10_1484" content="-- Generating RTL for module &apos;readWindow&apos;" tag=""/>
	<Message prefix="[HLS 200-10]" severity="INFO" keynum="HLS_10_1485" content="----------------------------------------------------------------" tag=""/>
	<Message prefix="[SYN 201-210]" severity="INFO" keynum="402" content="Renamed object name &apos;readWindow_window_pix&apos; to &apos;readWindow_windowcud&apos; due to the length limit 20" tag=""/>
	<Message prefix="[SYN 201-210]" severity="INFO" keynum="402" content="Renamed object name &apos;convolution2d_srem_33ns_32ns_32_37_seq_1&apos; to &apos;convolution2d_sredEe&apos; due to the length limit 20" tag=""/>
	<Message prefix="[SYN 201-210]" severity="INFO" keynum="402" content="Renamed object name &apos;convolution2d_srem_33ns_32s_32_37_seq_1&apos; to &apos;convolution2d_sreeOg&apos; due to the length limit 20" tag=""/>
	<Message prefix="[SYN 201-210]" severity="INFO" keynum="402" content="Renamed object name &apos;convolution2d_srem_32ns_32ns_6_36_seq_1&apos; to &apos;convolution2d_srefYi&apos; due to the length limit 20" tag=""/>
	<Message prefix="[SYN 201-210]" severity="INFO" keynum="402" content="Renamed object name &apos;convolution2d_mux_346_32_1_1&apos; to &apos;convolution2d_muxg8j&apos; due to the length limit 20" tag=""/>
	<Message prefix="[RTGEN 206-100]" severity="INFO" keynum="368" content="Generating core module &apos;convolution2d_muxg8j&apos;: 1 instance(s)." tag=""/>
	<Message prefix="[RTGEN 206-100]" severity="INFO" keynum="368" content="Generating core module &apos;convolution2d_sredEe&apos;: 1 instance(s)." tag=""/>
	<Message prefix="[RTGEN 206-100]" severity="INFO" keynum="368" content="Generating core module &apos;convolution2d_sreeOg&apos;: 1 instance(s)." tag=""/>
	<Message prefix="[RTGEN 206-100]" severity="INFO" keynum="368" content="Generating core module &apos;convolution2d_srefYi&apos;: 1 instance(s)." tag=""/>
	<Message prefix="[RTGEN 206-100]" severity="INFO" keynum="369" content="Finished creating RTL model for &apos;readWindow&apos;." tag=""/>
	<Message prefix="[HLS 200-111]" severity="INFO" keynum="474" content=" Elapsed time: 0.203 seconds; current allocated memory: 125.783 MB." tag=""/>
	<Message prefix="[HLS 200-10]" severity="INFO" keynum="HLS_10_1483" content="----------------------------------------------------------------" tag=""/>
	<Message prefix="[HLS 200-10]" severity="INFO" keynum="HLS_10_1484" content="-- Generating RTL for module &apos;processConvolution2d&apos;" tag=""/>
	<Message prefix="[HLS 200-10]" severity="INFO" keynum="HLS_10_1485" content="----------------------------------------------------------------" tag=""/>
	<Message prefix="[RTGEN 206-100]" severity="INFO" keynum="368" content="Generating core module &apos;convolution2d_muxbkb&apos;: 1 instance(s)." tag=""/>
	<Message prefix="[RTGEN 206-100]" severity="INFO" keynum="369" content="Finished creating RTL model for &apos;processConvolution2d&apos;." tag=""/>
	<Message prefix="[HLS 200-111]" severity="INFO" keynum="474" content=" Elapsed time: 0.247 seconds; current allocated memory: 126.505 MB." tag=""/>
	<Message prefix="[HLS 200-10]" severity="INFO" keynum="HLS_10_1483" content="----------------------------------------------------------------" tag=""/>
	<Message prefix="[HLS 200-10]" severity="INFO" keynum="HLS_10_1484" content="-- Generating RTL for module &apos;writeToMemmory&apos;" tag=""/>
	<Message prefix="[HLS 200-10]" severity="INFO" keynum="HLS_10_1485" content="----------------------------------------------------------------" tag=""/>
	<Message prefix="[RTGEN 206-100]" severity="INFO" keynum="369" content="Finished creating RTL model for &apos;writeToMemmory&apos;." tag=""/>
	<Message prefix="[HLS 200-111]" severity="INFO" keynum="474" content=" Elapsed time: 0.128 seconds; current allocated memory: 126.812 MB." tag=""/>
	<Message prefix="[HLS 200-10]" severity="INFO" keynum="HLS_10_1483" content="----------------------------------------------------------------" tag=""/>
	<Message prefix="[HLS 200-10]" severity="INFO" keynum="HLS_10_1484" content="-- Generating RTL for module &apos;convolution2d&apos;" tag=""/>
	<Message prefix="[HLS 200-10]" severity="INFO" keynum="HLS_10_1485" content="----------------------------------------------------------------" tag=""/>
	<Message prefix="[RTGEN 206-500]" severity="INFO" keynum="73" content="Setting interface mode on port &apos;convolution2d/kernalSrc_0&apos; to &apos;ap_none&apos;." tag=""/>
	<Message prefix="[RTGEN 206-500]" severity="INFO" keynum="73" content="Setting interface mode on port &apos;convolution2d/kernalSrc_1&apos; to &apos;ap_none&apos;." tag=""/>
	<Message prefix="[RTGEN 206-500]" severity="INFO" keynum="73" content="Setting interface mode on port &apos;convolution2d/kernalSrc_2&apos; to &apos;ap_none&apos;." tag=""/>
	<Message prefix="[RTGEN 206-500]" severity="INFO" keynum="73" content="Setting interface mode on port &apos;convolution2d/kernalSrc_3&apos; to &apos;ap_none&apos;." tag=""/>
	<Message prefix="[RTGEN 206-500]" severity="INFO" keynum="73" content="Setting interface mode on port &apos;convolution2d/kernalSrc_4&apos; to &apos;ap_none&apos;." tag=""/>
	<Message prefix="[RTGEN 206-500]" severity="INFO" keynum="73" content="Setting interface mode on port &apos;convolution2d/kernalSrc_5&apos; to &apos;ap_none&apos;." tag=""/>
	<Message prefix="[RTGEN 206-500]" severity="INFO" keynum="73" content="Setting interface mode on port &apos;convolution2d/width&apos; to &apos;ap_none&apos;." tag=""/>
	<Message prefix="[RTGEN 206-500]" severity="INFO" keynum="73" content="Setting interface mode on port &apos;convolution2d/height&apos; to &apos;ap_none&apos;." tag=""/>
	<Message prefix="[RTGEN 206-500]" severity="INFO" keynum="73" content="Setting interface mode on port &apos;convolution2d/src&apos; to &apos;ap_memory&apos;." tag=""/>
	<Message prefix="[RTGEN 206-500]" severity="INFO" keynum="73" content="Setting interface mode on port &apos;convolution2d/dst&apos; to &apos;ap_memory&apos;." tag=""/>
	<Message prefix="[RTGEN 206-500]" severity="INFO" keynum="73" content="Setting interface mode on function &apos;convolution2d&apos; to &apos;ap_ctrl_hs&apos;." tag=""/>
	<Message prefix="[SYN 201-210]" severity="INFO" keynum="402" content="Renamed object name &apos;convolution2d_kernel&apos; to &apos;convolution2d_kerhbi&apos; due to the length limit 20" tag=""/>
	<Message prefix="[SYN 201-210]" severity="INFO" keynum="402" content="Renamed object name &apos;start_for_readWindow_U0&apos; to &apos;start_for_readWinibs&apos; due to the length limit 20" tag=""/>
	<Message prefix="[SYN 201-210]" severity="INFO" keynum="402" content="Renamed object name &apos;start_for_writeToMemmory_U0&apos; to &apos;start_for_writeTojbC&apos; due to the length limit 20" tag=""/>
	<Message prefix="[RTGEN 206-100]" severity="INFO" keynum="369" content="Finished creating RTL model for &apos;convolution2d&apos;." tag=""/>
	<Message prefix="[HLS 200-111]" severity="INFO" keynum="474" content=" Elapsed time: 0.209 seconds; current allocated memory: 127.678 MB." tag=""/>
	<Message prefix="[RTMG 210-282]" severity="INFO" keynum="RTMG_282_1796" content="Generating pipelined core: &apos;convolution2d_sredEe_div&apos;" tag=""/>
	<Message prefix="[RTMG 210-282]" severity="INFO" keynum="RTMG_282_1796" content="Generating pipelined core: &apos;convolution2d_sreeOg_div&apos;" tag=""/>
	<Message prefix="[RTMG 210-282]" severity="INFO" keynum="RTMG_282_1796" content="Generating pipelined core: &apos;convolution2d_srefYi_div&apos;" tag=""/>
	<Message prefix="[RTMG 210-278]" severity="INFO" keynum="RTMG_278_1790" content="Implementing memory &apos;readWindow_windowcud_ram (RAM)&apos; using distributed RAMs." tag=""/>
	<Message prefix="[RTMG 210-278]" severity="INFO" keynum="RTMG_278_1790" content="Implementing memory &apos;convolution2d_kerhbi_memcore_ram (RAM)&apos; using distributed RAMs." tag=""/>
	<Message prefix="[RTMG 210-285]" severity="INFO" keynum="RTMG_285_1799" content="Implementing FIFO &apos;fifo_w32_d16_A&apos; using Shift Registers." tag=""/>
	<Message prefix="[RTMG 210-285]" severity="INFO" keynum="RTMG_285_1799" content="Implementing FIFO &apos;fifo_w32_d2_A&apos; using Shift Registers." tag=""/>
	<Message prefix="[RTMG 210-285]" severity="INFO" keynum="RTMG_285_1799" content="Implementing FIFO &apos;fifo_w32_d2_A&apos; using Shift Registers." tag=""/>
	<Message prefix="[RTMG 210-285]" severity="INFO" keynum="RTMG_285_1799" content="Implementing FIFO &apos;fifo_w32_d16_A&apos; using Shift Registers." tag=""/>
	<Message prefix="[RTMG 210-285]" severity="INFO" keynum="RTMG_285_1799" content="Implementing FIFO &apos;fifo_w32_d16_A&apos; using Shift Registers." tag=""/>
	<Message prefix="[RTMG 210-285]" severity="INFO" keynum="RTMG_285_1799" content="Implementing FIFO &apos;fifo_w32_d16_A&apos; using Shift Registers." tag=""/>
	<Message prefix="[RTMG 210-285]" severity="INFO" keynum="RTMG_285_1799" content="Implementing FIFO &apos;fifo_w32_d16_A&apos; using Shift Registers." tag=""/>
	<Message prefix="[RTMG 210-285]" severity="INFO" keynum="RTMG_285_1799" content="Implementing FIFO &apos;fifo_w32_d16_A&apos; using Shift Registers." tag=""/>
	<Message prefix="[RTMG 210-285]" severity="INFO" keynum="RTMG_285_1799" content="Implementing FIFO &apos;fifo_w32_d16_A&apos; using Shift Registers." tag=""/>
	<Message prefix="[RTMG 210-285]" severity="INFO" keynum="RTMG_285_1799" content="Implementing FIFO &apos;fifo_w32_d2_A&apos; using Shift Registers." tag=""/>
	<Message prefix="[RTMG 210-285]" severity="INFO" keynum="RTMG_285_1799" content="Implementing FIFO &apos;fifo_w32_d2_A&apos; using Shift Registers." tag=""/>
	<Message prefix="[RTMG 210-285]" severity="INFO" keynum="RTMG_285_1799" content="Implementing FIFO &apos;fifo_w32_d16_A&apos; using Shift Registers." tag=""/>
	<Message prefix="[RTMG 210-285]" severity="INFO" keynum="RTMG_285_1799" content="Implementing FIFO &apos;fifo_w32_d2_A&apos; using Shift Registers." tag=""/>
	<Message prefix="[RTMG 210-285]" severity="INFO" keynum="RTMG_285_1799" content="Implementing FIFO &apos;fifo_w32_d2_A&apos; using Shift Registers." tag=""/>
	<Message prefix="[RTMG 210-285]" severity="INFO" keynum="RTMG_285_1799" content="Implementing FIFO &apos;start_for_readWinibs&apos; using Shift Registers." tag=""/>
	<Message prefix="[RTMG 210-285]" severity="INFO" keynum="RTMG_285_1799" content="Implementing FIFO &apos;start_for_writeTojbC&apos; using Shift Registers." tag=""/>
	<Message prefix="[HLS 200-111]" severity="INFO" keynum="473" content="Finished generating all RTL models Time (s): cpu = 00:00:03 ; elapsed = 00:00:10 . Memory (MB): peak = 186.551 ; gain = 130.129" tag=""/>
	<Message prefix="[SYSC 207-301]" severity="INFO" keynum="SYSC_301_1065" content="Generating SystemC RTL for convolution2d." tag=""/>
	<Message prefix="[VHDL 208-304]" severity="INFO" keynum="VHDL_304_1066" content="Generating VHDL RTL for convolution2d." tag=""/>
	<Message prefix="[VLOG 209-307]" severity="INFO" keynum="VLOG_307_1067" content="Generating Verilog RTL for convolution2d." tag=""/>
	<Message prefix="[HLS 200-112]" severity="INFO" keynum="472" content="Total elapsed time: 9.84 seconds; peak allocated memory: 127.678 MB." tag=""/>
</Messages>
