<annotationInfo>
<annotationInfo>
<item  id="24" filename="../Embed/convolution2d/convolution2d.cpp" linenumber="20" name="exitcond2_i" contextFuncName="readFromMemory" moduleName="readFromMemory" rtlName="exitcond2_i_fu_240_p2" latency="0" BRAM="-1" DSP="-1" FF="0" LUT="8" fileDirectory="D:\Programming\Storage\Class\2024-2025\HW"></item>
<item  id="26" filename="../Embed/convolution2d/convolution2d.cpp" linenumber="20" name="ik" contextFuncName="readFromMemory" moduleName="readFromMemory" rtlName="ik_fu_246_p2" latency="0" BRAM="-1" DSP="-1" FF="0" LUT="10" fileDirectory="D:\Programming\Storage\Class\2024-2025\HW"></item>
<item  id="31" filename="../Embed/convolution2d/convolution2d.cpp" linenumber="20" name="tmp" contextFuncName="readFromMemory" moduleName="readFromMemory" rtlName="tmp_fu_252_p3" latency="0" BRAM="-1" DSP="-1" FF="-1" LUT="-1" fileDirectory="D:\Programming\Storage\Class\2024-2025\HW"></item>
<item  id="32" filename="../Embed/convolution2d/convolution2d.cpp" linenumber="22" name="tmp_6_cast" contextFuncName="readFromMemory" moduleName="readFromMemory" rtlName="tmp_6_cast_fu_260_p1" latency="0" BRAM="-1" DSP="-1" FF="-1" LUT="-1" fileDirectory="D:\Programming\Storage\Class\2024-2025\HW"></item>
<item  id="36" filename="../Embed/convolution2d/convolution2d.cpp" linenumber="22" name="exitcond_i" contextFuncName="readFromMemory" moduleName="readFromMemory" rtlName="exitcond_i_fu_264_p2" latency="0" BRAM="-1" DSP="-1" FF="0" LUT="9" fileDirectory="D:\Programming\Storage\Class\2024-2025\HW"></item>
<item  id="38" filename="../Embed/convolution2d/convolution2d.cpp" linenumber="22" name="jk" contextFuncName="readFromMemory" moduleName="readFromMemory" rtlName="jk_fu_270_p2" latency="0" BRAM="-1" DSP="-1" FF="0" LUT="10" fileDirectory="D:\Programming\Storage\Class\2024-2025\HW"></item>
<item  id="42" filename="../Embed/convolution2d/convolution2d.cpp" linenumber="22" name="tmp_19_i" contextFuncName="readFromMemory" moduleName="readFromMemory" rtlName="tmp_19_i_fu_276_p1" latency="0" BRAM="-1" DSP="-1" FF="-1" LUT="-1" fileDirectory="D:\Programming\Storage\Class\2024-2025\HW"></item>
<item  id="43" filename="../Embed/convolution2d/convolution2d.cpp" linenumber="22" name="tmp_16_t_i" contextFuncName="readFromMemory" moduleName="readFromMemory" rtlName="value_fu_285_p7" latency="0" BRAM="-1" DSP="-1" FF="0" LUT="12" fileDirectory="D:\Programming\Storage\Class\2024-2025\HW"></item>
<item  id="50" filename="../Embed/convolution2d/convolution2d.cpp" linenumber="22" name="value" contextFuncName="readFromMemory" moduleName="readFromMemory" rtlName="convolution2d_muxbkb_U1" latency="0" BRAM="-1" DSP="-1" FF="-1" LUT="-1" fileDirectory="D:\Programming\Storage\Class\2024-2025\HW"></item>
<item  id="51" filename="../Embed/convolution2d/convolution2d.cpp" linenumber="24" name="tmp_15_i_cast" contextFuncName="readFromMemory" moduleName="readFromMemory" rtlName="tmp_15_i_cast_fu_304_p1" latency="0" BRAM="-1" DSP="-1" FF="-1" LUT="-1" fileDirectory="D:\Programming\Storage\Class\2024-2025\HW"></item>
<item  id="52" filename="../Embed/convolution2d/convolution2d.cpp" linenumber="24" name="tmp_7" contextFuncName="readFromMemory" moduleName="readFromMemory" rtlName="tmp_7_fu_308_p2" latency="0" BRAM="-1" DSP="-1" FF="0" LUT="13" fileDirectory="D:\Programming\Storage\Class\2024-2025\HW"></item>
<item  id="53" filename="../Embed/convolution2d/convolution2d.cpp" linenumber="24" name="tmp_7_cast" contextFuncName="readFromMemory" moduleName="readFromMemory" rtlName="tmp_7_cast_fu_313_p1" latency="0" BRAM="-1" DSP="-1" FF="-1" LUT="-1" fileDirectory="D:\Programming\Storage\Class\2024-2025\HW"></item>
<item  id="66" filename="../Embed/convolution2d/convolution2d.cpp" linenumber="30" name="i_cast_i" contextFuncName="readFromMemory" moduleName="readFromMemory" rtlName="i_cast_i_fu_323_p1" latency="0" BRAM="-1" DSP="-1" FF="-1" LUT="-1" fileDirectory="D:\Programming\Storage\Class\2024-2025\HW"></item>
<item  id="67" filename="../Embed/convolution2d/convolution2d.cpp" linenumber="30" name="tmp_12_i" contextFuncName="readFromMemory" moduleName="readFromMemory" rtlName="tmp_12_i_fu_327_p2" latency="0" BRAM="-1" DSP="-1" FF="0" LUT="18" fileDirectory="D:\Programming\Storage\Class\2024-2025\HW"></item>
<item  id="68" filename="../Embed/convolution2d/convolution2d.cpp" linenumber="30" name="i" contextFuncName="readFromMemory" moduleName="readFromMemory" rtlName="i_fu_332_p2" latency="0" BRAM="-1" DSP="-1" FF="0" LUT="38" fileDirectory="D:\Programming\Storage\Class\2024-2025\HW"></item>
<item  id="77" filename="../Embed/convolution2d/convolution2d.cpp" linenumber="33" name="j_cast_i" contextFuncName="readFromMemory" moduleName="readFromMemory" rtlName="j_cast_i_fu_338_p1" latency="0" BRAM="-1" DSP="-1" FF="-1" LUT="-1" fileDirectory="D:\Programming\Storage\Class\2024-2025\HW"></item>
<item  id="78" filename="../Embed/convolution2d/convolution2d.cpp" linenumber="33" name="tmp_14_i" contextFuncName="readFromMemory" moduleName="readFromMemory" rtlName="tmp_14_i_fu_342_p2" latency="0" BRAM="-1" DSP="-1" FF="0" LUT="18" fileDirectory="D:\Programming\Storage\Class\2024-2025\HW"></item>
<item  id="79" filename="../Embed/convolution2d/convolution2d.cpp" linenumber="33" name="j" contextFuncName="readFromMemory" moduleName="readFromMemory" rtlName="j_fu_347_p2" latency="0" BRAM="-1" DSP="-1" FF="0" LUT="38" fileDirectory="D:\Programming\Storage\Class\2024-2025\HW"></item>
<item  id="85" filename="../Embed/convolution2d/convolution2d.cpp" linenumber="35" name="tmp_18_i" contextFuncName="readFromMemory" moduleName="readFromMemory" rtlName="tmp_18_i_fu_353_p2" latency="0" BRAM="-1" DSP="-1" FF="0" LUT="39" fileDirectory="D:\Programming\Storage\Class\2024-2025\HW"></item>
<item  id="86" filename="../Embed/convolution2d/convolution2d.cpp" linenumber="35" name="tmp_20_i" contextFuncName="readFromMemory" moduleName="readFromMemory" rtlName="tmp_20_i_fu_359_p1" latency="0" BRAM="-1" DSP="-1" FF="-1" LUT="-1" fileDirectory="D:\Programming\Storage\Class\2024-2025\HW"></item>
</annotationInfo>
<annotationInfo>
<item  id="53" filename="../Embed/convolution2d/convolution2d.cpp" linenumber="89" name="window_pix" contextFuncName="readWindow" moduleName="readWindow" rtlName="window_pix_U" latency="0" BRAM="-1" DSP="-1" FF="-1" LUT="-1" fileDirectory="D:\Programming\Storage\Class\2024-2025\HW"></item>
<item  id="68" filename="../Embed/convolution2d/convolution2d.cpp" linenumber="74" name="num_iterations" contextFuncName="readWindow" moduleName="readWindow" rtlName="num_iterations_fu_440_p2" latency="0" BRAM="-1" DSP="3" FF="0" LUT="20" fileDirectory="D:\Programming\Storage\Class\2024-2025\HW"></item>
<item  id="69" filename="../Embed/convolution2d/convolution2d.cpp" linenumber="76" name="tmp_37" contextFuncName="readWindow" moduleName="readWindow" rtlName="tmp_37_fu_444_p2" latency="0" BRAM="-1" DSP="-1" FF="-1" LUT="-1" fileDirectory="D:\Programming\Storage\Class\2024-2025\HW"></item>
<item  id="70" filename="../Embed/convolution2d/convolution2d.cpp" linenumber="76" name="bufferSize" contextFuncName="readWindow" moduleName="readWindow" rtlName="bufferSize_fu_449_p2" latency="0" BRAM="-1" DSP="-1" FF="0" LUT="39" fileDirectory="D:\Programming\Storage\Class\2024-2025\HW"></item>
<item  id="71" filename="../Embed/convolution2d/convolution2d.cpp" linenumber="88" name="tmp_7_i" contextFuncName="readWindow" moduleName="readWindow" rtlName="tmp_7_i_fu_455_p2" latency="0" BRAM="-1" DSP="-1" FF="0" LUT="32" fileDirectory="D:\Programming\Storage\Class\2024-2025\HW"></item>
<item  id="75" filename="../Embed/convolution2d/convolution2d.cpp" linenumber="80" name="it_cast_i" contextFuncName="readWindow" moduleName="readWindow" rtlName="it_cast_i_fu_461_p1" latency="0" BRAM="-1" DSP="-1" FF="-1" LUT="-1" fileDirectory="D:\Programming\Storage\Class\2024-2025\HW"></item>
<item  id="76" filename="../Embed/convolution2d/convolution2d.cpp" linenumber="80" name="tmp_8_i" contextFuncName="readWindow" moduleName="readWindow" rtlName="tmp_8_i_fu_465_p2" latency="0" BRAM="-1" DSP="-1" FF="0" LUT="18" fileDirectory="D:\Programming\Storage\Class\2024-2025\HW"></item>
<item  id="77" filename="../Embed/convolution2d/convolution2d.cpp" linenumber="80" name="it" contextFuncName="readWindow" moduleName="readWindow" rtlName="it_fu_470_p2" latency="0" BRAM="-1" DSP="-1" FF="0" LUT="38" fileDirectory="D:\Programming\Storage\Class\2024-2025\HW"></item>
<item  id="83" filename="../Embed/convolution2d/convolution2d.cpp" linenumber="86" name="ptr" contextFuncName="readWindow" moduleName="readWindow" rtlName="convolution2d_sredEe_U16" latency="36" BRAM="-1" DSP="-1" FF="-1" LUT="-1" fileDirectory="D:\Programming\Storage\Class\2024-2025\HW"></item>
<item  id="84" filename="../Embed/convolution2d/convolution2d.cpp" linenumber="86" name="tmp_39" contextFuncName="readWindow" moduleName="readWindow" rtlName="tmp_39_fu_481_p1" latency="0" BRAM="-1" DSP="-1" FF="-1" LUT="-1" fileDirectory="D:\Programming\Storage\Class\2024-2025\HW"></item>
<item  id="189" filename="../Embed/convolution2d/convolution2d.cpp" linenumber="88" name="tmp_1_i" contextFuncName="readWindow" moduleName="readWindow" rtlName="tmp_1_i_fu_655_p2" latency="0" BRAM="-1" DSP="-1" FF="0" LUT="18" fileDirectory="D:\Programming\Storage\Class\2024-2025\HW"></item>
<item  id="195" filename="../Embed/convolution2d/convolution2d.cpp" linenumber="90" name="i_cast8_i" contextFuncName="readWindow" moduleName="readWindow" rtlName="tmp_5_i_fu_675_p10" latency="0" BRAM="-1" DSP="-1" FF="-1" LUT="-1" fileDirectory="D:\Programming\Storage\Class\2024-2025\HW"></item>
<item  id="196" filename="../Embed/convolution2d/convolution2d.cpp" linenumber="90" name="exitcond5_i" contextFuncName="readWindow" moduleName="readWindow" rtlName="exitcond5_i_fu_663_p2" latency="0" BRAM="-1" DSP="-1" FF="0" LUT="8" fileDirectory="D:\Programming\Storage\Class\2024-2025\HW"></item>
<item  id="198" filename="../Embed/convolution2d/convolution2d.cpp" linenumber="90" name="i" contextFuncName="readWindow" moduleName="readWindow" rtlName="i_fu_669_p2" latency="0" BRAM="-1" DSP="-1" FF="0" LUT="10" fileDirectory="D:\Programming\Storage\Class\2024-2025\HW"></item>
<item  id="201" filename="../Embed/convolution2d/convolution2d.cpp" linenumber="92" name="tmp_5_i" contextFuncName="readWindow" moduleName="readWindow" rtlName="tmp_5_i_fu_675_p2" latency="0" BRAM="-1" DSP="3" FF="0" LUT="20" fileDirectory="D:\Programming\Storage\Class\2024-2025\HW"></item>
<item  id="202" filename="../Embed/convolution2d/convolution2d.cpp" linenumber="90" name="tmp_2" contextFuncName="readWindow" moduleName="readWindow" rtlName="tmp_2_fu_684_p3" latency="0" BRAM="-1" DSP="-1" FF="-1" LUT="-1" fileDirectory="D:\Programming\Storage\Class\2024-2025\HW"></item>
<item  id="203" filename="../Embed/convolution2d/convolution2d.cpp" linenumber="92" name="tmp_4_cast" contextFuncName="readWindow" moduleName="readWindow" rtlName="tmp_4_cast_fu_692_p1" latency="0" BRAM="-1" DSP="-1" FF="-1" LUT="-1" fileDirectory="D:\Programming\Storage\Class\2024-2025\HW"></item>
<item  id="204" filename="../Embed/convolution2d/convolution2d.cpp" linenumber="92" name="tmp1" contextFuncName="readWindow" moduleName="readWindow" rtlName="tmp1_fu_696_p2" latency="0" BRAM="-1" DSP="-1" FF="0" LUT="39" fileDirectory="D:\Programming\Storage\Class\2024-2025\HW"></item>
<item  id="208" filename="../Embed/convolution2d/convolution2d.cpp" linenumber="91" name="exitcond_i" contextFuncName="readWindow" moduleName="readWindow" rtlName="exitcond_i_fu_700_p2" latency="0" BRAM="-1" DSP="-1" FF="0" LUT="9" fileDirectory="D:\Programming\Storage\Class\2024-2025\HW"></item>
<item  id="210" filename="../Embed/convolution2d/convolution2d.cpp" linenumber="92" name="j" contextFuncName="readWindow" moduleName="readWindow" rtlName="j_fu_706_p2" latency="0" BRAM="-1" DSP="-1" FF="0" LUT="10" fileDirectory="D:\Programming\Storage\Class\2024-2025\HW"></item>
<item  id="247" filename="../Embed/convolution2d/convolution2d.cpp" linenumber="92" name="tmp36_cast" contextFuncName="readWindow" moduleName="readWindow" rtlName="tmp36_cast_fu_712_p1" latency="0" BRAM="-1" DSP="-1" FF="-1" LUT="-1" fileDirectory="D:\Programming\Storage\Class\2024-2025\HW"></item>
<item  id="248" filename="../Embed/convolution2d/convolution2d.cpp" linenumber="92" name="tmp_10_i" contextFuncName="readWindow" moduleName="readWindow" rtlName="grp_fu_721_p0" latency="0" BRAM="-1" DSP="-1" FF="0" LUT="39" fileDirectory="D:\Programming\Storage\Class\2024-2025\HW"></item>
<item  id="249" filename="../Embed/convolution2d/convolution2d.cpp" linenumber="92" name="index" contextFuncName="readWindow" moduleName="readWindow" rtlName="convolution2d_srefYi_U18" latency="35" BRAM="-1" DSP="-1" FF="-1" LUT="-1" fileDirectory="D:\Programming\Storage\Class\2024-2025\HW"></item>
<item  id="250" filename="../Embed/convolution2d/convolution2d.cpp" linenumber="92" name="tmp_40" contextFuncName="readWindow" moduleName="readWindow" rtlName="tmp_3_fu_840_p35" latency="0" BRAM="-1" DSP="-1" FF="-1" LUT="-1" fileDirectory="D:\Programming\Storage\Class\2024-2025\HW"></item>
<item  id="251" filename="../Embed/convolution2d/convolution2d.cpp" linenumber="92" name="tmp_3" contextFuncName="readWindow" moduleName="readWindow" rtlName="convolution2d_muxg8j_U19" latency="0" BRAM="-1" DSP="-1" FF="-1" LUT="-1" fileDirectory="D:\Programming\Storage\Class\2024-2025\HW"></item>
<item  id="252" filename="../Embed/convolution2d/convolution2d.cpp" linenumber="93" name="tmp_11_i_cast" contextFuncName="readWindow" moduleName="readWindow" rtlName="tmp_11_i_cast_fu_726_p1" latency="0" BRAM="-1" DSP="-1" FF="-1" LUT="-1" fileDirectory="D:\Programming\Storage\Class\2024-2025\HW"></item>
<item  id="253" filename="../Embed/convolution2d/convolution2d.cpp" linenumber="93" name="tmp_5" contextFuncName="readWindow" moduleName="readWindow" rtlName="tmp_5_fu_730_p2" latency="0" BRAM="-1" DSP="-1" FF="0" LUT="13" fileDirectory="D:\Programming\Storage\Class\2024-2025\HW"></item>
<item  id="254" filename="../Embed/convolution2d/convolution2d.cpp" linenumber="93" name="tmp_5_cast" contextFuncName="readWindow" moduleName="readWindow" rtlName="tmp_5_cast_fu_915_p1" latency="0" BRAM="-1" DSP="-1" FF="-1" LUT="-1" fileDirectory="D:\Programming\Storage\Class\2024-2025\HW"></item>
<item  id="261" filename="../Embed/convolution2d/convolution2d.cpp" linenumber="97" name="tmp_2_i" contextFuncName="readWindow" moduleName="readWindow" rtlName="convolution2d_sreeOg_U17" latency="36" BRAM="-1" DSP="-1" FF="-1" LUT="-1" fileDirectory="D:\Programming\Storage\Class\2024-2025\HW"></item>
<item  id="262" filename="../Embed/convolution2d/convolution2d.cpp" linenumber="97" name="tmp_3_i" contextFuncName="readWindow" moduleName="readWindow" rtlName="tmp_3_i_fu_919_p2" latency="0" BRAM="-1" DSP="-1" FF="0" LUT="18" fileDirectory="D:\Programming\Storage\Class\2024-2025\HW"></item>
</annotationInfo>
<annotationInfo>
<item  id="28" filename="../Embed/convolution2d/convolution2d.cpp" linenumber="122" name="tmp_i" contextFuncName="processConvolution2d" moduleName="processConvolution2d" rtlName="tmp_i_fu_221_p2" latency="0" BRAM="-1" DSP="-1" FF="0" LUT="39" fileDirectory="D:\Programming\Storage\Class\2024-2025\HW"></item>
<item  id="29" filename="../Embed/convolution2d/convolution2d.cpp" linenumber="124" name="tmp_i_32" contextFuncName="processConvolution2d" moduleName="processConvolution2d" rtlName="tmp_i_32_fu_227_p2" latency="0" BRAM="-1" DSP="-1" FF="0" LUT="39" fileDirectory="D:\Programming\Storage\Class\2024-2025\HW"></item>
<item  id="33" filename="../Embed/convolution2d/convolution2d.cpp" linenumber="122" name="i_cast_i" contextFuncName="processConvolution2d" moduleName="processConvolution2d" rtlName="i_cast_i_fu_233_p1" latency="0" BRAM="-1" DSP="-1" FF="-1" LUT="-1" fileDirectory="D:\Programming\Storage\Class\2024-2025\HW"></item>
<item  id="34" filename="../Embed/convolution2d/convolution2d.cpp" linenumber="122" name="tmp_21_i" contextFuncName="processConvolution2d" moduleName="processConvolution2d" rtlName="tmp_21_i_fu_237_p2" latency="0" BRAM="-1" DSP="-1" FF="0" LUT="18" fileDirectory="D:\Programming\Storage\Class\2024-2025\HW"></item>
<item  id="35" filename="../Embed/convolution2d/convolution2d.cpp" linenumber="122" name="i" contextFuncName="processConvolution2d" moduleName="processConvolution2d" rtlName="i_fu_242_p2" latency="0" BRAM="-1" DSP="-1" FF="0" LUT="38" fileDirectory="D:\Programming\Storage\Class\2024-2025\HW"></item>
<item  id="43" filename="../Embed/convolution2d/convolution2d.cpp" linenumber="124" name="j_cast_i" contextFuncName="processConvolution2d" moduleName="processConvolution2d" rtlName="j_cast_i_fu_248_p1" latency="0" BRAM="-1" DSP="-1" FF="-1" LUT="-1" fileDirectory="D:\Programming\Storage\Class\2024-2025\HW"></item>
<item  id="44" filename="../Embed/convolution2d/convolution2d.cpp" linenumber="124" name="tmp_22_i" contextFuncName="processConvolution2d" moduleName="processConvolution2d" rtlName="tmp_22_i_fu_252_p2" latency="0" BRAM="-1" DSP="-1" FF="0" LUT="18" fileDirectory="D:\Programming\Storage\Class\2024-2025\HW"></item>
<item  id="45" filename="../Embed/convolution2d/convolution2d.cpp" linenumber="124" name="j" contextFuncName="processConvolution2d" moduleName="processConvolution2d" rtlName="j_fu_257_p2" latency="0" BRAM="-1" DSP="-1" FF="0" LUT="38" fileDirectory="D:\Programming\Storage\Class\2024-2025\HW"></item>
<item  id="61" filename="../Embed/convolution2d/convolution2d.cpp" linenumber="128" name="exitcond3_i" contextFuncName="processConvolution2d" moduleName="processConvolution2d" rtlName="exitcond3_i_fu_287_p2" latency="0" BRAM="-1" DSP="-1" FF="0" LUT="8" fileDirectory="D:\Programming\Storage\Class\2024-2025\HW"></item>
<item  id="63" filename="../Embed/convolution2d/convolution2d.cpp" linenumber="128" name="ik" contextFuncName="processConvolution2d" moduleName="processConvolution2d" rtlName="ik_fu_293_p2" latency="0" BRAM="-1" DSP="-1" FF="0" LUT="10" fileDirectory="D:\Programming\Storage\Class\2024-2025\HW"></item>
<item  id="66" filename="../Embed/convolution2d/convolution2d.cpp" linenumber="128" name="tmp_9" contextFuncName="processConvolution2d" moduleName="processConvolution2d" rtlName="tmp_9_fu_299_p3" latency="0" BRAM="-1" DSP="-1" FF="-1" LUT="-1" fileDirectory="D:\Programming\Storage\Class\2024-2025\HW"></item>
<item  id="67" filename="../Embed/convolution2d/convolution2d.cpp" linenumber="129" name="tmp_10_cast" contextFuncName="processConvolution2d" moduleName="processConvolution2d" rtlName="tmp_10_cast_fu_307_p1" latency="0" BRAM="-1" DSP="-1" FF="-1" LUT="-1" fileDirectory="D:\Programming\Storage\Class\2024-2025\HW"></item>
<item  id="72" filename="../Embed/convolution2d/convolution2d.cpp" linenumber="129" name="exitcond_i" contextFuncName="processConvolution2d" moduleName="processConvolution2d" rtlName="exitcond_i_fu_311_p2" latency="0" BRAM="-1" DSP="-1" FF="0" LUT="9" fileDirectory="D:\Programming\Storage\Class\2024-2025\HW"></item>
<item  id="74" filename="../Embed/convolution2d/convolution2d.cpp" linenumber="129" name="jk" contextFuncName="processConvolution2d" moduleName="processConvolution2d" rtlName="jk_fu_317_p2" latency="0" BRAM="-1" DSP="-1" FF="0" LUT="10" fileDirectory="D:\Programming\Storage\Class\2024-2025\HW"></item>
<item  id="77" filename="../Embed/convolution2d/convolution2d.cpp" linenumber="130" name="tmp_24_i_cast" contextFuncName="processConvolution2d" moduleName="processConvolution2d" rtlName="tmp_24_i_cast_fu_323_p1" latency="0" BRAM="-1" DSP="-1" FF="-1" LUT="-1" fileDirectory="D:\Programming\Storage\Class\2024-2025\HW"></item>
<item  id="78" filename="../Embed/convolution2d/convolution2d.cpp" linenumber="130" name="tmp_s" contextFuncName="processConvolution2d" moduleName="processConvolution2d" rtlName="tmp_s_fu_327_p2" latency="0" BRAM="-1" DSP="-1" FF="0" LUT="13" fileDirectory="D:\Programming\Storage\Class\2024-2025\HW"></item>
<item  id="79" filename="../Embed/convolution2d/convolution2d.cpp" linenumber="130" name="tmp_11_cast" contextFuncName="processConvolution2d" moduleName="processConvolution2d" rtlName="tmp_11_cast_fu_332_p1" latency="0" BRAM="-1" DSP="-1" FF="-1" LUT="-1" fileDirectory="D:\Programming\Storage\Class\2024-2025\HW"></item>
<item  id="81" filename="../Embed/convolution2d/convolution2d.cpp" linenumber="129" name="tmp" contextFuncName="processConvolution2d" moduleName="processConvolution2d" rtlName="tmp_fu_337_p1" latency="0" BRAM="-1" DSP="-1" FF="-1" LUT="-1" fileDirectory="D:\Programming\Storage\Class\2024-2025\HW"></item>
<item  id="82" filename="../Embed/convolution2d/convolution2d.cpp" linenumber="128" name="tmp_34_i" contextFuncName="processConvolution2d" moduleName="processConvolution2d" rtlName="tmp_6_fu_349_p7" latency="0" BRAM="-1" DSP="-1" FF="-1" LUT="-1" fileDirectory="D:\Programming\Storage\Class\2024-2025\HW"></item>
<item  id="83" filename="../Embed/convolution2d/convolution2d.cpp" linenumber="126" name="tmp_6" contextFuncName="processConvolution2d" moduleName="processConvolution2d" rtlName="convolution2d_muxbkb_U36" latency="0" BRAM="-1" DSP="-1" FF="-1" LUT="-1" fileDirectory="D:\Programming\Storage\Class\2024-2025\HW"></item>
<item  id="85" filename="../Embed/convolution2d/convolution2d.cpp" linenumber="130" name="tmp_25_i" contextFuncName="processConvolution2d" moduleName="processConvolution2d" rtlName="tmp_25_i_fu_361_p2" latency="0" BRAM="-1" DSP="3" FF="0" LUT="20" fileDirectory="D:\Programming\Storage\Class\2024-2025\HW"></item>
<item  id="86" filename="../Embed/convolution2d/convolution2d.cpp" linenumber="130" name="sum" contextFuncName="processConvolution2d" moduleName="processConvolution2d" rtlName="sum_fu_365_p2" latency="0" BRAM="-1" DSP="-1" FF="0" LUT="39" fileDirectory="D:\Programming\Storage\Class\2024-2025\HW"></item>
</annotationInfo>
<annotationInfo>
<item  id="10" filename="../Embed/convolution2d/convolution2d.cpp" linenumber="48" name="tmp_i" contextFuncName="writeToMemmory" moduleName="writeToMemmory" rtlName="tmp_i_fu_91_p2" latency="0" BRAM="-1" DSP="-1" FF="0" LUT="39" fileDirectory="D:\Programming\Storage\Class\2024-2025\HW"></item>
<item  id="11" filename="../Embed/convolution2d/convolution2d.cpp" linenumber="48" name="tmp_1_i" contextFuncName="writeToMemmory" moduleName="writeToMemmory" rtlName="tmp_1_i_fu_97_p2" latency="0" BRAM="-1" DSP="-1" FF="0" LUT="39" fileDirectory="D:\Programming\Storage\Class\2024-2025\HW"></item>
<item  id="12" filename="../Embed/convolution2d/convolution2d.cpp" linenumber="48" name="size" contextFuncName="writeToMemmory" moduleName="writeToMemmory" rtlName="size_fu_103_p2" latency="0" BRAM="-1" DSP="3" FF="0" LUT="20" fileDirectory="D:\Programming\Storage\Class\2024-2025\HW"></item>
<item  id="16" filename="../Embed/convolution2d/convolution2d.cpp" linenumber="49" name="i_cast4_i" contextFuncName="writeToMemmory" moduleName="writeToMemmory" rtlName="i_cast4_i_fu_107_p1" latency="0" BRAM="-1" DSP="-1" FF="-1" LUT="-1" fileDirectory="D:\Programming\Storage\Class\2024-2025\HW"></item>
<item  id="17" filename="../Embed/convolution2d/convolution2d.cpp" linenumber="49" name="exitcond_i" contextFuncName="writeToMemmory" moduleName="writeToMemmory" rtlName="exitcond_i_fu_111_p2" latency="0" BRAM="-1" DSP="-1" FF="0" LUT="11" fileDirectory="D:\Programming\Storage\Class\2024-2025\HW"></item>
<item  id="19" filename="../Embed/convolution2d/convolution2d.cpp" linenumber="49" name="i" contextFuncName="writeToMemmory" moduleName="writeToMemmory" rtlName="i_fu_117_p2" latency="0" BRAM="-1" DSP="-1" FF="0" LUT="15" fileDirectory="D:\Programming\Storage\Class\2024-2025\HW"></item>
<item  id="22" filename="../Embed/convolution2d/convolution2d.cpp" linenumber="50" name="tmp_2_i" contextFuncName="writeToMemmory" moduleName="writeToMemmory" rtlName="tmp_2_i_fu_123_p2" latency="0" BRAM="-1" DSP="-1" FF="0" LUT="18" fileDirectory="D:\Programming\Storage\Class\2024-2025\HW"></item>
<item  id="25" filename="../Embed/convolution2d/convolution2d.cpp" linenumber="55" name="tmp_5_i" contextFuncName="writeToMemmory" moduleName="writeToMemmory" rtlName="tmp_5_i_fu_128_p1" latency="0" BRAM="-1" DSP="-1" FF="-1" LUT="-1" fileDirectory="D:\Programming\Storage\Class\2024-2025\HW"></item>
<item  id="31" filename="../Embed/convolution2d/convolution2d.cpp" linenumber="53" name="tmp_4_i" contextFuncName="writeToMemmory" moduleName="writeToMemmory" rtlName="tmp_4_i_fu_133_p1" latency="0" BRAM="-1" DSP="-1" FF="-1" LUT="-1" fileDirectory="D:\Programming\Storage\Class\2024-2025\HW"></item>
</annotationInfo>
<annotationInfo>
<item  id="31" filename="../Embed/convolution2d/convolution2d.cpp" linenumber="168" name="kernel" contextFuncName="convolution2d" moduleName="convolution2d" rtlName="kernel_U" latency="0" BRAM="-1" DSP="-1" FF="-1" LUT="-1" fileDirectory="D:\Programming\Storage\Class\2024-2025\HW"></item>
<item  id="32" filename="../Embed/convolution2d/convolution2d.cpp" linenumber="169" name="image_V" contextFuncName="convolution2d" moduleName="convolution2d" rtlName="image_V_U" latency="0" BRAM="-1" DSP="-1" FF="-1" LUT="-1" fileDirectory="D:\Programming\Storage\Class\2024-2025\HW"></item>
<item  id="35" filename="../Embed/convolution2d/convolution2d.cpp" linenumber="170" name="windows_V_pix_0_0" contextFuncName="convolution2d" moduleName="convolution2d" rtlName="windows_V_pix_0_0_U" latency="0" BRAM="-1" DSP="-1" FF="-1" LUT="-1" fileDirectory="D:\Programming\Storage\Class\2024-2025\HW"></item>
<item  id="38" filename="../Embed/convolution2d/convolution2d.cpp" linenumber="170" name="windows_V_pix_0_1" contextFuncName="convolution2d" moduleName="convolution2d" rtlName="windows_V_pix_0_1_U" latency="0" BRAM="-1" DSP="-1" FF="-1" LUT="-1" fileDirectory="D:\Programming\Storage\Class\2024-2025\HW"></item>
<item  id="41" filename="../Embed/convolution2d/convolution2d.cpp" linenumber="170" name="windows_V_pix_1_0" contextFuncName="convolution2d" moduleName="convolution2d" rtlName="windows_V_pix_1_0_U" latency="0" BRAM="-1" DSP="-1" FF="-1" LUT="-1" fileDirectory="D:\Programming\Storage\Class\2024-2025\HW"></item>
<item  id="44" filename="../Embed/convolution2d/convolution2d.cpp" linenumber="170" name="windows_V_pix_1_1" contextFuncName="convolution2d" moduleName="convolution2d" rtlName="windows_V_pix_1_1_U" latency="0" BRAM="-1" DSP="-1" FF="-1" LUT="-1" fileDirectory="D:\Programming\Storage\Class\2024-2025\HW"></item>
<item  id="47" filename="../Embed/convolution2d/convolution2d.cpp" linenumber="170" name="windows_V_pix_2_0" contextFuncName="convolution2d" moduleName="convolution2d" rtlName="windows_V_pix_2_0_U" latency="0" BRAM="-1" DSP="-1" FF="-1" LUT="-1" fileDirectory="D:\Programming\Storage\Class\2024-2025\HW"></item>
<item  id="50" filename="../Embed/convolution2d/convolution2d.cpp" linenumber="170" name="windows_V_pix_2_1" contextFuncName="convolution2d" moduleName="convolution2d" rtlName="windows_V_pix_2_1_U" latency="0" BRAM="-1" DSP="-1" FF="-1" LUT="-1" fileDirectory="D:\Programming\Storage\Class\2024-2025\HW"></item>
<item  id="53" filename="../Embed/convolution2d/convolution2d.cpp" linenumber="171" name="out_image_V" contextFuncName="convolution2d" moduleName="convolution2d" rtlName="out_image_V_U" latency="0" BRAM="-1" DSP="-1" FF="-1" LUT="-1" fileDirectory="D:\Programming\Storage\Class\2024-2025\HW"></item>
<item  id="60" filename="../Embed/convolution2d/convolution2d.cpp" linenumber="175" name="" contextFuncName="convolution2d" moduleName="convolution2d" rtlName="readFromMemory_U0" latency="1" BRAM="-1" DSP="-1" FF="-1" LUT="-1" fileDirectory="D:\Programming\Storage\Class\2024-2025\HW"></item>
<item  id="65" filename="../Embed/convolution2d/convolution2d.cpp" linenumber="182" name="" contextFuncName="convolution2d" moduleName="convolution2d" rtlName="readWindow_U0" latency="1" BRAM="-1" DSP="-1" FF="-1" LUT="-1" fileDirectory="D:\Programming\Storage\Class\2024-2025\HW"></item>
<item  id="70" filename="../Embed/convolution2d/convolution2d.cpp" linenumber="190" name="" contextFuncName="convolution2d" moduleName="convolution2d" rtlName="processConvolution2d_U0" latency="1" BRAM="-1" DSP="-1" FF="-1" LUT="-1" fileDirectory="D:\Programming\Storage\Class\2024-2025\HW"></item>
<item  id="71" filename="../Embed/convolution2d/convolution2d.cpp" linenumber="198" name="" contextFuncName="convolution2d" moduleName="convolution2d" rtlName="writeToMemmory_U0" latency="1" BRAM="-1" DSP="-1" FF="-1" LUT="-1" fileDirectory="D:\Programming\Storage\Class\2024-2025\HW"></item>
</annotationInfo>
</annotationInfo>
