<stg><name>processConvolution2d</name>


<trans_list>

<trans id="84" from="1" to="2">
<condition id="25">
<or_exp><and_exp></and_exp></or_exp>
</condition>
</trans>

<trans id="85" from="2" to="3">
<condition id="27">
<or_exp><and_exp><literal name="tmp_21_i" val="1"/>
</and_exp></or_exp>
</condition>
</trans>

<trans id="86" from="3" to="4">
<condition id="29">
<or_exp><and_exp><literal name="tmp_22_i" val="1"/>
</and_exp></or_exp>
</condition>
</trans>

<trans id="95" from="3" to="2">
<condition id="43">
<or_exp><and_exp><literal name="tmp_22_i" val="0"/>
</and_exp></or_exp>
</condition>
</trans>

<trans id="87" from="4" to="5">
<condition id="31">
<or_exp><and_exp><literal name="exitcond3_i" val="0"/>
</and_exp></or_exp>
</condition>
</trans>

<trans id="94" from="4" to="3">
<condition id="41">
<or_exp><and_exp><literal name="exitcond3_i" val="1"/>
</and_exp></or_exp>
</condition>
</trans>

<trans id="88" from="5" to="6">
<condition id="32">
<or_exp><and_exp><literal name="exitcond_i" val="0"/>
</and_exp></or_exp>
</condition>
</trans>

<trans id="93" from="5" to="4">
<condition id="39">
<or_exp><and_exp><literal name="exitcond_i" val="1"/>
</and_exp></or_exp>
</condition>
</trans>

<trans id="90" from="6" to="7">
<condition id="34">
<or_exp><and_exp></and_exp></or_exp>
</condition>
</trans>

<trans id="91" from="7" to="8">
<condition id="35">
<or_exp><and_exp></and_exp></or_exp>
</condition>
</trans>

<trans id="92" from="8" to="5">
<condition id="37">
<or_exp><and_exp></and_exp></or_exp>
</condition>
</trans>
</trans_list>



<state_list>

<state id="1" st_id="1">

<operation id="9" st_id="1" stage="1" lat="1">
<core>NULL</core>
<MemPortIdVec></MemPortIdVec>
<condition id="0">
<or_exp><and_exp></and_exp></or_exp>
</condition>

<Node id="13" bw="32" op_0_bw="32" op_1_bw="32" op_2_bw="0" op_3_bw="32" op_4_bw="32" op_5_bw="0" op_6_bw="32" op_7_bw="32" op_8_bw="0" op_9_bw="0" op_10_bw="0" op_11_bw="32" op_12_bw="32" op_13_bw="32" op_14_bw="32" op_15_bw="0" op_16_bw="0">
<![CDATA[
entry:0  %empty = call i32 (...)* @_ssdm_op_SpecInterface(i32* %out_image_V, [8 x i8]* @ap_fifo_str, i32 0, i32 0, [1 x i8]* @p_str, i32 0, i32 0, [1 x i8]* @p_str, [1 x i8]* @p_str, [1 x i8]* @p_str, i32 2, i32 2, i32 16, i32 16, [1 x i8]* @p_str, [1 x i8]* @p_str)

]]></Node>
<StgValue><ssdm name="empty"/></StgValue>
</operation>

<operation id="10" st_id="1" stage="1" lat="1">
<core>NULL</core>
<MemPortIdVec></MemPortIdVec>
<condition id="0">
<or_exp><and_exp></and_exp></or_exp>
</condition>

<Node id="14" bw="32" op_0_bw="32" op_1_bw="32" op_2_bw="0" op_3_bw="32" op_4_bw="32" op_5_bw="0" op_6_bw="32" op_7_bw="32" op_8_bw="0" op_9_bw="0" op_10_bw="0" op_11_bw="32" op_12_bw="32" op_13_bw="32" op_14_bw="32" op_15_bw="0" op_16_bw="0">
<![CDATA[
entry:1  %empty_22 = call i32 (...)* @_ssdm_op_SpecInterface(i32* %windows_V_pix_2_1, [8 x i8]* @ap_fifo_str, i32 0, i32 0, [1 x i8]* @p_str, i32 0, i32 0, [1 x i8]* @p_str, [1 x i8]* @p_str, [1 x i8]* @p_str, i32 2, i32 2, i32 16, i32 16, [1 x i8]* @p_str, [1 x i8]* @p_str)

]]></Node>
<StgValue><ssdm name="empty_22"/></StgValue>
</operation>

<operation id="11" st_id="1" stage="1" lat="1">
<core>NULL</core>
<MemPortIdVec></MemPortIdVec>
<condition id="0">
<or_exp><and_exp></and_exp></or_exp>
</condition>

<Node id="15" bw="32" op_0_bw="32" op_1_bw="32" op_2_bw="0" op_3_bw="32" op_4_bw="32" op_5_bw="0" op_6_bw="32" op_7_bw="32" op_8_bw="0" op_9_bw="0" op_10_bw="0" op_11_bw="32" op_12_bw="32" op_13_bw="32" op_14_bw="32" op_15_bw="0" op_16_bw="0">
<![CDATA[
entry:2  %empty_23 = call i32 (...)* @_ssdm_op_SpecInterface(i32* %windows_V_pix_2_0, [8 x i8]* @ap_fifo_str, i32 0, i32 0, [1 x i8]* @p_str, i32 0, i32 0, [1 x i8]* @p_str, [1 x i8]* @p_str, [1 x i8]* @p_str, i32 2, i32 2, i32 16, i32 16, [1 x i8]* @p_str, [1 x i8]* @p_str)

]]></Node>
<StgValue><ssdm name="empty_23"/></StgValue>
</operation>

<operation id="12" st_id="1" stage="1" lat="1">
<core>NULL</core>
<MemPortIdVec></MemPortIdVec>
<condition id="0">
<or_exp><and_exp></and_exp></or_exp>
</condition>

<Node id="16" bw="32" op_0_bw="32" op_1_bw="32" op_2_bw="0" op_3_bw="32" op_4_bw="32" op_5_bw="0" op_6_bw="32" op_7_bw="32" op_8_bw="0" op_9_bw="0" op_10_bw="0" op_11_bw="32" op_12_bw="32" op_13_bw="32" op_14_bw="32" op_15_bw="0" op_16_bw="0">
<![CDATA[
entry:3  %empty_24 = call i32 (...)* @_ssdm_op_SpecInterface(i32* %windows_V_pix_1_1, [8 x i8]* @ap_fifo_str, i32 0, i32 0, [1 x i8]* @p_str, i32 0, i32 0, [1 x i8]* @p_str, [1 x i8]* @p_str, [1 x i8]* @p_str, i32 2, i32 2, i32 16, i32 16, [1 x i8]* @p_str, [1 x i8]* @p_str)

]]></Node>
<StgValue><ssdm name="empty_24"/></StgValue>
</operation>

<operation id="13" st_id="1" stage="1" lat="1">
<core>NULL</core>
<MemPortIdVec></MemPortIdVec>
<condition id="0">
<or_exp><and_exp></and_exp></or_exp>
</condition>

<Node id="17" bw="32" op_0_bw="32" op_1_bw="32" op_2_bw="0" op_3_bw="32" op_4_bw="32" op_5_bw="0" op_6_bw="32" op_7_bw="32" op_8_bw="0" op_9_bw="0" op_10_bw="0" op_11_bw="32" op_12_bw="32" op_13_bw="32" op_14_bw="32" op_15_bw="0" op_16_bw="0">
<![CDATA[
entry:4  %empty_25 = call i32 (...)* @_ssdm_op_SpecInterface(i32* %windows_V_pix_1_0, [8 x i8]* @ap_fifo_str, i32 0, i32 0, [1 x i8]* @p_str, i32 0, i32 0, [1 x i8]* @p_str, [1 x i8]* @p_str, [1 x i8]* @p_str, i32 2, i32 2, i32 16, i32 16, [1 x i8]* @p_str, [1 x i8]* @p_str)

]]></Node>
<StgValue><ssdm name="empty_25"/></StgValue>
</operation>

<operation id="14" st_id="1" stage="1" lat="1">
<core>NULL</core>
<MemPortIdVec></MemPortIdVec>
<condition id="0">
<or_exp><and_exp></and_exp></or_exp>
</condition>

<Node id="18" bw="32" op_0_bw="32" op_1_bw="32" op_2_bw="0" op_3_bw="32" op_4_bw="32" op_5_bw="0" op_6_bw="32" op_7_bw="32" op_8_bw="0" op_9_bw="0" op_10_bw="0" op_11_bw="32" op_12_bw="32" op_13_bw="32" op_14_bw="32" op_15_bw="0" op_16_bw="0">
<![CDATA[
entry:5  %empty_26 = call i32 (...)* @_ssdm_op_SpecInterface(i32* %windows_V_pix_0_1, [8 x i8]* @ap_fifo_str, i32 0, i32 0, [1 x i8]* @p_str, i32 0, i32 0, [1 x i8]* @p_str, [1 x i8]* @p_str, [1 x i8]* @p_str, i32 2, i32 2, i32 16, i32 16, [1 x i8]* @p_str, [1 x i8]* @p_str)

]]></Node>
<StgValue><ssdm name="empty_26"/></StgValue>
</operation>

<operation id="15" st_id="1" stage="1" lat="1">
<core>NULL</core>
<MemPortIdVec></MemPortIdVec>
<condition id="0">
<or_exp><and_exp></and_exp></or_exp>
</condition>

<Node id="19" bw="32" op_0_bw="32" op_1_bw="32" op_2_bw="0" op_3_bw="32" op_4_bw="32" op_5_bw="0" op_6_bw="32" op_7_bw="32" op_8_bw="0" op_9_bw="0" op_10_bw="0" op_11_bw="32" op_12_bw="32" op_13_bw="32" op_14_bw="32" op_15_bw="0" op_16_bw="0">
<![CDATA[
entry:6  %empty_27 = call i32 (...)* @_ssdm_op_SpecInterface(i32* %windows_V_pix_0_0, [8 x i8]* @ap_fifo_str, i32 0, i32 0, [1 x i8]* @p_str, i32 0, i32 0, [1 x i8]* @p_str, [1 x i8]* @p_str, [1 x i8]* @p_str, i32 2, i32 2, i32 16, i32 16, [1 x i8]* @p_str, [1 x i8]* @p_str)

]]></Node>
<StgValue><ssdm name="empty_27"/></StgValue>
</operation>

<operation id="16" st_id="1" stage="1" lat="1">
<core>NULL</core>
<MemPortIdVec></MemPortIdVec>
<condition id="0">
<or_exp><and_exp></and_exp></or_exp>
</condition>

<Node id="20" bw="32" op_0_bw="32" op_1_bw="32" op_2_bw="0" op_3_bw="32" op_4_bw="32" op_5_bw="0" op_6_bw="32" op_7_bw="32" op_8_bw="0" op_9_bw="0" op_10_bw="0" op_11_bw="32" op_12_bw="32" op_13_bw="32" op_14_bw="32" op_15_bw="0" op_16_bw="0">
<![CDATA[
entry:7  %empty_28 = call i32 (...)* @_ssdm_op_SpecInterface(i32* %height, [8 x i8]* @ap_fifo_str, i32 0, i32 0, [1 x i8]* @p_str, i32 0, i32 0, [1 x i8]* @p_str, [1 x i8]* @p_str, [1 x i8]* @p_str, i32 2, i32 2, i32 16, i32 16, [1 x i8]* @p_str, [1 x i8]* @p_str)

]]></Node>
<StgValue><ssdm name="empty_28"/></StgValue>
</operation>

<operation id="17" st_id="1" stage="1" lat="1">
<core>NULL</core>
<MemPortIdVec></MemPortIdVec>
<condition id="0">
<or_exp><and_exp></and_exp></or_exp>
</condition>

<Node id="21" bw="32" op_0_bw="32" op_1_bw="32" op_2_bw="0" op_3_bw="32" op_4_bw="32" op_5_bw="0" op_6_bw="32" op_7_bw="32" op_8_bw="0" op_9_bw="0" op_10_bw="0" op_11_bw="32" op_12_bw="32" op_13_bw="32" op_14_bw="32" op_15_bw="0" op_16_bw="0">
<![CDATA[
entry:8  %empty_29 = call i32 (...)* @_ssdm_op_SpecInterface(i32* %width, [8 x i8]* @ap_fifo_str, i32 0, i32 0, [1 x i8]* @p_str, i32 0, i32 0, [1 x i8]* @p_str, [1 x i8]* @p_str, [1 x i8]* @p_str, i32 2, i32 2, i32 16, i32 16, [1 x i8]* @p_str, [1 x i8]* @p_str)

]]></Node>
<StgValue><ssdm name="empty_29"/></StgValue>
</operation>

<operation id="18" st_id="1" stage="1" lat="1">
<core>FIFO</core>
<MemPortIdVec></MemPortIdVec>
<condition id="0">
<or_exp><and_exp></and_exp></or_exp>
</condition>

<Node id="22" bw="32" op_0_bw="32" op_1_bw="32">
<![CDATA[
entry:9  %width_read = call i32 @_ssdm_op_Read.ap_fifo.i32P(i32* %width)

]]></Node>
<StgValue><ssdm name="width_read"/></StgValue>
</operation>

<operation id="19" st_id="1" stage="1" lat="1">
<core>FIFO</core>
<MemPortIdVec></MemPortIdVec>
<condition id="0">
<or_exp><and_exp></and_exp></or_exp>
</condition>

<Node id="23" bw="32" op_0_bw="32" op_1_bw="32">
<![CDATA[
entry:10  %height_read = call i32 @_ssdm_op_Read.ap_fifo.i32P(i32* %height)

]]></Node>
<StgValue><ssdm name="height_read"/></StgValue>
</operation>

<operation id="20" st_id="1" stage="1" lat="1">
<core>NULL</core>
<MemPortIdVec></MemPortIdVec>
<condition id="0">
<or_exp><and_exp></and_exp></or_exp>
</condition>

<Node id="24" bw="32" op_0_bw="32" op_1_bw="32" op_2_bw="0" op_3_bw="32" op_4_bw="32" op_5_bw="0" op_6_bw="32" op_7_bw="32" op_8_bw="0" op_9_bw="0" op_10_bw="0" op_11_bw="32" op_12_bw="32" op_13_bw="32" op_14_bw="32" op_15_bw="0" op_16_bw="0">
<![CDATA[
entry:11  %empty_30 = call i32 (...)* @_ssdm_op_SpecInterface(i32* %width_out, [8 x i8]* @ap_fifo_str, i32 0, i32 0, [1 x i8]* @p_str, i32 0, i32 0, [1 x i8]* @p_str, [1 x i8]* @p_str, [1 x i8]* @p_str, i32 2, i32 2, i32 16, i32 16, [1 x i8]* @p_str, [1 x i8]* @p_str)

]]></Node>
<StgValue><ssdm name="empty_30"/></StgValue>
</operation>

<operation id="21" st_id="1" stage="1" lat="1">
<core>FIFO</core>
<MemPortIdVec></MemPortIdVec>
<condition id="0">
<or_exp><and_exp></and_exp></or_exp>
</condition>

<Node id="25" bw="0" op_0_bw="0" op_1_bw="32" op_2_bw="32">
<![CDATA[
entry:12  call void @_ssdm_op_Write.ap_fifo.i32P(i32* %width_out, i32 %width_read)

]]></Node>
<StgValue><ssdm name=""/></StgValue>
</operation>

<operation id="22" st_id="1" stage="1" lat="1">
<core>NULL</core>
<MemPortIdVec></MemPortIdVec>
<condition id="0">
<or_exp><and_exp></and_exp></or_exp>
</condition>

<Node id="26" bw="32" op_0_bw="32" op_1_bw="32" op_2_bw="0" op_3_bw="32" op_4_bw="32" op_5_bw="0" op_6_bw="32" op_7_bw="32" op_8_bw="0" op_9_bw="0" op_10_bw="0" op_11_bw="32" op_12_bw="32" op_13_bw="32" op_14_bw="32" op_15_bw="0" op_16_bw="0">
<![CDATA[
entry:13  %empty_31 = call i32 (...)* @_ssdm_op_SpecInterface(i32* %height_out, [8 x i8]* @ap_fifo_str, i32 0, i32 0, [1 x i8]* @p_str, i32 0, i32 0, [1 x i8]* @p_str, [1 x i8]* @p_str, [1 x i8]* @p_str, i32 2, i32 2, i32 16, i32 16, [1 x i8]* @p_str, [1 x i8]* @p_str)

]]></Node>
<StgValue><ssdm name="empty_31"/></StgValue>
</operation>

<operation id="23" st_id="1" stage="1" lat="1">
<core>FIFO</core>
<MemPortIdVec></MemPortIdVec>
<condition id="0">
<or_exp><and_exp></and_exp></or_exp>
</condition>

<Node id="27" bw="0" op_0_bw="0" op_1_bw="32" op_2_bw="32">
<![CDATA[
entry:14  call void @_ssdm_op_Write.ap_fifo.i32P(i32* %height_out, i32 %height_read)

]]></Node>
<StgValue><ssdm name=""/></StgValue>
</operation>

<operation id="24" st_id="1" stage="1" lat="1">
<core>AddSub</core>
<MemPortIdVec></MemPortIdVec>
<condition id="0">
<or_exp><and_exp></and_exp></or_exp>
</condition>

<Node id="28" bw="32" op_0_bw="32" op_1_bw="32">
<![CDATA[
entry:15  %tmp_i = add nsw i32 %height_read, -2

]]></Node>
<StgValue><ssdm name="tmp_i"/></StgValue>
</operation>

<operation id="25" st_id="1" stage="1" lat="1">
<core>AddSub</core>
<MemPortIdVec></MemPortIdVec>
<condition id="0">
<or_exp><and_exp></and_exp></or_exp>
</condition>

<Node id="29" bw="32" op_0_bw="32" op_1_bw="32">
<![CDATA[
entry:16  %tmp_i_32 = add nsw i32 %width_read, -1

]]></Node>
<StgValue><ssdm name="tmp_i_32"/></StgValue>
</operation>

<operation id="26" st_id="1" stage="1" lat="1">
<core>NULL</core>
<MemPortIdVec></MemPortIdVec>
<condition id="0">
<or_exp><and_exp></and_exp></or_exp>
</condition>

<Node id="30" bw="0" op_0_bw="0">
<![CDATA[
entry:17  br label %0

]]></Node>
<StgValue><ssdm name=""/></StgValue>
</operation>
</state>

<state id="2" st_id="2">

<operation id="27" st_id="2" stage="1" lat="1">
<core>NULL</core>
<MemPortIdVec></MemPortIdVec>
<condition id="1">
<or_exp><and_exp></and_exp></or_exp>
</condition>

<Node id="32" bw="31" op_0_bw="31" op_1_bw="0">
<![CDATA[
:0  %i_i = phi i31 [ 0, %entry ], [ %i, %6 ]

]]></Node>
<StgValue><ssdm name="i_i"/></StgValue>
</operation>

<operation id="28" st_id="2" stage="1" lat="1">
<core>NULL</core>
<MemPortIdVec></MemPortIdVec>
<condition id="1">
<or_exp><and_exp></and_exp></or_exp>
</condition>

<Node id="33" bw="32" op_0_bw="31">
<![CDATA[
:1  %i_cast_i = zext i31 %i_i to i32

]]></Node>
<StgValue><ssdm name="i_cast_i"/></StgValue>
</operation>

<operation id="29" st_id="2" stage="1" lat="1">
<core>Cmp</core>
<MemPortIdVec></MemPortIdVec>
<condition id="1">
<or_exp><and_exp></and_exp></or_exp>
</condition>

<Node id="34" bw="1" op_0_bw="32" op_1_bw="32">
<![CDATA[
:2  %tmp_21_i = icmp slt i32 %i_cast_i, %tmp_i

]]></Node>
<StgValue><ssdm name="tmp_21_i"/></StgValue>
</operation>

<operation id="30" st_id="2" stage="1" lat="1">
<core>AddSub</core>
<MemPortIdVec></MemPortIdVec>
<condition id="1">
<or_exp><and_exp></and_exp></or_exp>
</condition>

<Node id="35" bw="31" op_0_bw="31" op_1_bw="31">
<![CDATA[
:3  %i = add i31 %i_i, 1

]]></Node>
<StgValue><ssdm name="i"/></StgValue>
</operation>

<operation id="31" st_id="2" stage="1" lat="1">
<core>NULL</core>
<MemPortIdVec></MemPortIdVec>
<condition id="1">
<or_exp><and_exp></and_exp></or_exp>
</condition>

<Node id="36" bw="0" op_0_bw="1" op_1_bw="0" op_2_bw="0">
<![CDATA[
:4  br i1 %tmp_21_i, label %1, label %.exit

]]></Node>
<StgValue><ssdm name=""/></StgValue>
</operation>

<operation id="32" st_id="2" stage="1" lat="1">
<core>NULL</core>
<MemPortIdVec></MemPortIdVec>
<condition id="3">
<or_exp><and_exp><literal name="tmp_21_i" val="1"/>
</and_exp></or_exp>
</condition>

<Node id="38" bw="32" op_0_bw="32" op_1_bw="0">
<![CDATA[
:0  %tmp_28_i = call i32 (...)* @_ssdm_op_SpecRegionBegin([12 x i8]* @p_str13)

]]></Node>
<StgValue><ssdm name="tmp_28_i"/></StgValue>
</operation>

<operation id="33" st_id="2" stage="1" lat="1">
<core>NULL</core>
<MemPortIdVec></MemPortIdVec>
<condition id="3">
<or_exp><and_exp><literal name="tmp_21_i" val="1"/>
</and_exp></or_exp>
</condition>

<Node id="39" bw="0" op_0_bw="0" op_1_bw="32" op_2_bw="32" op_3_bw="32" op_4_bw="0">
<![CDATA[
:1  call void (...)* @_ssdm_op_SpecLoopTripCount(i32 0, i32 14, i32 0, [1 x i8]* @p_str4) nounwind

]]></Node>
<StgValue><ssdm name=""/></StgValue>
</operation>

<operation id="34" st_id="2" stage="1" lat="1">
<core>NULL</core>
<MemPortIdVec></MemPortIdVec>
<condition id="3">
<or_exp><and_exp><literal name="tmp_21_i" val="1"/>
</and_exp></or_exp>
</condition>

<Node id="40" bw="0" op_0_bw="0">
<![CDATA[
:2  br label %2

]]></Node>
<StgValue><ssdm name=""/></StgValue>
</operation>

<operation id="35" st_id="2" stage="1" lat="1">
<core>NULL</core>
<MemPortIdVec></MemPortIdVec>
<condition id="5">
<or_exp><and_exp><literal name="tmp_21_i" val="0"/>
</and_exp></or_exp>
</condition>

<Node id="98" bw="0">
<![CDATA[
.exit:0  ret void

]]></Node>
<StgValue><ssdm name=""/></StgValue>
</operation>
</state>

<state id="3" st_id="3">

<operation id="36" st_id="3" stage="1" lat="1">
<core>NULL</core>
<MemPortIdVec></MemPortIdVec>
<condition id="6">
<or_exp><and_exp></and_exp></or_exp>
</condition>

<Node id="42" bw="31" op_0_bw="31" op_1_bw="0">
<![CDATA[
:0  %j_i = phi i31 [ 0, %1 ], [ %j, %5 ]

]]></Node>
<StgValue><ssdm name="j_i"/></StgValue>
</operation>

<operation id="37" st_id="3" stage="1" lat="1">
<core>NULL</core>
<MemPortIdVec></MemPortIdVec>
<condition id="6">
<or_exp><and_exp></and_exp></or_exp>
</condition>

<Node id="43" bw="32" op_0_bw="31">
<![CDATA[
:1  %j_cast_i = zext i31 %j_i to i32

]]></Node>
<StgValue><ssdm name="j_cast_i"/></StgValue>
</operation>

<operation id="38" st_id="3" stage="1" lat="1">
<core>Cmp</core>
<MemPortIdVec></MemPortIdVec>
<condition id="6">
<or_exp><and_exp></and_exp></or_exp>
</condition>

<Node id="44" bw="1" op_0_bw="32" op_1_bw="32">
<![CDATA[
:2  %tmp_22_i = icmp slt i32 %j_cast_i, %tmp_i_32

]]></Node>
<StgValue><ssdm name="tmp_22_i"/></StgValue>
</operation>

<operation id="39" st_id="3" stage="1" lat="1">
<core>AddSub</core>
<MemPortIdVec></MemPortIdVec>
<condition id="6">
<or_exp><and_exp></and_exp></or_exp>
</condition>

<Node id="45" bw="31" op_0_bw="31" op_1_bw="31">
<![CDATA[
:3  %j = add i31 %j_i, 1

]]></Node>
<StgValue><ssdm name="j"/></StgValue>
</operation>

<operation id="40" st_id="3" stage="1" lat="1">
<core>NULL</core>
<MemPortIdVec></MemPortIdVec>
<condition id="6">
<or_exp><and_exp></and_exp></or_exp>
</condition>

<Node id="46" bw="0" op_0_bw="1" op_1_bw="0" op_2_bw="0">
<![CDATA[
:4  br i1 %tmp_22_i, label %3, label %6

]]></Node>
<StgValue><ssdm name=""/></StgValue>
</operation>

<operation id="41" st_id="3" stage="1" lat="1">
<core>NULL</core>
<MemPortIdVec></MemPortIdVec>
<condition id="8">
<or_exp><and_exp><literal name="tmp_22_i" val="1"/>
</and_exp></or_exp>
</condition>

<Node id="48" bw="32" op_0_bw="32" op_1_bw="0">
<![CDATA[
:0  %tmp_29_i = call i32 (...)* @_ssdm_op_SpecRegionBegin([12 x i8]* @p_str14)

]]></Node>
<StgValue><ssdm name="tmp_29_i"/></StgValue>
</operation>

<operation id="42" st_id="3" stage="1" lat="1">
<core>NULL</core>
<MemPortIdVec></MemPortIdVec>
<condition id="8">
<or_exp><and_exp><literal name="tmp_22_i" val="1"/>
</and_exp></or_exp>
</condition>

<Node id="49" bw="0" op_0_bw="0" op_1_bw="32" op_2_bw="32" op_3_bw="32" op_4_bw="0">
<![CDATA[
:1  call void (...)* @_ssdm_op_SpecLoopTripCount(i32 0, i32 15, i32 0, [1 x i8]* @p_str4) nounwind

]]></Node>
<StgValue><ssdm name=""/></StgValue>
</operation>

<operation id="43" st_id="3" stage="1" lat="1">
<core>FIFO</core>
<MemPortIdVec></MemPortIdVec>
<condition id="8">
<or_exp><and_exp><literal name="tmp_22_i" val="1"/>
</and_exp></or_exp>
</condition>

<Node id="50" bw="192" op_0_bw="192" op_1_bw="32" op_2_bw="32" op_3_bw="32" op_4_bw="32" op_5_bw="32" op_6_bw="32">
<![CDATA[
:2  %empty_33 = call { i32, i32, i32, i32, i32, i32 } @_ssdm_op_Read.ap_fifo.volatile.i32P.i32P.i32P.i32P.i32P.i32P(i32* %windows_V_pix_0_0, i32* %windows_V_pix_0_1, i32* %windows_V_pix_1_0, i32* %windows_V_pix_1_1, i32* %windows_V_pix_2_0, i32* %windows_V_pix_2_1)

]]></Node>
<StgValue><ssdm name="empty_33"/></StgValue>
</operation>

<operation id="44" st_id="3" stage="1" lat="1">
<core>NULL</core>
<MemPortIdVec></MemPortIdVec>
<condition id="8">
<or_exp><and_exp><literal name="tmp_22_i" val="1"/>
</and_exp></or_exp>
</condition>

<Node id="51" bw="32" op_0_bw="192">
<![CDATA[
:3  %tmp_pix_0_0_i = extractvalue { i32, i32, i32, i32, i32, i32 } %empty_33, 0

]]></Node>
<StgValue><ssdm name="tmp_pix_0_0_i"/></StgValue>
</operation>

<operation id="45" st_id="3" stage="1" lat="1">
<core>NULL</core>
<MemPortIdVec></MemPortIdVec>
<condition id="8">
<or_exp><and_exp><literal name="tmp_22_i" val="1"/>
</and_exp></or_exp>
</condition>

<Node id="52" bw="32" op_0_bw="192">
<![CDATA[
:4  %tmp_pix_0_1_i = extractvalue { i32, i32, i32, i32, i32, i32 } %empty_33, 1

]]></Node>
<StgValue><ssdm name="tmp_pix_0_1_i"/></StgValue>
</operation>

<operation id="46" st_id="3" stage="1" lat="1">
<core>NULL</core>
<MemPortIdVec></MemPortIdVec>
<condition id="8">
<or_exp><and_exp><literal name="tmp_22_i" val="1"/>
</and_exp></or_exp>
</condition>

<Node id="53" bw="32" op_0_bw="192">
<![CDATA[
:5  %tmp_pix_1_0_i = extractvalue { i32, i32, i32, i32, i32, i32 } %empty_33, 2

]]></Node>
<StgValue><ssdm name="tmp_pix_1_0_i"/></StgValue>
</operation>

<operation id="47" st_id="3" stage="1" lat="1">
<core>NULL</core>
<MemPortIdVec></MemPortIdVec>
<condition id="8">
<or_exp><and_exp><literal name="tmp_22_i" val="1"/>
</and_exp></or_exp>
</condition>

<Node id="54" bw="32" op_0_bw="192">
<![CDATA[
:6  %tmp_pix_1_1_i = extractvalue { i32, i32, i32, i32, i32, i32 } %empty_33, 3

]]></Node>
<StgValue><ssdm name="tmp_pix_1_1_i"/></StgValue>
</operation>

<operation id="48" st_id="3" stage="1" lat="1">
<core>NULL</core>
<MemPortIdVec></MemPortIdVec>
<condition id="8">
<or_exp><and_exp><literal name="tmp_22_i" val="1"/>
</and_exp></or_exp>
</condition>

<Node id="55" bw="32" op_0_bw="192">
<![CDATA[
:7  %tmp_pix_2_0_i = extractvalue { i32, i32, i32, i32, i32, i32 } %empty_33, 4

]]></Node>
<StgValue><ssdm name="tmp_pix_2_0_i"/></StgValue>
</operation>

<operation id="49" st_id="3" stage="1" lat="1">
<core>NULL</core>
<MemPortIdVec></MemPortIdVec>
<condition id="8">
<or_exp><and_exp><literal name="tmp_22_i" val="1"/>
</and_exp></or_exp>
</condition>

<Node id="56" bw="32" op_0_bw="192">
<![CDATA[
:8  %tmp_pix_2_1_i = extractvalue { i32, i32, i32, i32, i32, i32 } %empty_33, 5

]]></Node>
<StgValue><ssdm name="tmp_pix_2_1_i"/></StgValue>
</operation>

<operation id="50" st_id="3" stage="1" lat="1">
<core>NULL</core>
<MemPortIdVec></MemPortIdVec>
<condition id="8">
<or_exp><and_exp><literal name="tmp_22_i" val="1"/>
</and_exp></or_exp>
</condition>

<Node id="57" bw="0" op_0_bw="0">
<![CDATA[
:9  br label %.loopexit

]]></Node>
<StgValue><ssdm name=""/></StgValue>
</operation>

<operation id="51" st_id="3" stage="1" lat="1">
<core>NULL</core>
<MemPortIdVec></MemPortIdVec>
<condition id="10">
<or_exp><and_exp><literal name="tmp_22_i" val="0"/>
</and_exp></or_exp>
</condition>

<Node id="95" bw="32" op_0_bw="32" op_1_bw="0" op_2_bw="32">
<![CDATA[
:0  %empty_35 = call i32 (...)* @_ssdm_op_SpecRegionEnd([12 x i8]* @p_str13, i32 %tmp_28_i)

]]></Node>
<StgValue><ssdm name="empty_35"/></StgValue>
</operation>

<operation id="52" st_id="3" stage="1" lat="1">
<core>NULL</core>
<MemPortIdVec></MemPortIdVec>
<condition id="10">
<or_exp><and_exp><literal name="tmp_22_i" val="0"/>
</and_exp></or_exp>
</condition>

<Node id="96" bw="0" op_0_bw="0">
<![CDATA[
:1  br label %0

]]></Node>
<StgValue><ssdm name=""/></StgValue>
</operation>
</state>

<state id="4" st_id="4">

<operation id="53" st_id="4" stage="1" lat="1">
<core>NULL</core>
<MemPortIdVec></MemPortIdVec>
<condition id="11">
<or_exp><and_exp></and_exp></or_exp>
</condition>

<Node id="59" bw="32" op_0_bw="32" op_1_bw="0">
<![CDATA[
.loopexit:0  %tmp_3 = phi i32 [ 0, %3 ], [ %p_01_1_i, %.loopexit.loopexit ]

]]></Node>
<StgValue><ssdm name="tmp_3"/></StgValue>
</operation>

<operation id="54" st_id="4" stage="1" lat="1">
<core>NULL</core>
<MemPortIdVec></MemPortIdVec>
<condition id="11">
<or_exp><and_exp></and_exp></or_exp>
</condition>

<Node id="60" bw="2" op_0_bw="2" op_1_bw="0">
<![CDATA[
.loopexit:1  %ik_i = phi i2 [ 0, %3 ], [ %ik, %.loopexit.loopexit ]

]]></Node>
<StgValue><ssdm name="ik_i"/></StgValue>
</operation>

<operation id="55" st_id="4" stage="1" lat="1">
<core>Cmp</core>
<MemPortIdVec></MemPortIdVec>
<condition id="11">
<or_exp><and_exp></and_exp></or_exp>
</condition>

<Node id="61" bw="1" op_0_bw="2" op_1_bw="2">
<![CDATA[
.loopexit:2  %exitcond3_i = icmp eq i2 %ik_i, -1

]]></Node>
<StgValue><ssdm name="exitcond3_i"/></StgValue>
</operation>

<operation id="56" st_id="4" stage="1" lat="1">
<core>NULL</core>
<MemPortIdVec></MemPortIdVec>
<condition id="11">
<or_exp><and_exp></and_exp></or_exp>
</condition>

<Node id="62" bw="0" op_0_bw="0" op_1_bw="64" op_2_bw="64" op_3_bw="64">
<![CDATA[
.loopexit:3  call void (...)* @_ssdm_op_SpecLoopTripCount(i64 3, i64 3, i64 3)

]]></Node>
<StgValue><ssdm name=""/></StgValue>
</operation>

<operation id="57" st_id="4" stage="1" lat="1">
<core>AddSub</core>
<MemPortIdVec></MemPortIdVec>
<condition id="11">
<or_exp><and_exp></and_exp></or_exp>
</condition>

<Node id="63" bw="2" op_0_bw="2" op_1_bw="2">
<![CDATA[
.loopexit:4  %ik = add i2 %ik_i, 1

]]></Node>
<StgValue><ssdm name="ik"/></StgValue>
</operation>

<operation id="58" st_id="4" stage="1" lat="1">
<core>NULL</core>
<MemPortIdVec></MemPortIdVec>
<condition id="11">
<or_exp><and_exp></and_exp></or_exp>
</condition>

<Node id="64" bw="0" op_0_bw="1" op_1_bw="0" op_2_bw="0">
<![CDATA[
.loopexit:5  br i1 %exitcond3_i, label %5, label %.preheader.preheader.i

]]></Node>
<StgValue><ssdm name=""/></StgValue>
</operation>

<operation id="59" st_id="4" stage="1" lat="1">
<core>NULL</core>
<MemPortIdVec></MemPortIdVec>
<condition id="13">
<or_exp><and_exp><literal name="exitcond3_i" val="0"/>
</and_exp></or_exp>
</condition>

<Node id="66" bw="3" op_0_bw="3" op_1_bw="2" op_2_bw="1">
<![CDATA[
.preheader.preheader.i:0  %tmp_9 = call i3 @_ssdm_op_BitConcatenate.i3.i2.i1(i2 %ik_i, i1 false)

]]></Node>
<StgValue><ssdm name="tmp_9"/></StgValue>
</operation>

<operation id="60" st_id="4" stage="1" lat="1">
<core>NULL</core>
<MemPortIdVec></MemPortIdVec>
<condition id="13">
<or_exp><and_exp><literal name="exitcond3_i" val="0"/>
</and_exp></or_exp>
</condition>

<Node id="67" bw="4" op_0_bw="3">
<![CDATA[
.preheader.preheader.i:1  %tmp_10_cast = zext i3 %tmp_9 to i4

]]></Node>
<StgValue><ssdm name="tmp_10_cast"/></StgValue>
</operation>

<operation id="61" st_id="4" stage="1" lat="1">
<core>NULL</core>
<MemPortIdVec></MemPortIdVec>
<condition id="13">
<or_exp><and_exp><literal name="exitcond3_i" val="0"/>
</and_exp></or_exp>
</condition>

<Node id="68" bw="0" op_0_bw="0">
<![CDATA[
.preheader.preheader.i:2  br label %.preheader.i

]]></Node>
<StgValue><ssdm name=""/></StgValue>
</operation>

<operation id="62" st_id="4" stage="1" lat="1">
<core>FIFO</core>
<MemPortIdVec></MemPortIdVec>
<condition id="15">
<or_exp><and_exp><literal name="exitcond3_i" val="1"/>
</and_exp></or_exp>
</condition>

<Node id="91" bw="0" op_0_bw="0" op_1_bw="32" op_2_bw="32">
<![CDATA[
:0  call void @_ssdm_op_Write.ap_fifo.volatile.i32P(i32* %out_image_V, i32 %tmp_3)

]]></Node>
<StgValue><ssdm name=""/></StgValue>
</operation>

<operation id="63" st_id="4" stage="1" lat="1">
<core>NULL</core>
<MemPortIdVec></MemPortIdVec>
<condition id="15">
<or_exp><and_exp><literal name="exitcond3_i" val="1"/>
</and_exp></or_exp>
</condition>

<Node id="92" bw="32" op_0_bw="32" op_1_bw="0" op_2_bw="32">
<![CDATA[
:1  %empty_34 = call i32 (...)* @_ssdm_op_SpecRegionEnd([12 x i8]* @p_str14, i32 %tmp_29_i)

]]></Node>
<StgValue><ssdm name="empty_34"/></StgValue>
</operation>

<operation id="64" st_id="4" stage="1" lat="1">
<core>NULL</core>
<MemPortIdVec></MemPortIdVec>
<condition id="15">
<or_exp><and_exp><literal name="exitcond3_i" val="1"/>
</and_exp></or_exp>
</condition>

<Node id="93" bw="0" op_0_bw="0">
<![CDATA[
:2  br label %2

]]></Node>
<StgValue><ssdm name=""/></StgValue>
</operation>
</state>

<state id="5" st_id="5">

<operation id="65" st_id="5" stage="1" lat="1">
<core>NULL</core>
<MemPortIdVec></MemPortIdVec>
<condition id="16">
<or_exp><and_exp></and_exp></or_exp>
</condition>

<Node id="70" bw="32" op_0_bw="32" op_1_bw="0">
<![CDATA[
.preheader.i:0  %p_01_1_i = phi i32 [ %sum, %4 ], [ %tmp_3, %.preheader.preheader.i ]

]]></Node>
<StgValue><ssdm name="p_01_1_i"/></StgValue>
</operation>

<operation id="66" st_id="5" stage="1" lat="1">
<core>NULL</core>
<MemPortIdVec></MemPortIdVec>
<condition id="16">
<or_exp><and_exp></and_exp></or_exp>
</condition>

<Node id="71" bw="2" op_0_bw="2" op_1_bw="0">
<![CDATA[
.preheader.i:1  %jk_i = phi i2 [ %jk, %4 ], [ 0, %.preheader.preheader.i ]

]]></Node>
<StgValue><ssdm name="jk_i"/></StgValue>
</operation>

<operation id="67" st_id="5" stage="1" lat="1">
<core>Cmp</core>
<MemPortIdVec></MemPortIdVec>
<condition id="16">
<or_exp><and_exp></and_exp></or_exp>
</condition>

<Node id="72" bw="1" op_0_bw="2" op_1_bw="2">
<![CDATA[
.preheader.i:2  %exitcond_i = icmp eq i2 %jk_i, -2

]]></Node>
<StgValue><ssdm name="exitcond_i"/></StgValue>
</operation>

<operation id="68" st_id="5" stage="1" lat="1">
<core>NULL</core>
<MemPortIdVec></MemPortIdVec>
<condition id="16">
<or_exp><and_exp></and_exp></or_exp>
</condition>

<Node id="73" bw="0" op_0_bw="0" op_1_bw="64" op_2_bw="64" op_3_bw="64">
<![CDATA[
.preheader.i:3  call void (...)* @_ssdm_op_SpecLoopTripCount(i64 2, i64 2, i64 2)

]]></Node>
<StgValue><ssdm name=""/></StgValue>
</operation>

<operation id="69" st_id="5" stage="1" lat="1">
<core>AddSub</core>
<MemPortIdVec></MemPortIdVec>
<condition id="16">
<or_exp><and_exp></and_exp></or_exp>
</condition>

<Node id="74" bw="2" op_0_bw="2" op_1_bw="2">
<![CDATA[
.preheader.i:4  %jk = add i2 %jk_i, 1

]]></Node>
<StgValue><ssdm name="jk"/></StgValue>
</operation>

<operation id="70" st_id="5" stage="1" lat="1">
<core>NULL</core>
<MemPortIdVec></MemPortIdVec>
<condition id="16">
<or_exp><and_exp></and_exp></or_exp>
</condition>

<Node id="75" bw="0" op_0_bw="1" op_1_bw="0" op_2_bw="0">
<![CDATA[
.preheader.i:5  br i1 %exitcond_i, label %.loopexit.loopexit, label %4

]]></Node>
<StgValue><ssdm name=""/></StgValue>
</operation>

<operation id="71" st_id="5" stage="1" lat="1">
<core>NULL</core>
<MemPortIdVec></MemPortIdVec>
<condition id="18">
<or_exp><and_exp><literal name="exitcond_i" val="0"/>
</and_exp></or_exp>
</condition>

<Node id="77" bw="4" op_0_bw="2">
<![CDATA[
:0  %tmp_24_i_cast = zext i2 %jk_i to i4

]]></Node>
<StgValue><ssdm name="tmp_24_i_cast"/></StgValue>
</operation>

<operation id="72" st_id="5" stage="1" lat="1">
<core>AddSub</core>
<MemPortIdVec></MemPortIdVec>
<condition id="18">
<or_exp><and_exp><literal name="exitcond_i" val="0"/>
</and_exp></or_exp>
</condition>

<Node id="78" bw="4" op_0_bw="4" op_1_bw="4">
<![CDATA[
:1  %tmp_s = add i4 %tmp_10_cast, %tmp_24_i_cast

]]></Node>
<StgValue><ssdm name="tmp_s"/></StgValue>
</operation>

<operation id="73" st_id="5" stage="1" lat="1">
<core>NULL</core>
<MemPortIdVec></MemPortIdVec>
<condition id="18">
<or_exp><and_exp><literal name="exitcond_i" val="0"/>
</and_exp></or_exp>
</condition>

<Node id="79" bw="64" op_0_bw="4">
<![CDATA[
:2  %tmp_11_cast = zext i4 %tmp_s to i64

]]></Node>
<StgValue><ssdm name="tmp_11_cast"/></StgValue>
</operation>

<operation id="74" st_id="5" stage="1" lat="1">
<core>NULL</core>
<MemPortIdVec></MemPortIdVec>
<condition id="18">
<or_exp><and_exp><literal name="exitcond_i" val="0"/>
</and_exp></or_exp>
</condition>

<Node id="80" bw="3" op_0_bw="32" op_1_bw="64" op_2_bw="64">
<![CDATA[
:3  %kernel_addr = getelementptr [6 x i32]* %kernel, i64 0, i64 %tmp_11_cast

]]></Node>
<StgValue><ssdm name="kernel_addr"/></StgValue>
</operation>

<operation id="75" st_id="5" stage="1" lat="1">
<core>NULL</core>
<MemPortIdVec></MemPortIdVec>
<condition id="18">
<or_exp><and_exp><literal name="exitcond_i" val="0"/>
</and_exp></or_exp>
</condition>

<Node id="81" bw="1" op_0_bw="2">
<![CDATA[
:4  %tmp = trunc i2 %jk_i to i1

]]></Node>
<StgValue><ssdm name="tmp"/></StgValue>
</operation>

<operation id="76" st_id="5" stage="1" lat="1">
<core>NULL</core>
<MemPortIdVec></MemPortIdVec>
<condition id="18">
<or_exp><and_exp><literal name="exitcond_i" val="0"/>
</and_exp></or_exp>
</condition>

<Node id="82" bw="3" op_0_bw="3" op_1_bw="2" op_2_bw="1">
<![CDATA[
:5  %tmp_34_i = call i3 @_ssdm_op_BitConcatenate.i3.i2.i1(i2 %ik_i, i1 %tmp)

]]></Node>
<StgValue><ssdm name="tmp_34_i"/></StgValue>
</operation>

<operation id="77" st_id="5" stage="1" lat="1">
<core>MuxnS</core>
<MemPortIdVec></MemPortIdVec>
<condition id="18">
<or_exp><and_exp><literal name="exitcond_i" val="0"/>
</and_exp></or_exp>
</condition>

<Node id="83" bw="32" op_0_bw="32" op_1_bw="32" op_2_bw="32" op_3_bw="32" op_4_bw="32" op_5_bw="32" op_6_bw="32" op_7_bw="3">
<![CDATA[
:6  %tmp_6 = call i32 @_ssdm_op_Mux.ap_auto.6i32.i3(i32 %tmp_pix_0_0_i, i32 %tmp_pix_0_1_i, i32 %tmp_pix_1_0_i, i32 %tmp_pix_1_1_i, i32 %tmp_pix_2_0_i, i32 %tmp_pix_2_1_i, i3 %tmp_34_i)

]]></Node>
<StgValue><ssdm name="tmp_6"/></StgValue>
</operation>

<operation id="78" st_id="5" stage="2" lat="2">
<core>RAM</core>
<MemPortIdVec>0 </MemPortIdVec>
<condition id="18">
<or_exp><and_exp><literal name="exitcond_i" val="0"/>
</and_exp></or_exp>
</condition>

<Node id="84" bw="32" op_0_bw="3">
<![CDATA[
:7  %kernel_load = load i32* %kernel_addr, align 4

]]></Node>
<StgValue><ssdm name="kernel_load"/></StgValue>
</operation>

<operation id="79" st_id="5" stage="1" lat="1">
<core>NULL</core>
<MemPortIdVec></MemPortIdVec>
<condition id="20">
<or_exp><and_exp><literal name="exitcond_i" val="1"/>
</and_exp></or_exp>
</condition>

<Node id="89" bw="0" op_0_bw="0">
<![CDATA[
.loopexit.loopexit:0  br label %.loopexit

]]></Node>
<StgValue><ssdm name=""/></StgValue>
</operation>
</state>

<state id="6" st_id="6">

<operation id="80" st_id="6" stage="1" lat="2">
<core>RAM</core>
<MemPortIdVec>0 </MemPortIdVec>
<condition id="21">
<or_exp><and_exp></and_exp></or_exp>
</condition>

<Node id="84" bw="32" op_0_bw="3">
<![CDATA[
:7  %kernel_load = load i32* %kernel_addr, align 4

]]></Node>
<StgValue><ssdm name="kernel_load"/></StgValue>
</operation>
</state>

<state id="7" st_id="7">

<operation id="81" st_id="7" stage="1" lat="1">
<core>Mul</core>
<MemPortIdVec></MemPortIdVec>
<condition id="22">
<or_exp><and_exp></and_exp></or_exp>
</condition>

<Node id="85" bw="32" op_0_bw="32" op_1_bw="32">
<![CDATA[
:8  %tmp_25_i = mul nsw i32 %tmp_6, %kernel_load

]]></Node>
<StgValue><ssdm name="tmp_25_i"/></StgValue>
</operation>
</state>

<state id="8" st_id="8">

<operation id="82" st_id="8" stage="1" lat="1">
<core>AddSub</core>
<MemPortIdVec></MemPortIdVec>
<condition id="23">
<or_exp><and_exp></and_exp></or_exp>
</condition>

<Node id="86" bw="32" op_0_bw="32" op_1_bw="32">
<![CDATA[
:9  %sum = add nsw i32 %p_01_1_i, %tmp_25_i

]]></Node>
<StgValue><ssdm name="sum"/></StgValue>
</operation>

<operation id="83" st_id="8" stage="1" lat="1">
<core>NULL</core>
<MemPortIdVec></MemPortIdVec>
<condition id="23">
<or_exp><and_exp></and_exp></or_exp>
</condition>

<Node id="87" bw="0" op_0_bw="0">
<![CDATA[
:10  br label %.preheader.i

]]></Node>
<StgValue><ssdm name=""/></StgValue>
</operation>
</state>
</state_list>


<ports>
<port id="96" name="width" dir="0" iftype="3">
<core>FIFO</core><StgValue><ssdm name="width"/></StgValue>
</port>
<port id="97" name="height" dir="0" iftype="3">
<core>FIFO</core><StgValue><ssdm name="height"/></StgValue>
</port>
<port id="98" name="kernel" dir="0" iftype="1">
<core>RAM</core><StgValue><ssdm name="kernel"/><MemPortTyVec>1 3 </MemPortTyVec>
</StgValue>
</port>
<port id="99" name="windows_V_pix_0_0" dir="0" iftype="3">
<core>FIFO</core><StgValue><ssdm name="windows_V_pix_0_0"/></StgValue>
</port>
<port id="100" name="windows_V_pix_0_1" dir="0" iftype="3">
<core>FIFO</core><StgValue><ssdm name="windows_V_pix_0_1"/></StgValue>
</port>
<port id="101" name="windows_V_pix_1_0" dir="0" iftype="3">
<core>FIFO</core><StgValue><ssdm name="windows_V_pix_1_0"/></StgValue>
</port>
<port id="102" name="windows_V_pix_1_1" dir="0" iftype="3">
<core>FIFO</core><StgValue><ssdm name="windows_V_pix_1_1"/></StgValue>
</port>
<port id="103" name="windows_V_pix_2_0" dir="0" iftype="3">
<core>FIFO</core><StgValue><ssdm name="windows_V_pix_2_0"/></StgValue>
</port>
<port id="104" name="windows_V_pix_2_1" dir="0" iftype="3">
<core>FIFO</core><StgValue><ssdm name="windows_V_pix_2_1"/></StgValue>
</port>
<port id="105" name="out_image_V" dir="1" iftype="3">
<core>FIFO</core><StgValue><ssdm name="out_image_V"/></StgValue>
</port>
<port id="106" name="width_out" dir="1" iftype="3">
<core>FIFO</core><StgValue><ssdm name="width_out"/></StgValue>
</port>
<port id="107" name="height_out" dir="1" iftype="3">
<core>FIFO</core><StgValue><ssdm name="height_out"/></StgValue>
</port>
</ports>


<dataflows>
<dataflow id="109" from="_ssdm_op_SpecInterface" to="empty" fromId="108" toId="9">
</dataflow>
<dataflow id="110" from="out_image_V" to="empty" fromId="105" toId="9">
</dataflow>
<dataflow id="112" from="ap_fifo_str" to="empty" fromId="111" toId="9">
</dataflow>
<dataflow id="114" from="StgValue_113" to="empty" fromId="113" toId="9">
</dataflow>
<dataflow id="115" from="StgValue_113" to="empty" fromId="113" toId="9">
</dataflow>
<dataflow id="117" from="p_str" to="empty" fromId="116" toId="9">
</dataflow>
<dataflow id="118" from="StgValue_113" to="empty" fromId="113" toId="9">
</dataflow>
<dataflow id="119" from="StgValue_113" to="empty" fromId="113" toId="9">
</dataflow>
<dataflow id="120" from="p_str" to="empty" fromId="116" toId="9">
</dataflow>
<dataflow id="121" from="p_str" to="empty" fromId="116" toId="9">
</dataflow>
<dataflow id="122" from="p_str" to="empty" fromId="116" toId="9">
</dataflow>
<dataflow id="124" from="StgValue_123" to="empty" fromId="123" toId="9">
</dataflow>
<dataflow id="125" from="StgValue_123" to="empty" fromId="123" toId="9">
</dataflow>
<dataflow id="127" from="StgValue_126" to="empty" fromId="126" toId="9">
</dataflow>
<dataflow id="128" from="StgValue_126" to="empty" fromId="126" toId="9">
</dataflow>
<dataflow id="129" from="p_str" to="empty" fromId="116" toId="9">
</dataflow>
<dataflow id="130" from="p_str" to="empty" fromId="116" toId="9">
</dataflow>
<dataflow id="131" from="_ssdm_op_SpecInterface" to="empty_22" fromId="108" toId="10">
</dataflow>
<dataflow id="132" from="windows_V_pix_2_1" to="empty_22" fromId="104" toId="10">
</dataflow>
<dataflow id="133" from="ap_fifo_str" to="empty_22" fromId="111" toId="10">
</dataflow>
<dataflow id="134" from="StgValue_113" to="empty_22" fromId="113" toId="10">
</dataflow>
<dataflow id="135" from="StgValue_113" to="empty_22" fromId="113" toId="10">
</dataflow>
<dataflow id="136" from="p_str" to="empty_22" fromId="116" toId="10">
</dataflow>
<dataflow id="137" from="StgValue_113" to="empty_22" fromId="113" toId="10">
</dataflow>
<dataflow id="138" from="StgValue_113" to="empty_22" fromId="113" toId="10">
</dataflow>
<dataflow id="139" from="p_str" to="empty_22" fromId="116" toId="10">
</dataflow>
<dataflow id="140" from="p_str" to="empty_22" fromId="116" toId="10">
</dataflow>
<dataflow id="141" from="p_str" to="empty_22" fromId="116" toId="10">
</dataflow>
<dataflow id="142" from="StgValue_123" to="empty_22" fromId="123" toId="10">
</dataflow>
<dataflow id="143" from="StgValue_123" to="empty_22" fromId="123" toId="10">
</dataflow>
<dataflow id="144" from="StgValue_126" to="empty_22" fromId="126" toId="10">
</dataflow>
<dataflow id="145" from="StgValue_126" to="empty_22" fromId="126" toId="10">
</dataflow>
<dataflow id="146" from="p_str" to="empty_22" fromId="116" toId="10">
</dataflow>
<dataflow id="147" from="p_str" to="empty_22" fromId="116" toId="10">
</dataflow>
<dataflow id="148" from="_ssdm_op_SpecInterface" to="empty_23" fromId="108" toId="11">
</dataflow>
<dataflow id="149" from="windows_V_pix_2_0" to="empty_23" fromId="103" toId="11">
</dataflow>
<dataflow id="150" from="ap_fifo_str" to="empty_23" fromId="111" toId="11">
</dataflow>
<dataflow id="151" from="StgValue_113" to="empty_23" fromId="113" toId="11">
</dataflow>
<dataflow id="152" from="StgValue_113" to="empty_23" fromId="113" toId="11">
</dataflow>
<dataflow id="153" from="p_str" to="empty_23" fromId="116" toId="11">
</dataflow>
<dataflow id="154" from="StgValue_113" to="empty_23" fromId="113" toId="11">
</dataflow>
<dataflow id="155" from="StgValue_113" to="empty_23" fromId="113" toId="11">
</dataflow>
<dataflow id="156" from="p_str" to="empty_23" fromId="116" toId="11">
</dataflow>
<dataflow id="157" from="p_str" to="empty_23" fromId="116" toId="11">
</dataflow>
<dataflow id="158" from="p_str" to="empty_23" fromId="116" toId="11">
</dataflow>
<dataflow id="159" from="StgValue_123" to="empty_23" fromId="123" toId="11">
</dataflow>
<dataflow id="160" from="StgValue_123" to="empty_23" fromId="123" toId="11">
</dataflow>
<dataflow id="161" from="StgValue_126" to="empty_23" fromId="126" toId="11">
</dataflow>
<dataflow id="162" from="StgValue_126" to="empty_23" fromId="126" toId="11">
</dataflow>
<dataflow id="163" from="p_str" to="empty_23" fromId="116" toId="11">
</dataflow>
<dataflow id="164" from="p_str" to="empty_23" fromId="116" toId="11">
</dataflow>
<dataflow id="165" from="_ssdm_op_SpecInterface" to="empty_24" fromId="108" toId="12">
</dataflow>
<dataflow id="166" from="windows_V_pix_1_1" to="empty_24" fromId="102" toId="12">
</dataflow>
<dataflow id="167" from="ap_fifo_str" to="empty_24" fromId="111" toId="12">
</dataflow>
<dataflow id="168" from="StgValue_113" to="empty_24" fromId="113" toId="12">
</dataflow>
<dataflow id="169" from="StgValue_113" to="empty_24" fromId="113" toId="12">
</dataflow>
<dataflow id="170" from="p_str" to="empty_24" fromId="116" toId="12">
</dataflow>
<dataflow id="171" from="StgValue_113" to="empty_24" fromId="113" toId="12">
</dataflow>
<dataflow id="172" from="StgValue_113" to="empty_24" fromId="113" toId="12">
</dataflow>
<dataflow id="173" from="p_str" to="empty_24" fromId="116" toId="12">
</dataflow>
<dataflow id="174" from="p_str" to="empty_24" fromId="116" toId="12">
</dataflow>
<dataflow id="175" from="p_str" to="empty_24" fromId="116" toId="12">
</dataflow>
<dataflow id="176" from="StgValue_123" to="empty_24" fromId="123" toId="12">
</dataflow>
<dataflow id="177" from="StgValue_123" to="empty_24" fromId="123" toId="12">
</dataflow>
<dataflow id="178" from="StgValue_126" to="empty_24" fromId="126" toId="12">
</dataflow>
<dataflow id="179" from="StgValue_126" to="empty_24" fromId="126" toId="12">
</dataflow>
<dataflow id="180" from="p_str" to="empty_24" fromId="116" toId="12">
</dataflow>
<dataflow id="181" from="p_str" to="empty_24" fromId="116" toId="12">
</dataflow>
<dataflow id="182" from="_ssdm_op_SpecInterface" to="empty_25" fromId="108" toId="13">
</dataflow>
<dataflow id="183" from="windows_V_pix_1_0" to="empty_25" fromId="101" toId="13">
</dataflow>
<dataflow id="184" from="ap_fifo_str" to="empty_25" fromId="111" toId="13">
</dataflow>
<dataflow id="185" from="StgValue_113" to="empty_25" fromId="113" toId="13">
</dataflow>
<dataflow id="186" from="StgValue_113" to="empty_25" fromId="113" toId="13">
</dataflow>
<dataflow id="187" from="p_str" to="empty_25" fromId="116" toId="13">
</dataflow>
<dataflow id="188" from="StgValue_113" to="empty_25" fromId="113" toId="13">
</dataflow>
<dataflow id="189" from="StgValue_113" to="empty_25" fromId="113" toId="13">
</dataflow>
<dataflow id="190" from="p_str" to="empty_25" fromId="116" toId="13">
</dataflow>
<dataflow id="191" from="p_str" to="empty_25" fromId="116" toId="13">
</dataflow>
<dataflow id="192" from="p_str" to="empty_25" fromId="116" toId="13">
</dataflow>
<dataflow id="193" from="StgValue_123" to="empty_25" fromId="123" toId="13">
</dataflow>
<dataflow id="194" from="StgValue_123" to="empty_25" fromId="123" toId="13">
</dataflow>
<dataflow id="195" from="StgValue_126" to="empty_25" fromId="126" toId="13">
</dataflow>
<dataflow id="196" from="StgValue_126" to="empty_25" fromId="126" toId="13">
</dataflow>
<dataflow id="197" from="p_str" to="empty_25" fromId="116" toId="13">
</dataflow>
<dataflow id="198" from="p_str" to="empty_25" fromId="116" toId="13">
</dataflow>
<dataflow id="199" from="_ssdm_op_SpecInterface" to="empty_26" fromId="108" toId="14">
</dataflow>
<dataflow id="200" from="windows_V_pix_0_1" to="empty_26" fromId="100" toId="14">
</dataflow>
<dataflow id="201" from="ap_fifo_str" to="empty_26" fromId="111" toId="14">
</dataflow>
<dataflow id="202" from="StgValue_113" to="empty_26" fromId="113" toId="14">
</dataflow>
<dataflow id="203" from="StgValue_113" to="empty_26" fromId="113" toId="14">
</dataflow>
<dataflow id="204" from="p_str" to="empty_26" fromId="116" toId="14">
</dataflow>
<dataflow id="205" from="StgValue_113" to="empty_26" fromId="113" toId="14">
</dataflow>
<dataflow id="206" from="StgValue_113" to="empty_26" fromId="113" toId="14">
</dataflow>
<dataflow id="207" from="p_str" to="empty_26" fromId="116" toId="14">
</dataflow>
<dataflow id="208" from="p_str" to="empty_26" fromId="116" toId="14">
</dataflow>
<dataflow id="209" from="p_str" to="empty_26" fromId="116" toId="14">
</dataflow>
<dataflow id="210" from="StgValue_123" to="empty_26" fromId="123" toId="14">
</dataflow>
<dataflow id="211" from="StgValue_123" to="empty_26" fromId="123" toId="14">
</dataflow>
<dataflow id="212" from="StgValue_126" to="empty_26" fromId="126" toId="14">
</dataflow>
<dataflow id="213" from="StgValue_126" to="empty_26" fromId="126" toId="14">
</dataflow>
<dataflow id="214" from="p_str" to="empty_26" fromId="116" toId="14">
</dataflow>
<dataflow id="215" from="p_str" to="empty_26" fromId="116" toId="14">
</dataflow>
<dataflow id="216" from="_ssdm_op_SpecInterface" to="empty_27" fromId="108" toId="15">
</dataflow>
<dataflow id="217" from="windows_V_pix_0_0" to="empty_27" fromId="99" toId="15">
</dataflow>
<dataflow id="218" from="ap_fifo_str" to="empty_27" fromId="111" toId="15">
</dataflow>
<dataflow id="219" from="StgValue_113" to="empty_27" fromId="113" toId="15">
</dataflow>
<dataflow id="220" from="StgValue_113" to="empty_27" fromId="113" toId="15">
</dataflow>
<dataflow id="221" from="p_str" to="empty_27" fromId="116" toId="15">
</dataflow>
<dataflow id="222" from="StgValue_113" to="empty_27" fromId="113" toId="15">
</dataflow>
<dataflow id="223" from="StgValue_113" to="empty_27" fromId="113" toId="15">
</dataflow>
<dataflow id="224" from="p_str" to="empty_27" fromId="116" toId="15">
</dataflow>
<dataflow id="225" from="p_str" to="empty_27" fromId="116" toId="15">
</dataflow>
<dataflow id="226" from="p_str" to="empty_27" fromId="116" toId="15">
</dataflow>
<dataflow id="227" from="StgValue_123" to="empty_27" fromId="123" toId="15">
</dataflow>
<dataflow id="228" from="StgValue_123" to="empty_27" fromId="123" toId="15">
</dataflow>
<dataflow id="229" from="StgValue_126" to="empty_27" fromId="126" toId="15">
</dataflow>
<dataflow id="230" from="StgValue_126" to="empty_27" fromId="126" toId="15">
</dataflow>
<dataflow id="231" from="p_str" to="empty_27" fromId="116" toId="15">
</dataflow>
<dataflow id="232" from="p_str" to="empty_27" fromId="116" toId="15">
</dataflow>
<dataflow id="233" from="_ssdm_op_SpecInterface" to="empty_28" fromId="108" toId="16">
</dataflow>
<dataflow id="234" from="height" to="empty_28" fromId="97" toId="16">
</dataflow>
<dataflow id="235" from="ap_fifo_str" to="empty_28" fromId="111" toId="16">
</dataflow>
<dataflow id="236" from="StgValue_113" to="empty_28" fromId="113" toId="16">
</dataflow>
<dataflow id="237" from="StgValue_113" to="empty_28" fromId="113" toId="16">
</dataflow>
<dataflow id="238" from="p_str" to="empty_28" fromId="116" toId="16">
</dataflow>
<dataflow id="239" from="StgValue_113" to="empty_28" fromId="113" toId="16">
</dataflow>
<dataflow id="240" from="StgValue_113" to="empty_28" fromId="113" toId="16">
</dataflow>
<dataflow id="241" from="p_str" to="empty_28" fromId="116" toId="16">
</dataflow>
<dataflow id="242" from="p_str" to="empty_28" fromId="116" toId="16">
</dataflow>
<dataflow id="243" from="p_str" to="empty_28" fromId="116" toId="16">
</dataflow>
<dataflow id="244" from="StgValue_123" to="empty_28" fromId="123" toId="16">
</dataflow>
<dataflow id="245" from="StgValue_123" to="empty_28" fromId="123" toId="16">
</dataflow>
<dataflow id="246" from="StgValue_126" to="empty_28" fromId="126" toId="16">
</dataflow>
<dataflow id="247" from="StgValue_126" to="empty_28" fromId="126" toId="16">
</dataflow>
<dataflow id="248" from="p_str" to="empty_28" fromId="116" toId="16">
</dataflow>
<dataflow id="249" from="p_str" to="empty_28" fromId="116" toId="16">
</dataflow>
<dataflow id="250" from="_ssdm_op_SpecInterface" to="empty_29" fromId="108" toId="17">
</dataflow>
<dataflow id="251" from="width" to="empty_29" fromId="96" toId="17">
</dataflow>
<dataflow id="252" from="ap_fifo_str" to="empty_29" fromId="111" toId="17">
</dataflow>
<dataflow id="253" from="StgValue_113" to="empty_29" fromId="113" toId="17">
</dataflow>
<dataflow id="254" from="StgValue_113" to="empty_29" fromId="113" toId="17">
</dataflow>
<dataflow id="255" from="p_str" to="empty_29" fromId="116" toId="17">
</dataflow>
<dataflow id="256" from="StgValue_113" to="empty_29" fromId="113" toId="17">
</dataflow>
<dataflow id="257" from="StgValue_113" to="empty_29" fromId="113" toId="17">
</dataflow>
<dataflow id="258" from="p_str" to="empty_29" fromId="116" toId="17">
</dataflow>
<dataflow id="259" from="p_str" to="empty_29" fromId="116" toId="17">
</dataflow>
<dataflow id="260" from="p_str" to="empty_29" fromId="116" toId="17">
</dataflow>
<dataflow id="261" from="StgValue_123" to="empty_29" fromId="123" toId="17">
</dataflow>
<dataflow id="262" from="StgValue_123" to="empty_29" fromId="123" toId="17">
</dataflow>
<dataflow id="263" from="StgValue_126" to="empty_29" fromId="126" toId="17">
</dataflow>
<dataflow id="264" from="StgValue_126" to="empty_29" fromId="126" toId="17">
</dataflow>
<dataflow id="265" from="p_str" to="empty_29" fromId="116" toId="17">
</dataflow>
<dataflow id="266" from="p_str" to="empty_29" fromId="116" toId="17">
</dataflow>
<dataflow id="268" from="_ssdm_op_Read.ap_fifo.i32P" to="width_read" fromId="267" toId="18">
</dataflow>
<dataflow id="269" from="width" to="width_read" fromId="96" toId="18">
</dataflow>
<dataflow id="270" from="_ssdm_op_Read.ap_fifo.i32P" to="height_read" fromId="267" toId="19">
</dataflow>
<dataflow id="271" from="height" to="height_read" fromId="97" toId="19">
</dataflow>
<dataflow id="272" from="_ssdm_op_SpecInterface" to="empty_30" fromId="108" toId="20">
</dataflow>
<dataflow id="273" from="width_out" to="empty_30" fromId="106" toId="20">
</dataflow>
<dataflow id="274" from="ap_fifo_str" to="empty_30" fromId="111" toId="20">
</dataflow>
<dataflow id="275" from="StgValue_113" to="empty_30" fromId="113" toId="20">
</dataflow>
<dataflow id="276" from="StgValue_113" to="empty_30" fromId="113" toId="20">
</dataflow>
<dataflow id="277" from="p_str" to="empty_30" fromId="116" toId="20">
</dataflow>
<dataflow id="278" from="StgValue_113" to="empty_30" fromId="113" toId="20">
</dataflow>
<dataflow id="279" from="StgValue_113" to="empty_30" fromId="113" toId="20">
</dataflow>
<dataflow id="280" from="p_str" to="empty_30" fromId="116" toId="20">
</dataflow>
<dataflow id="281" from="p_str" to="empty_30" fromId="116" toId="20">
</dataflow>
<dataflow id="282" from="p_str" to="empty_30" fromId="116" toId="20">
</dataflow>
<dataflow id="283" from="StgValue_123" to="empty_30" fromId="123" toId="20">
</dataflow>
<dataflow id="284" from="StgValue_123" to="empty_30" fromId="123" toId="20">
</dataflow>
<dataflow id="285" from="StgValue_126" to="empty_30" fromId="126" toId="20">
</dataflow>
<dataflow id="286" from="StgValue_126" to="empty_30" fromId="126" toId="20">
</dataflow>
<dataflow id="287" from="p_str" to="empty_30" fromId="116" toId="20">
</dataflow>
<dataflow id="288" from="p_str" to="empty_30" fromId="116" toId="20">
</dataflow>
<dataflow id="290" from="_ssdm_op_Write.ap_fifo.i32P" to="StgValue_21" fromId="289" toId="21">
</dataflow>
<dataflow id="291" from="width_out" to="StgValue_21" fromId="106" toId="21">
</dataflow>
<dataflow id="292" from="width_read" to="StgValue_21" fromId="18" toId="21">
</dataflow>
<dataflow id="293" from="_ssdm_op_SpecInterface" to="empty_31" fromId="108" toId="22">
</dataflow>
<dataflow id="294" from="height_out" to="empty_31" fromId="107" toId="22">
</dataflow>
<dataflow id="295" from="ap_fifo_str" to="empty_31" fromId="111" toId="22">
</dataflow>
<dataflow id="296" from="StgValue_113" to="empty_31" fromId="113" toId="22">
</dataflow>
<dataflow id="297" from="StgValue_113" to="empty_31" fromId="113" toId="22">
</dataflow>
<dataflow id="298" from="p_str" to="empty_31" fromId="116" toId="22">
</dataflow>
<dataflow id="299" from="StgValue_113" to="empty_31" fromId="113" toId="22">
</dataflow>
<dataflow id="300" from="StgValue_113" to="empty_31" fromId="113" toId="22">
</dataflow>
<dataflow id="301" from="p_str" to="empty_31" fromId="116" toId="22">
</dataflow>
<dataflow id="302" from="p_str" to="empty_31" fromId="116" toId="22">
</dataflow>
<dataflow id="303" from="p_str" to="empty_31" fromId="116" toId="22">
</dataflow>
<dataflow id="304" from="StgValue_123" to="empty_31" fromId="123" toId="22">
</dataflow>
<dataflow id="305" from="StgValue_123" to="empty_31" fromId="123" toId="22">
</dataflow>
<dataflow id="306" from="StgValue_126" to="empty_31" fromId="126" toId="22">
</dataflow>
<dataflow id="307" from="StgValue_126" to="empty_31" fromId="126" toId="22">
</dataflow>
<dataflow id="308" from="p_str" to="empty_31" fromId="116" toId="22">
</dataflow>
<dataflow id="309" from="p_str" to="empty_31" fromId="116" toId="22">
</dataflow>
<dataflow id="310" from="_ssdm_op_Write.ap_fifo.i32P" to="StgValue_23" fromId="289" toId="23">
</dataflow>
<dataflow id="311" from="height_out" to="StgValue_23" fromId="107" toId="23">
</dataflow>
<dataflow id="312" from="height_read" to="StgValue_23" fromId="19" toId="23">
</dataflow>
<dataflow id="313" from="height_read" to="tmp_i" fromId="19" toId="24">
</dataflow>
<dataflow id="315" from="StgValue_314" to="tmp_i" fromId="314" toId="24">
</dataflow>
<dataflow id="316" from="width_read" to="tmp_i_32" fromId="18" toId="25">
</dataflow>
<dataflow id="318" from="StgValue_317" to="tmp_i_32" fromId="317" toId="25">
</dataflow>
<dataflow id="320" from="StgValue_319" to="i_i" fromId="319" toId="27">
<condition id="89">
<or_exp><and_exp></and_exp></or_exp>
</condition>
</dataflow>
<dataflow id="321" from="StgValue_26" to="i_i" fromId="26" toId="27">
</dataflow>
<dataflow id="322" from="i" to="i_i" fromId="30" toId="27">
<BackEdge/>
<condition id="90">
<or_exp><and_exp><literal name="tmp_22_i" val="0"/>
</and_exp></or_exp>
</condition>
</dataflow>
<dataflow id="323" from="StgValue_52" to="i_i" fromId="52" toId="27">
<BackEdge/>
</dataflow>
<dataflow id="324" from="i_i" to="i_cast_i" fromId="27" toId="28">
</dataflow>
<dataflow id="325" from="i_cast_i" to="tmp_21_i" fromId="28" toId="29">
</dataflow>
<dataflow id="326" from="tmp_i" to="tmp_21_i" fromId="24" toId="29">
</dataflow>
<dataflow id="327" from="i_i" to="i" fromId="27" toId="30">
</dataflow>
<dataflow id="329" from="StgValue_328" to="i" fromId="328" toId="30">
</dataflow>
<dataflow id="330" from="tmp_21_i" to="StgValue_31" fromId="29" toId="31">
</dataflow>
<dataflow id="332" from="_ssdm_op_SpecRegionBegin" to="tmp_28_i" fromId="331" toId="32">
</dataflow>
<dataflow id="334" from="p_str13" to="tmp_28_i" fromId="333" toId="32">
</dataflow>
<dataflow id="336" from="_ssdm_op_SpecLoopTripCount" to="StgValue_33" fromId="335" toId="33">
</dataflow>
<dataflow id="337" from="StgValue_113" to="StgValue_33" fromId="113" toId="33">
</dataflow>
<dataflow id="339" from="StgValue_338" to="StgValue_33" fromId="338" toId="33">
</dataflow>
<dataflow id="340" from="StgValue_113" to="StgValue_33" fromId="113" toId="33">
</dataflow>
<dataflow id="342" from="p_str4" to="StgValue_33" fromId="341" toId="33">
</dataflow>
<dataflow id="343" from="StgValue_319" to="j_i" fromId="319" toId="36">
<condition id="91">
<or_exp><and_exp><literal name="tmp_21_i" val="1"/>
</and_exp></or_exp>
</condition>
</dataflow>
<dataflow id="344" from="StgValue_34" to="j_i" fromId="34" toId="36">
</dataflow>
<dataflow id="345" from="j" to="j_i" fromId="39" toId="36">
<BackEdge/>
<condition id="92">
<or_exp><and_exp><literal name="exitcond3_i" val="1"/>
</and_exp></or_exp>
</condition>
</dataflow>
<dataflow id="346" from="StgValue_64" to="j_i" fromId="64" toId="36">
<BackEdge/>
</dataflow>
<dataflow id="347" from="j_i" to="j_cast_i" fromId="36" toId="37">
</dataflow>
<dataflow id="348" from="j_cast_i" to="tmp_22_i" fromId="37" toId="38">
</dataflow>
<dataflow id="349" from="tmp_i_32" to="tmp_22_i" fromId="25" toId="38">
</dataflow>
<dataflow id="350" from="j_i" to="j" fromId="36" toId="39">
</dataflow>
<dataflow id="351" from="StgValue_328" to="j" fromId="328" toId="39">
</dataflow>
<dataflow id="352" from="tmp_22_i" to="StgValue_40" fromId="38" toId="40">
</dataflow>
<dataflow id="353" from="_ssdm_op_SpecRegionBegin" to="tmp_29_i" fromId="331" toId="41">
</dataflow>
<dataflow id="355" from="p_str14" to="tmp_29_i" fromId="354" toId="41">
</dataflow>
<dataflow id="356" from="_ssdm_op_SpecLoopTripCount" to="StgValue_42" fromId="335" toId="42">
</dataflow>
<dataflow id="357" from="StgValue_113" to="StgValue_42" fromId="113" toId="42">
</dataflow>
<dataflow id="359" from="StgValue_358" to="StgValue_42" fromId="358" toId="42">
</dataflow>
<dataflow id="360" from="StgValue_113" to="StgValue_42" fromId="113" toId="42">
</dataflow>
<dataflow id="361" from="p_str4" to="StgValue_42" fromId="341" toId="42">
</dataflow>
<dataflow id="363" from="_ssdm_op_Read.ap_fifo.volatile.i32P.i32P.i32P.i32P.i32P.i32P" to="empty_33" fromId="362" toId="43">
</dataflow>
<dataflow id="364" from="windows_V_pix_0_0" to="empty_33" fromId="99" toId="43">
</dataflow>
<dataflow id="365" from="windows_V_pix_0_1" to="empty_33" fromId="100" toId="43">
</dataflow>
<dataflow id="366" from="windows_V_pix_1_0" to="empty_33" fromId="101" toId="43">
</dataflow>
<dataflow id="367" from="windows_V_pix_1_1" to="empty_33" fromId="102" toId="43">
</dataflow>
<dataflow id="368" from="windows_V_pix_2_0" to="empty_33" fromId="103" toId="43">
</dataflow>
<dataflow id="369" from="windows_V_pix_2_1" to="empty_33" fromId="104" toId="43">
</dataflow>
<dataflow id="370" from="empty_33" to="tmp_pix_0_0_i" fromId="43" toId="44">
</dataflow>
<dataflow id="371" from="empty_33" to="tmp_pix_0_1_i" fromId="43" toId="45">
</dataflow>
<dataflow id="372" from="empty_33" to="tmp_pix_1_0_i" fromId="43" toId="46">
</dataflow>
<dataflow id="373" from="empty_33" to="tmp_pix_1_1_i" fromId="43" toId="47">
</dataflow>
<dataflow id="374" from="empty_33" to="tmp_pix_2_0_i" fromId="43" toId="48">
</dataflow>
<dataflow id="375" from="empty_33" to="tmp_pix_2_1_i" fromId="43" toId="49">
</dataflow>
<dataflow id="377" from="_ssdm_op_SpecRegionEnd" to="empty_35" fromId="376" toId="51">
</dataflow>
<dataflow id="378" from="p_str13" to="empty_35" fromId="333" toId="51">
</dataflow>
<dataflow id="379" from="tmp_28_i" to="empty_35" fromId="32" toId="51">
</dataflow>
<dataflow id="380" from="StgValue_113" to="tmp_3" fromId="113" toId="53">
<condition id="93">
<or_exp><and_exp><literal name="tmp_22_i" val="1"/>
</and_exp></or_exp>
</condition>
</dataflow>
<dataflow id="381" from="StgValue_50" to="tmp_3" fromId="50" toId="53">
</dataflow>
<dataflow id="382" from="p_01_1_i" to="tmp_3" fromId="65" toId="53">
<BackEdge/>
<condition id="94">
<or_exp><and_exp><literal name="exitcond_i" val="1"/>
</and_exp></or_exp>
</condition>
</dataflow>
<dataflow id="383" from="StgValue_79" to="tmp_3" fromId="79" toId="53">
<BackEdge/>
</dataflow>
<dataflow id="385" from="StgValue_384" to="ik_i" fromId="384" toId="54">
<condition id="95">
<or_exp><and_exp><literal name="tmp_22_i" val="1"/>
</and_exp></or_exp>
</condition>
</dataflow>
<dataflow id="386" from="StgValue_50" to="ik_i" fromId="50" toId="54">
</dataflow>
<dataflow id="387" from="ik" to="ik_i" fromId="57" toId="54">
<BackEdge/>
<condition id="96">
<or_exp><and_exp><literal name="exitcond_i" val="1"/>
</and_exp></or_exp>
</condition>
</dataflow>
<dataflow id="388" from="StgValue_79" to="ik_i" fromId="79" toId="54">
<BackEdge/>
</dataflow>
<dataflow id="389" from="ik_i" to="exitcond3_i" fromId="54" toId="55">
</dataflow>
<dataflow id="391" from="StgValue_390" to="exitcond3_i" fromId="390" toId="55">
</dataflow>
<dataflow id="392" from="_ssdm_op_SpecLoopTripCount" to="StgValue_56" fromId="335" toId="56">
</dataflow>
<dataflow id="394" from="StgValue_393" to="StgValue_56" fromId="393" toId="56">
</dataflow>
<dataflow id="395" from="StgValue_393" to="StgValue_56" fromId="393" toId="56">
</dataflow>
<dataflow id="396" from="StgValue_393" to="StgValue_56" fromId="393" toId="56">
</dataflow>
<dataflow id="397" from="ik_i" to="ik" fromId="54" toId="57">
</dataflow>
<dataflow id="399" from="StgValue_398" to="ik" fromId="398" toId="57">
</dataflow>
<dataflow id="400" from="exitcond3_i" to="StgValue_58" fromId="55" toId="58">
</dataflow>
<dataflow id="402" from="_ssdm_op_BitConcatenate.i3.i2.i1" to="tmp_9" fromId="401" toId="59">
</dataflow>
<dataflow id="403" from="ik_i" to="tmp_9" fromId="54" toId="59">
</dataflow>
<dataflow id="405" from="StgValue_404" to="tmp_9" fromId="404" toId="59">
</dataflow>
<dataflow id="406" from="tmp_9" to="tmp_10_cast" fromId="59" toId="60">
</dataflow>
<dataflow id="408" from="_ssdm_op_Write.ap_fifo.volatile.i32P" to="StgValue_62" fromId="407" toId="62">
</dataflow>
<dataflow id="409" from="out_image_V" to="StgValue_62" fromId="105" toId="62">
</dataflow>
<dataflow id="410" from="tmp_3" to="StgValue_62" fromId="53" toId="62">
</dataflow>
<dataflow id="411" from="_ssdm_op_SpecRegionEnd" to="empty_34" fromId="376" toId="63">
</dataflow>
<dataflow id="412" from="p_str14" to="empty_34" fromId="354" toId="63">
</dataflow>
<dataflow id="413" from="tmp_29_i" to="empty_34" fromId="41" toId="63">
</dataflow>
<dataflow id="414" from="sum" to="p_01_1_i" fromId="82" toId="65">
<BackEdge/>
<condition id="97">
<or_exp><and_exp></and_exp></or_exp>
</condition>
</dataflow>
<dataflow id="415" from="StgValue_83" to="p_01_1_i" fromId="83" toId="65">
<BackEdge/>
</dataflow>
<dataflow id="416" from="tmp_3" to="p_01_1_i" fromId="53" toId="65">
<condition id="98">
<or_exp><and_exp><literal name="exitcond3_i" val="0"/>
</and_exp></or_exp>
</condition>
</dataflow>
<dataflow id="417" from="StgValue_61" to="p_01_1_i" fromId="61" toId="65">
</dataflow>
<dataflow id="418" from="jk" to="jk_i" fromId="69" toId="66">
<BackEdge/>
<condition id="99">
<or_exp><and_exp></and_exp></or_exp>
</condition>
</dataflow>
<dataflow id="419" from="StgValue_83" to="jk_i" fromId="83" toId="66">
<BackEdge/>
</dataflow>
<dataflow id="420" from="StgValue_384" to="jk_i" fromId="384" toId="66">
<condition id="100">
<or_exp><and_exp><literal name="exitcond3_i" val="0"/>
</and_exp></or_exp>
</condition>
</dataflow>
<dataflow id="421" from="StgValue_61" to="jk_i" fromId="61" toId="66">
</dataflow>
<dataflow id="422" from="jk_i" to="exitcond_i" fromId="66" toId="67">
</dataflow>
<dataflow id="424" from="StgValue_423" to="exitcond_i" fromId="423" toId="67">
</dataflow>
<dataflow id="425" from="_ssdm_op_SpecLoopTripCount" to="StgValue_68" fromId="335" toId="68">
</dataflow>
<dataflow id="427" from="StgValue_426" to="StgValue_68" fromId="426" toId="68">
</dataflow>
<dataflow id="428" from="StgValue_426" to="StgValue_68" fromId="426" toId="68">
</dataflow>
<dataflow id="429" from="StgValue_426" to="StgValue_68" fromId="426" toId="68">
</dataflow>
<dataflow id="430" from="jk_i" to="jk" fromId="66" toId="69">
</dataflow>
<dataflow id="431" from="StgValue_398" to="jk" fromId="398" toId="69">
</dataflow>
<dataflow id="432" from="exitcond_i" to="StgValue_70" fromId="67" toId="70">
</dataflow>
<dataflow id="433" from="jk_i" to="tmp_24_i_cast" fromId="66" toId="71">
</dataflow>
<dataflow id="434" from="tmp_10_cast" to="tmp_s" fromId="60" toId="72">
</dataflow>
<dataflow id="435" from="tmp_24_i_cast" to="tmp_s" fromId="71" toId="72">
</dataflow>
<dataflow id="436" from="tmp_s" to="tmp_11_cast" fromId="72" toId="73">
</dataflow>
<dataflow id="437" from="kernel" to="kernel_addr" fromId="98" toId="74">
</dataflow>
<dataflow id="439" from="StgValue_438" to="kernel_addr" fromId="438" toId="74">
</dataflow>
<dataflow id="440" from="tmp_11_cast" to="kernel_addr" fromId="73" toId="74">
</dataflow>
<dataflow id="441" from="jk_i" to="tmp" fromId="66" toId="75">
</dataflow>
<dataflow id="442" from="_ssdm_op_BitConcatenate.i3.i2.i1" to="tmp_34_i" fromId="401" toId="76">
</dataflow>
<dataflow id="443" from="ik_i" to="tmp_34_i" fromId="54" toId="76">
</dataflow>
<dataflow id="444" from="tmp" to="tmp_34_i" fromId="75" toId="76">
</dataflow>
<dataflow id="446" from="_ssdm_op_Mux.ap_auto.6i32.i3" to="tmp_6" fromId="445" toId="77">
</dataflow>
<dataflow id="447" from="tmp_pix_0_0_i" to="tmp_6" fromId="44" toId="77">
</dataflow>
<dataflow id="448" from="tmp_pix_0_1_i" to="tmp_6" fromId="45" toId="77">
</dataflow>
<dataflow id="449" from="tmp_pix_1_0_i" to="tmp_6" fromId="46" toId="77">
</dataflow>
<dataflow id="450" from="tmp_pix_1_1_i" to="tmp_6" fromId="47" toId="77">
</dataflow>
<dataflow id="451" from="tmp_pix_2_0_i" to="tmp_6" fromId="48" toId="77">
</dataflow>
<dataflow id="452" from="tmp_pix_2_1_i" to="tmp_6" fromId="49" toId="77">
</dataflow>
<dataflow id="453" from="tmp_34_i" to="tmp_6" fromId="76" toId="77">
</dataflow>
<dataflow id="454" from="kernel_addr" to="kernel_load" fromId="74" toId="78">
</dataflow>
<dataflow id="455" from="kernel_addr" to="kernel_load" fromId="74" toId="80">
</dataflow>
<dataflow id="456" from="tmp_6" to="tmp_25_i" fromId="77" toId="81">
</dataflow>
<dataflow id="457" from="kernel_load" to="tmp_25_i" fromId="80" toId="81">
</dataflow>
<dataflow id="458" from="p_01_1_i" to="sum" fromId="65" toId="82">
</dataflow>
<dataflow id="459" from="tmp_25_i" to="sum" fromId="81" toId="82">
</dataflow>
<dataflow id="460" from="tmp_21_i" to="StgValue_2" fromId="29" toId="2">
</dataflow>
<dataflow id="461" from="tmp_22_i" to="StgValue_3" fromId="38" toId="3">
</dataflow>
<dataflow id="462" from="exitcond3_i" to="StgValue_4" fromId="55" toId="4">
</dataflow>
<dataflow id="463" from="exitcond_i" to="StgValue_5" fromId="67" toId="5">
</dataflow>
</dataflows>


</stg>
