<stg><name>processConvolution2d</name>


<trans_list>

<trans id="84" from="1" to="2">
<condition id="25">
<or_exp><and_exp></and_exp></or_exp>
</condition>
</trans>

<trans id="85" from="2" to="3">
<condition id="27">
<or_exp><and_exp><literal name="tmp_21_i" val="1"/>
</and_exp></or_exp>
</condition>
</trans>

<trans id="86" from="3" to="4">
<condition id="29">
<or_exp><and_exp><literal name="tmp_22_i" val="1"/>
</and_exp></or_exp>
</condition>
</trans>

<trans id="95" from="3" to="2">
<condition id="43">
<or_exp><and_exp><literal name="tmp_22_i" val="0"/>
</and_exp></or_exp>
</condition>
</trans>

<trans id="87" from="4" to="5">
<condition id="31">
<or_exp><and_exp><literal name="exitcond3_i" val="0"/>
</and_exp></or_exp>
</condition>
</trans>

<trans id="94" from="4" to="3">
<condition id="41">
<or_exp><and_exp><literal name="exitcond3_i" val="1"/>
</and_exp></or_exp>
</condition>
</trans>

<trans id="88" from="5" to="6">
<condition id="32">
<or_exp><and_exp><literal name="exitcond_i" val="0"/>
</and_exp></or_exp>
</condition>
</trans>

<trans id="93" from="5" to="4">
<condition id="39">
<or_exp><and_exp><literal name="exitcond_i" val="1"/>
</and_exp></or_exp>
</condition>
</trans>

<trans id="90" from="6" to="7">
<condition id="34">
<or_exp><and_exp></and_exp></or_exp>
</condition>
</trans>

<trans id="91" from="7" to="8">
<condition id="35">
<or_exp><and_exp></and_exp></or_exp>
</condition>
</trans>

<trans id="92" from="8" to="5">
<condition id="37">
<or_exp><and_exp></and_exp></or_exp>
</condition>
</trans>
</trans_list>



<state_list>

<state id="1" st_id="1">

<operation id="9" st_id="1" stage="1" lat="1">
<core>NULL</core>
<MemPortIdVec></MemPortIdVec>
<condition id="0">
<or_exp><and_exp></and_exp></or_exp>
</condition>

<Node id="13" bw="32" op_0_bw="32" op_1_bw="32" op_2_bw="0" op_3_bw="32" op_4_bw="32" op_5_bw="0" op_6_bw="32" op_7_bw="32" op_8_bw="0" op_9_bw="0" op_10_bw="0" op_11_bw="32" op_12_bw="32" op_13_bw="32" op_14_bw="32" op_15_bw="0" op_16_bw="0">
<![CDATA[
entry:0  %empty = call i32 (...)* @_ssdm_op_SpecInterface(i32* %out_image_V, [8 x i8]* @ap_fifo_str, i32 0, i32 0, [1 x i8]* @p_str, i32 0, i32 0, [1 x i8]* @p_str, [1 x i8]* @p_str, [1 x i8]* @p_str, i32 2, i32 2, i32 16, i32 16, [1 x i8]* @p_str, [1 x i8]* @p_str)

]]></Node>
<StgValue><ssdm name="empty"/></StgValue>
</operation>

<operation id="10" st_id="1" stage="1" lat="1">
<core>NULL</core>
<MemPortIdVec></MemPortIdVec>
<condition id="0">
<or_exp><and_exp></and_exp></or_exp>
</condition>

<Node id="14" bw="32" op_0_bw="32" op_1_bw="32" op_2_bw="0" op_3_bw="32" op_4_bw="32" op_5_bw="0" op_6_bw="32" op_7_bw="32" op_8_bw="0" op_9_bw="0" op_10_bw="0" op_11_bw="32" op_12_bw="32" op_13_bw="32" op_14_bw="32" op_15_bw="0" op_16_bw="0">
<![CDATA[
entry:1  %empty_22 = call i32 (...)* @_ssdm_op_SpecInterface(i32* %windows_V_pix_2_1, [8 x i8]* @ap_fifo_str, i32 0, i32 0, [1 x i8]* @p_str, i32 0, i32 0, [1 x i8]* @p_str, [1 x i8]* @p_str, [1 x i8]* @p_str, i32 2, i32 2, i32 16, i32 16, [1 x i8]* @p_str, [1 x i8]* @p_str)

]]></Node>
<StgValue><ssdm name="empty_22"/></StgValue>
</operation>

<operation id="11" st_id="1" stage="1" lat="1">
<core>NULL</core>
<MemPortIdVec></MemPortIdVec>
<condition id="0">
<or_exp><and_exp></and_exp></or_exp>
</condition>

<Node id="15" bw="32" op_0_bw="32" op_1_bw="32" op_2_bw="0" op_3_bw="32" op_4_bw="32" op_5_bw="0" op_6_bw="32" op_7_bw="32" op_8_bw="0" op_9_bw="0" op_10_bw="0" op_11_bw="32" op_12_bw="32" op_13_bw="32" op_14_bw="32" op_15_bw="0" op_16_bw="0">
<![CDATA[
entry:2  %empty_23 = call i32 (...)* @_ssdm_op_SpecInterface(i32* %windows_V_pix_2_0, [8 x i8]* @ap_fifo_str, i32 0, i32 0, [1 x i8]* @p_str, i32 0, i32 0, [1 x i8]* @p_str, [1 x i8]* @p_str, [1 x i8]* @p_str, i32 2, i32 2, i32 16, i32 16, [1 x i8]* @p_str, [1 x i8]* @p_str)

]]></Node>
<StgValue><ssdm name="empty_23"/></StgValue>
</operation>

<operation id="12" st_id="1" stage="1" lat="1">
<core>NULL</core>
<MemPortIdVec></MemPortIdVec>
<condition id="0">
<or_exp><and_exp></and_exp></or_exp>
</condition>

<Node id="16" bw="32" op_0_bw="32" op_1_bw="32" op_2_bw="0" op_3_bw="32" op_4_bw="32" op_5_bw="0" op_6_bw="32" op_7_bw="32" op_8_bw="0" op_9_bw="0" op_10_bw="0" op_11_bw="32" op_12_bw="32" op_13_bw="32" op_14_bw="32" op_15_bw="0" op_16_bw="0">
<![CDATA[
entry:3  %empty_24 = call i32 (...)* @_ssdm_op_SpecInterface(i32* %windows_V_pix_1_1, [8 x i8]* @ap_fifo_str, i32 0, i32 0, [1 x i8]* @p_str, i32 0, i32 0, [1 x i8]* @p_str, [1 x i8]* @p_str, [1 x i8]* @p_str, i32 2, i32 2, i32 16, i32 16, [1 x i8]* @p_str, [1 x i8]* @p_str)

]]></Node>
<StgValue><ssdm name="empty_24"/></StgValue>
</operation>

<operation id="13" st_id="1" stage="1" lat="1">
<core>NULL</core>
<MemPortIdVec></MemPortIdVec>
<condition id="0">
<or_exp><and_exp></and_exp></or_exp>
</condition>

<Node id="17" bw="32" op_0_bw="32" op_1_bw="32" op_2_bw="0" op_3_bw="32" op_4_bw="32" op_5_bw="0" op_6_bw="32" op_7_bw="32" op_8_bw="0" op_9_bw="0" op_10_bw="0" op_11_bw="32" op_12_bw="32" op_13_bw="32" op_14_bw="32" op_15_bw="0" op_16_bw="0">
<![CDATA[
entry:4  %empty_25 = call i32 (...)* @_ssdm_op_SpecInterface(i32* %windows_V_pix_1_0, [8 x i8]* @ap_fifo_str, i32 0, i32 0, [1 x i8]* @p_str, i32 0, i32 0, [1 x i8]* @p_str, [1 x i8]* @p_str, [1 x i8]* @p_str, i32 2, i32 2, i32 16, i32 16, [1 x i8]* @p_str, [1 x i8]* @p_str)

]]></Node>
<StgValue><ssdm name="empty_25"/></StgValue>
</operation>

<operation id="14" st_id="1" stage="1" lat="1">
<core>NULL</core>
<MemPortIdVec></MemPortIdVec>
<condition id="0">
<or_exp><and_exp></and_exp></or_exp>
</condition>

<Node id="18" bw="32" op_0_bw="32" op_1_bw="32" op_2_bw="0" op_3_bw="32" op_4_bw="32" op_5_bw="0" op_6_bw="32" op_7_bw="32" op_8_bw="0" op_9_bw="0" op_10_bw="0" op_11_bw="32" op_12_bw="32" op_13_bw="32" op_14_bw="32" op_15_bw="0" op_16_bw="0">
<![CDATA[
entry:5  %empty_26 = call i32 (...)* @_ssdm_op_SpecInterface(i32* %windows_V_pix_0_1, [8 x i8]* @ap_fifo_str, i32 0, i32 0, [1 x i8]* @p_str, i32 0, i32 0, [1 x i8]* @p_str, [1 x i8]* @p_str, [1 x i8]* @p_str, i32 2, i32 2, i32 16, i32 16, [1 x i8]* @p_str, [1 x i8]* @p_str)

]]></Node>
<StgValue><ssdm name="empty_26"/></StgValue>
</operation>

<operation id="15" st_id="1" stage="1" lat="1">
<core>NULL</core>
<MemPortIdVec></MemPortIdVec>
<condition id="0">
<or_exp><and_exp></and_exp></or_exp>
</condition>

<Node id="19" bw="32" op_0_bw="32" op_1_bw="32" op_2_bw="0" op_3_bw="32" op_4_bw="32" op_5_bw="0" op_6_bw="32" op_7_bw="32" op_8_bw="0" op_9_bw="0" op_10_bw="0" op_11_bw="32" op_12_bw="32" op_13_bw="32" op_14_bw="32" op_15_bw="0" op_16_bw="0">
<![CDATA[
entry:6  %empty_27 = call i32 (...)* @_ssdm_op_SpecInterface(i32* %windows_V_pix_0_0, [8 x i8]* @ap_fifo_str, i32 0, i32 0, [1 x i8]* @p_str, i32 0, i32 0, [1 x i8]* @p_str, [1 x i8]* @p_str, [1 x i8]* @p_str, i32 2, i32 2, i32 16, i32 16, [1 x i8]* @p_str, [1 x i8]* @p_str)

]]></Node>
<StgValue><ssdm name="empty_27"/></StgValue>
</operation>

<operation id="16" st_id="1" stage="1" lat="1">
<core>NULL</core>
<MemPortIdVec></MemPortIdVec>
<condition id="0">
<or_exp><and_exp></and_exp></or_exp>
</condition>

<Node id="20" bw="32" op_0_bw="32" op_1_bw="32" op_2_bw="0" op_3_bw="32" op_4_bw="32" op_5_bw="0" op_6_bw="32" op_7_bw="32" op_8_bw="0" op_9_bw="0" op_10_bw="0" op_11_bw="32" op_12_bw="32" op_13_bw="32" op_14_bw="32" op_15_bw="0" op_16_bw="0">
<![CDATA[
entry:7  %empty_28 = call i32 (...)* @_ssdm_op_SpecInterface(i32* %height, [8 x i8]* @ap_fifo_str, i32 0, i32 0, [1 x i8]* @p_str, i32 0, i32 0, [1 x i8]* @p_str, [1 x i8]* @p_str, [1 x i8]* @p_str, i32 2, i32 2, i32 16, i32 16, [1 x i8]* @p_str, [1 x i8]* @p_str)

]]></Node>
<StgValue><ssdm name="empty_28"/></StgValue>
</operation>

<operation id="17" st_id="1" stage="1" lat="1">
<core>NULL</core>
<MemPortIdVec></MemPortIdVec>
<condition id="0">
<or_exp><and_exp></and_exp></or_exp>
</condition>

<Node id="21" bw="32" op_0_bw="32" op_1_bw="32" op_2_bw="0" op_3_bw="32" op_4_bw="32" op_5_bw="0" op_6_bw="32" op_7_bw="32" op_8_bw="0" op_9_bw="0" op_10_bw="0" op_11_bw="32" op_12_bw="32" op_13_bw="32" op_14_bw="32" op_15_bw="0" op_16_bw="0">
<![CDATA[
entry:8  %empty_29 = call i32 (...)* @_ssdm_op_SpecInterface(i32* %width, [8 x i8]* @ap_fifo_str, i32 0, i32 0, [1 x i8]* @p_str, i32 0, i32 0, [1 x i8]* @p_str, [1 x i8]* @p_str, [1 x i8]* @p_str, i32 2, i32 2, i32 16, i32 16, [1 x i8]* @p_str, [1 x i8]* @p_str)

]]></Node>
<StgValue><ssdm name="empty_29"/></StgValue>
</operation>

<operation id="18" st_id="1" stage="1" lat="1">
<core>FIFO</core>
<MemPortIdVec></MemPortIdVec>
<condition id="0">
<or_exp><and_exp></and_exp></or_exp>
</condition>

<Node id="22" bw="32" op_0_bw="32" op_1_bw="32">
<![CDATA[
entry:9  %width_read = call i32 @_ssdm_op_Read.ap_fifo.i32P(i32* %width)

]]></Node>
<StgValue><ssdm name="width_read"/></StgValue>
</operation>

<operation id="19" st_id="1" stage="1" lat="1">
<core>FIFO</core>
<MemPortIdVec></MemPortIdVec>
<condition id="0">
<or_exp><and_exp></and_exp></or_exp>
</condition>

<Node id="23" bw="32" op_0_bw="32" op_1_bw="32">
<![CDATA[
entry:10  %height_read = call i32 @_ssdm_op_Read.ap_fifo.i32P(i32* %height)

]]></Node>
<StgValue><ssdm name="height_read"/></StgValue>
</operation>

<operation id="20" st_id="1" stage="1" lat="1">
<core>NULL</core>
<MemPortIdVec></MemPortIdVec>
<condition id="0">
<or_exp><and_exp></and_exp></or_exp>
</condition>

<Node id="24" bw="32" op_0_bw="32" op_1_bw="32" op_2_bw="0" op_3_bw="32" op_4_bw="32" op_5_bw="0" op_6_bw="32" op_7_bw="32" op_8_bw="0" op_9_bw="0" op_10_bw="0" op_11_bw="32" op_12_bw="32" op_13_bw="32" op_14_bw="32" op_15_bw="0" op_16_bw="0">
<![CDATA[
entry:11  %empty_30 = call i32 (...)* @_ssdm_op_SpecInterface(i32* %width_out, [8 x i8]* @ap_fifo_str, i32 0, i32 0, [1 x i8]* @p_str, i32 0, i32 0, [1 x i8]* @p_str, [1 x i8]* @p_str, [1 x i8]* @p_str, i32 2, i32 2, i32 16, i32 16, [1 x i8]* @p_str, [1 x i8]* @p_str)

]]></Node>
<StgValue><ssdm name="empty_30"/></StgValue>
</operation>

<operation id="21" st_id="1" stage="1" lat="1">
<core>FIFO</core>
<MemPortIdVec></MemPortIdVec>
<condition id="0">
<or_exp><and_exp></and_exp></or_exp>
</condition>

<Node id="25" bw="0" op_0_bw="0" op_1_bw="32" op_2_bw="32">
<![CDATA[
entry:12  call void @_ssdm_op_Write.ap_fifo.i32P(i32* %width_out, i32 %width_read)

]]></Node>
<StgValue><ssdm name=""/></StgValue>
</operation>

<operation id="22" st_id="1" stage="1" lat="1">
<core>NULL</core>
<MemPortIdVec></MemPortIdVec>
<condition id="0">
<or_exp><and_exp></and_exp></or_exp>
</condition>

<Node id="26" bw="32" op_0_bw="32" op_1_bw="32" op_2_bw="0" op_3_bw="32" op_4_bw="32" op_5_bw="0" op_6_bw="32" op_7_bw="32" op_8_bw="0" op_9_bw="0" op_10_bw="0" op_11_bw="32" op_12_bw="32" op_13_bw="32" op_14_bw="32" op_15_bw="0" op_16_bw="0">
<![CDATA[
entry:13  %empty_31 = call i32 (...)* @_ssdm_op_SpecInterface(i32* %height_out, [8 x i8]* @ap_fifo_str, i32 0, i32 0, [1 x i8]* @p_str, i32 0, i32 0, [1 x i8]* @p_str, [1 x i8]* @p_str, [1 x i8]* @p_str, i32 2, i32 2, i32 16, i32 16, [1 x i8]* @p_str, [1 x i8]* @p_str)

]]></Node>
<StgValue><ssdm name="empty_31"/></StgValue>
</operation>

<operation id="23" st_id="1" stage="1" lat="1">
<core>FIFO</core>
<MemPortIdVec></MemPortIdVec>
<condition id="0">
<or_exp><and_exp></and_exp></or_exp>
</condition>

<Node id="27" bw="0" op_0_bw="0" op_1_bw="32" op_2_bw="32">
<![CDATA[
entry:14  call void @_ssdm_op_Write.ap_fifo.i32P(i32* %height_out, i32 %height_read)

]]></Node>
<StgValue><ssdm name=""/></StgValue>
</operation>

<operation id="24" st_id="1" stage="1" lat="1">
<core>AddSub</core>
<MemPortIdVec></MemPortIdVec>
<condition id="0">
<or_exp><and_exp></and_exp></or_exp>
</condition>

<Node id="28" bw="32" op_0_bw="32" op_1_bw="32">
<![CDATA[
entry:15  %tmp_i = add nsw i32 %height_read, -2

]]></Node>
<StgValue><ssdm name="tmp_i"/></StgValue>
</operation>

<operation id="25" st_id="1" stage="1" lat="1">
<core>AddSub</core>
<MemPortIdVec></MemPortIdVec>
<condition id="0">
<or_exp><and_exp></and_exp></or_exp>
</condition>

<Node id="29" bw="32" op_0_bw="32" op_1_bw="32">
<![CDATA[
entry:16  %tmp_i_32 = add nsw i32 %width_read, -1

]]></Node>
<StgValue><ssdm name="tmp_i_32"/></StgValue>
</operation>

<operation id="26" st_id="1" stage="1" lat="1">
<core>NULL</core>
<MemPortIdVec></MemPortIdVec>
<condition id="0">
<or_exp><and_exp></and_exp></or_exp>
</condition>

<Node id="30" bw="0" op_0_bw="0">
<![CDATA[
entry:17  br label %0

]]></Node>
<StgValue><ssdm name=""/></StgValue>
</operation>
</state>

<state id="2" st_id="2">

<operation id="27" st_id="2" stage="1" lat="1">
<core>NULL</core>
<MemPortIdVec></MemPortIdVec>
<condition id="1">
<or_exp><and_exp></and_exp></or_exp>
</condition>

<Node id="32" bw="31" op_0_bw="31" op_1_bw="0">
<![CDATA[
:0  %i_i = phi i31 [ 0, %entry ], [ %i, %6 ]

]]></Node>
<StgValue><ssdm name="i_i"/></StgValue>
</operation>

<operation id="28" st_id="2" stage="1" lat="1">
<core>NULL</core>
<MemPortIdVec></MemPortIdVec>
<condition id="1">
<or_exp><and_exp></and_exp></or_exp>
</condition>

<Node id="33" bw="32" op_0_bw="31">
<![CDATA[
:1  %i_cast_i = zext i31 %i_i to i32

]]></Node>
<StgValue><ssdm name="i_cast_i"/></StgValue>
</operation>

<operation id="29" st_id="2" stage="1" lat="1">
<core>Cmp</core>
<MemPortIdVec></MemPortIdVec>
<condition id="1">
<or_exp><and_exp></and_exp></or_exp>
</condition>

<Node id="34" bw="1" op_0_bw="32" op_1_bw="32">
<![CDATA[
:2  %tmp_21_i = icmp slt i32 %i_cast_i, %tmp_i

]]></Node>
<StgValue><ssdm name="tmp_21_i"/></StgValue>
</operation>

<operation id="30" st_id="2" stage="1" lat="1">
<core>AddSub</core>
<MemPortIdVec></MemPortIdVec>
<condition id="1">
<or_exp><and_exp></and_exp></or_exp>
</condition>

<Node id="35" bw="31" op_0_bw="31" op_1_bw="31">
<![CDATA[
:3  %i = add i31 %i_i, 1

]]></Node>
<StgValue><ssdm name="i"/></StgValue>
</operation>

<operation id="31" st_id="2" stage="1" lat="1">
<core>NULL</core>
<MemPortIdVec></MemPortIdVec>
<condition id="1">
<or_exp><and_exp></and_exp></or_exp>
</condition>

<Node id="36" bw="0" op_0_bw="1" op_1_bw="0" op_2_bw="0">
<![CDATA[
:4  br i1 %tmp_21_i, label %1, label %.exit

]]></Node>
<StgValue><ssdm name=""/></StgValue>
</operation>

<operation id="32" st_id="2" stage="1" lat="1">
<core>NULL</core>
<MemPortIdVec></MemPortIdVec>
<condition id="3">
<or_exp><and_exp><literal name="tmp_21_i" val="1"/>
</and_exp></or_exp>
</condition>

<Node id="38" bw="32" op_0_bw="32" op_1_bw="0">
<![CDATA[
:0  %tmp_28_i = call i32 (...)* @_ssdm_op_SpecRegionBegin([12 x i8]* @p_str13)

]]></Node>
<StgValue><ssdm name="tmp_28_i"/></StgValue>
</operation>

<operation id="33" st_id="2" stage="1" lat="1">
<core>NULL</core>
<MemPortIdVec></MemPortIdVec>
<condition id="3">
<or_exp><and_exp><literal name="tmp_21_i" val="1"/>
</and_exp></or_exp>
</condition>

<Node id="39" bw="0" op_0_bw="0" op_1_bw="32" op_2_bw="32" op_3_bw="32" op_4_bw="0">
<![CDATA[
:1  call void (...)* @_ssdm_op_SpecLoopTripCount(i32 0, i32 14, i32 0, [1 x i8]* @p_str4) nounwind

]]></Node>
<StgValue><ssdm name=""/></StgValue>
</operation>

<operation id="34" st_id="2" stage="1" lat="1">
<core>NULL</core>
<MemPortIdVec></MemPortIdVec>
<condition id="3">
<or_exp><and_exp><literal name="tmp_21_i" val="1"/>
</and_exp></or_exp>
</condition>

<Node id="40" bw="0" op_0_bw="0">
<![CDATA[
:2  br label %2

]]></Node>
<StgValue><ssdm name=""/></StgValue>
</operation>

<operation id="35" st_id="2" stage="1" lat="1">
<core>NULL</core>
<MemPortIdVec></MemPortIdVec>
<condition id="5">
<or_exp><and_exp><literal name="tmp_21_i" val="0"/>
</and_exp></or_exp>
</condition>

<Node id="98" bw="0">
<![CDATA[
.exit:0  ret void

]]></Node>
<StgValue><ssdm name=""/></StgValue>
</operation>
</state>

<state id="3" st_id="3">

<operation id="36" st_id="3" stage="1" lat="1">
<core>NULL</core>
<MemPortIdVec></MemPortIdVec>
<condition id="6">
<or_exp><and_exp></and_exp></or_exp>
</condition>

<Node id="42" bw="31" op_0_bw="31" op_1_bw="0">
<![CDATA[
:0  %j_i = phi i31 [ 0, %1 ], [ %j, %5 ]

]]></Node>
<StgValue><ssdm name="j_i"/></StgValue>
</operation>

<operation id="37" st_id="3" stage="1" lat="1">
<core>NULL</core>
<MemPortIdVec></MemPortIdVec>
<condition id="6">
<or_exp><and_exp></and_exp></or_exp>
</condition>

<Node id="43" bw="32" op_0_bw="31">
<![CDATA[
:1  %j_cast_i = zext i31 %j_i to i32

]]></Node>
<StgValue><ssdm name="j_cast_i"/></StgValue>
</operation>

<operation id="38" st_id="3" stage="1" lat="1">
<core>Cmp</core>
<MemPortIdVec></MemPortIdVec>
<condition id="6">
<or_exp><and_exp></and_exp></or_exp>
</condition>

<Node id="44" bw="1" op_0_bw="32" op_1_bw="32">
<![CDATA[
:2  %tmp_22_i = icmp slt i32 %j_cast_i, %tmp_i_32

]]></Node>
<StgValue><ssdm name="tmp_22_i"/></StgValue>
</operation>

<operation id="39" st_id="3" stage="1" lat="1">
<core>AddSub</core>
<MemPortIdVec></MemPortIdVec>
<condition id="6">
<or_exp><and_exp></and_exp></or_exp>
</condition>

<Node id="45" bw="31" op_0_bw="31" op_1_bw="31">
<![CDATA[
:3  %j = add i31 %j_i, 1

]]></Node>
<StgValue><ssdm name="j"/></StgValue>
</operation>

<operation id="40" st_id="3" stage="1" lat="1">
<core>NULL</core>
<MemPortIdVec></MemPortIdVec>
<condition id="6">
<or_exp><and_exp></and_exp></or_exp>
</condition>

<Node id="46" bw="0" op_0_bw="1" op_1_bw="0" op_2_bw="0">
<![CDATA[
:4  br i1 %tmp_22_i, label %3, label %6

]]></Node>
<StgValue><ssdm name=""/></StgValue>
</operation>

<operation id="41" st_id="3" stage="1" lat="1">
<core>NULL</core>
<MemPortIdVec></MemPortIdVec>
<condition id="8">
<or_exp><and_exp><literal name="tmp_22_i" val="1"/>
</and_exp></or_exp>
</condition>

<Node id="48" bw="32" op_0_bw="32" op_1_bw="0">
<![CDATA[
:0  %tmp_29_i = call i32 (...)* @_ssdm_op_SpecRegionBegin([12 x i8]* @p_str14)

]]></Node>
<StgValue><ssdm name="tmp_29_i"/></StgValue>
</operation>

<operation id="42" st_id="3" stage="1" lat="1">
<core>NULL</core>
<MemPortIdVec></MemPortIdVec>
<condition id="8">
<or_exp><and_exp><literal name="tmp_22_i" val="1"/>
</and_exp></or_exp>
</condition>

<Node id="49" bw="0" op_0_bw="0" op_1_bw="32" op_2_bw="32" op_3_bw="32" op_4_bw="0">
<![CDATA[
:1  call void (...)* @_ssdm_op_SpecLoopTripCount(i32 0, i32 15, i32 0, [1 x i8]* @p_str4) nounwind

]]></Node>
<StgValue><ssdm name=""/></StgValue>
</operation>

<operation id="43" st_id="3" stage="1" lat="1">
<core>FIFO</core>
<MemPortIdVec></MemPortIdVec>
<condition id="8">
<or_exp><and_exp><literal name="tmp_22_i" val="1"/>
</and_exp></or_exp>
</condition>

<Node id="50" bw="192" op_0_bw="192" op_1_bw="32" op_2_bw="32" op_3_bw="32" op_4_bw="32" op_5_bw="32" op_6_bw="32">
<![CDATA[
:2  %empty_33 = call { i32, i32, i32, i32, i32, i32 } @_ssdm_op_Read.ap_fifo.volatile.i32P.i32P.i32P.i32P.i32P.i32P(i32* %windows_V_pix_0_0, i32* %windows_V_pix_0_1, i32* %windows_V_pix_1_0, i32* %windows_V_pix_1_1, i32* %windows_V_pix_2_0, i32* %windows_V_pix_2_1)

]]></Node>
<StgValue><ssdm name="empty_33"/></StgValue>
</operation>

<operation id="44" st_id="3" stage="1" lat="1">
<core>NULL</core>
<MemPortIdVec></MemPortIdVec>
<condition id="8">
<or_exp><and_exp><literal name="tmp_22_i" val="1"/>
</and_exp></or_exp>
</condition>

<Node id="51" bw="32" op_0_bw="192">
<![CDATA[
:3  %tmp_pix_0_0_i = extractvalue { i32, i32, i32, i32, i32, i32 } %empty_33, 0

]]></Node>
<StgValue><ssdm name="tmp_pix_0_0_i"/></StgValue>
</operation>

<operation id="45" st_id="3" stage="1" lat="1">
<core>NULL</core>
<MemPortIdVec></MemPortIdVec>
<condition id="8">
<or_exp><and_exp><literal name="tmp_22_i" val="1"/>
</and_exp></or_exp>
</condition>

<Node id="52" bw="32" op_0_bw="192">
<![CDATA[
:4  %tmp_pix_0_1_i = extractvalue { i32, i32, i32, i32, i32, i32 } %empty_33, 1

]]></Node>
<StgValue><ssdm name="tmp_pix_0_1_i"/></StgValue>
</operation>

<operation id="46" st_id="3" stage="1" lat="1">
<core>NULL</core>
<MemPortIdVec></MemPortIdVec>
<condition id="8">
<or_exp><and_exp><literal name="tmp_22_i" val="1"/>
</and_exp></or_exp>
</condition>

<Node id="53" bw="32" op_0_bw="192">
<![CDATA[
:5  %tmp_pix_1_0_i = extractvalue { i32, i32, i32, i32, i32, i32 } %empty_33, 2

]]></Node>
<StgValue><ssdm name="tmp_pix_1_0_i"/></StgValue>
</operation>

<operation id="47" st_id="3" stage="1" lat="1">
<core>NULL</core>
<MemPortIdVec></MemPortIdVec>
<condition id="8">
<or_exp><and_exp><literal name="tmp_22_i" val="1"/>
</and_exp></or_exp>
</condition>

<Node id="54" bw="32" op_0_bw="192">
<![CDATA[
:6  %tmp_pix_1_1_i = extractvalue { i32, i32, i32, i32, i32, i32 } %empty_33, 3

]]></Node>
<StgValue><ssdm name="tmp_pix_1_1_i"/></StgValue>
</operation>

<operation id="48" st_id="3" stage="1" lat="1">
<core>NULL</core>
<MemPortIdVec></MemPortIdVec>
<condition id="8">
<or_exp><and_exp><literal name="tmp_22_i" val="1"/>
</and_exp></or_exp>
</condition>

<Node id="55" bw="32" op_0_bw="192">
<![CDATA[
:7  %tmp_pix_2_0_i = extractvalue { i32, i32, i32, i32, i32, i32 } %empty_33, 4

]]></Node>
<StgValue><ssdm name="tmp_pix_2_0_i"/></StgValue>
</operation>

<operation id="49" st_id="3" stage="1" lat="1">
<core>NULL</core>
<MemPortIdVec></MemPortIdVec>
<condition id="8">
<or_exp><and_exp><literal name="tmp_22_i" val="1"/>
</and_exp></or_exp>
</condition>

<Node id="56" bw="32" op_0_bw="192">
<![CDATA[
:8  %tmp_pix_2_1_i = extractvalue { i32, i32, i32, i32, i32, i32 } %empty_33, 5

]]></Node>
<StgValue><ssdm name="tmp_pix_2_1_i"/></StgValue>
</operation>

<operation id="50" st_id="3" stage="1" lat="1">
<core>NULL</core>
<MemPortIdVec></MemPortIdVec>
<condition id="8">
<or_exp><and_exp><literal name="tmp_22_i" val="1"/>
</and_exp></or_exp>
</condition>

<Node id="57" bw="0" op_0_bw="0">
<![CDATA[
:9  br label %.loopexit

]]></Node>
<StgValue><ssdm name=""/></StgValue>
</operation>

<operation id="51" st_id="3" stage="1" lat="1">
<core>NULL</core>
<MemPortIdVec></MemPortIdVec>
<condition id="10">
<or_exp><and_exp><literal name="tmp_22_i" val="0"/>
</and_exp></or_exp>
</condition>

<Node id="95" bw="32" op_0_bw="32" op_1_bw="0" op_2_bw="32">
<![CDATA[
:0  %empty_35 = call i32 (...)* @_ssdm_op_SpecRegionEnd([12 x i8]* @p_str13, i32 %tmp_28_i)

]]></Node>
<StgValue><ssdm name="empty_35"/></StgValue>
</operation>

<operation id="52" st_id="3" stage="1" lat="1">
<core>NULL</core>
<MemPortIdVec></MemPortIdVec>
<condition id="10">
<or_exp><and_exp><literal name="tmp_22_i" val="0"/>
</and_exp></or_exp>
</condition>

<Node id="96" bw="0" op_0_bw="0">
<![CDATA[
:1  br label %0

]]></Node>
<StgValue><ssdm name=""/></StgValue>
</operation>
</state>

<state id="4" st_id="4">

<operation id="53" st_id="4" stage="1" lat="1">
<core>NULL</core>
<MemPortIdVec></MemPortIdVec>
<condition id="11">
<or_exp><and_exp></and_exp></or_exp>
</condition>

<Node id="59" bw="32" op_0_bw="32" op_1_bw="0">
<![CDATA[
.loopexit:0  %tmp_3 = phi i32 [ 0, %3 ], [ %p_01_1_i, %.loopexit.loopexit ]

]]></Node>
<StgValue><ssdm name="tmp_3"/></StgValue>
</operation>

<operation id="54" st_id="4" stage="1" lat="1">
<core>NULL</core>
<MemPortIdVec></MemPortIdVec>
<condition id="11">
<or_exp><and_exp></and_exp></or_exp>
</condition>

<Node id="60" bw="2" op_0_bw="2" op_1_bw="0">
<![CDATA[
.loopexit:1  %ik_i = phi i2 [ 0, %3 ], [ %ik, %.loopexit.loopexit ]

]]></Node>
<StgValue><ssdm name="ik_i"/></StgValue>
</operation>

<operation id="55" st_id="4" stage="1" lat="1">
<core>Cmp</core>
<MemPortIdVec></MemPortIdVec>
<condition id="11">
<or_exp><and_exp></and_exp></or_exp>
</condition>

<Node id="61" bw="1" op_0_bw="2" op_1_bw="2">
<![CDATA[
.loopexit:2  %exitcond3_i = icmp eq i2 %ik_i, -1

]]></Node>
<StgValue><ssdm name="exitcond3_i"/></StgValue>
</operation>

<operation id="56" st_id="4" stage="1" lat="1">
<core>NULL</core>
<MemPortIdVec></MemPortIdVec>
<condition id="11">
<or_exp><and_exp></and_exp></or_exp>
</condition>

<Node id="62" bw="0" op_0_bw="0" op_1_bw="64" op_2_bw="64" op_3_bw="64">
<![CDATA[
.loopexit:3  call void (...)* @_ssdm_op_SpecLoopTripCount(i64 3, i64 3, i64 3)

]]></Node>
<StgValue><ssdm name=""/></StgValue>
</operation>

<operation id="57" st_id="4" stage="1" lat="1">
<core>AddSub</core>
<MemPortIdVec></MemPortIdVec>
<condition id="11">
<or_exp><and_exp></and_exp></or_exp>
</condition>

<Node id="63" bw="2" op_0_bw="2" op_1_bw="2">
<![CDATA[
.loopexit:4  %ik = add i2 %ik_i, 1

]]></Node>
<StgValue><ssdm name="ik"/></StgValue>
</operation>

<operation id="58" st_id="4" stage="1" lat="1">
<core>NULL</core>
<MemPortIdVec></MemPortIdVec>
<condition id="11">
<or_exp><and_exp></and_exp></or_exp>
</condition>

<Node id="64" bw="0" op_0_bw="1" op_1_bw="0" op_2_bw="0">
<![CDATA[
.loopexit:5  br i1 %exitcond3_i, label %5, label %.preheader.preheader.i

]]></Node>
<StgValue><ssdm name=""/></StgValue>
</operation>

<operation id="59" st_id="4" stage="1" lat="1">
<core>NULL</core>
<MemPortIdVec></MemPortIdVec>
<condition id="13">
<or_exp><and_exp><literal name="exitcond3_i" val="0"/>
</and_exp></or_exp>
</condition>

<Node id="66" bw="3" op_0_bw="3" op_1_bw="2" op_2_bw="1">
<![CDATA[
.preheader.preheader.i:0  %tmp_9 = call i3 @_ssdm_op_BitConcatenate.i3.i2.i1(i2 %ik_i, i1 false)

]]></Node>
<StgValue><ssdm name="tmp_9"/></StgValue>
</operation>

<operation id="60" st_id="4" stage="1" lat="1">
<core>NULL</core>
<MemPortIdVec></MemPortIdVec>
<condition id="13">
<or_exp><and_exp><literal name="exitcond3_i" val="0"/>
</and_exp></or_exp>
</condition>

<Node id="67" bw="4" op_0_bw="3">
<![CDATA[
.preheader.preheader.i:1  %tmp_10_cast = zext i3 %tmp_9 to i4

]]></Node>
<StgValue><ssdm name="tmp_10_cast"/></StgValue>
</operation>

<operation id="61" st_id="4" stage="1" lat="1">
<core>NULL</core>
<MemPortIdVec></MemPortIdVec>
<condition id="13">
<or_exp><and_exp><literal name="exitcond3_i" val="0"/>
</and_exp></or_exp>
</condition>

<Node id="68" bw="0" op_0_bw="0">
<![CDATA[
.preheader.preheader.i:2  br label %.preheader.i

]]></Node>
<StgValue><ssdm name=""/></StgValue>
</operation>

<operation id="62" st_id="4" stage="1" lat="1">
<core>FIFO</core>
<MemPortIdVec></MemPortIdVec>
<condition id="15">
<or_exp><and_exp><literal name="exitcond3_i" val="1"/>
</and_exp></or_exp>
</condition>

<Node id="91" bw="0" op_0_bw="0" op_1_bw="32" op_2_bw="32">
<![CDATA[
:0  call void @_ssdm_op_Write.ap_fifo.volatile.i32P(i32* %out_image_V, i32 %tmp_3)

]]></Node>
<StgValue><ssdm name=""/></StgValue>
</operation>

<operation id="63" st_id="4" stage="1" lat="1">
<core>NULL</core>
<MemPortIdVec></MemPortIdVec>
<condition id="15">
<or_exp><and_exp><literal name="exitcond3_i" val="1"/>
</and_exp></or_exp>
</condition>

<Node id="92" bw="32" op_0_bw="32" op_1_bw="0" op_2_bw="32">
<![CDATA[
:1  %empty_34 = call i32 (...)* @_ssdm_op_SpecRegionEnd([12 x i8]* @p_str14, i32 %tmp_29_i)

]]></Node>
<StgValue><ssdm name="empty_34"/></StgValue>
</operation>

<operation id="64" st_id="4" stage="1" lat="1">
<core>NULL</core>
<MemPortIdVec></MemPortIdVec>
<condition id="15">
<or_exp><and_exp><literal name="exitcond3_i" val="1"/>
</and_exp></or_exp>
</condition>

<Node id="93" bw="0" op_0_bw="0">
<![CDATA[
:2  br label %2

]]></Node>
<StgValue><ssdm name=""/></StgValue>
</operation>
</state>

<state id="5" st_id="5">

<operation id="65" st_id="5" stage="1" lat="1">
<core>NULL</core>
<MemPortIdVec></MemPortIdVec>
<condition id="16">
<or_exp><and_exp></and_exp></or_exp>
</condition>

<Node id="70" bw="32" op_0_bw="32" op_1_bw="0">
<![CDATA[
.preheader.i:0  %p_01_1_i = phi i32 [ %sum, %4 ], [ %tmp_3, %.preheader.preheader.i ]

]]></Node>
<StgValue><ssdm name="p_01_1_i"/></StgValue>
</operation>

<operation id="66" st_id="5" stage="1" lat="1">
<core>NULL</core>
<MemPortIdVec></MemPortIdVec>
<condition id="16">
<or_exp><and_exp></and_exp></or_exp>
</condition>

<Node id="71" bw="2" op_0_bw="2" op_1_bw="0">
<![CDATA[
.preheader.i:1  %jk_i = phi i2 [ %jk, %4 ], [ 0, %.preheader.preheader.i ]

]]></Node>
<StgValue><ssdm name="jk_i"/></StgValue>
</operation>

<operation id="67" st_id="5" stage="1" lat="1">
<core>Cmp</core>
<MemPortIdVec></MemPortIdVec>
<condition id="16">
<or_exp><and_exp></and_exp></or_exp>
</condition>

<Node id="72" bw="1" op_0_bw="2" op_1_bw="2">
<![CDATA[
.preheader.i:2  %exitcond_i = icmp eq i2 %jk_i, -2

]]></Node>
<StgValue><ssdm name="exitcond_i"/></StgValue>
</operation>

<operation id="68" st_id="5" stage="1" lat="1">
<core>NULL</core>
<MemPortIdVec></MemPortIdVec>
<condition id="16">
<or_exp><and_exp></and_exp></or_exp>
</condition>

<Node id="73" bw="0" op_0_bw="0" op_1_bw="64" op_2_bw="64" op_3_bw="64">
<![CDATA[
.preheader.i:3  call void (...)* @_ssdm_op_SpecLoopTripCount(i64 2, i64 2, i64 2)

]]></Node>
<StgValue><ssdm name=""/></StgValue>
</operation>

<operation id="69" st_id="5" stage="1" lat="1">
<core>AddSub</core>
<MemPortIdVec></MemPortIdVec>
<condition id="16">
<or_exp><and_exp></and_exp></or_exp>
</condition>

<Node id="74" bw="2" op_0_bw="2" op_1_bw="2">
<![CDATA[
.preheader.i:4  %jk = add i2 %jk_i, 1

]]></Node>
<StgValue><ssdm name="jk"/></StgValue>
</operation>

<operation id="70" st_id="5" stage="1" lat="1">
<core>NULL</core>
<MemPortIdVec></MemPortIdVec>
<condition id="16">
<or_exp><and_exp></and_exp></or_exp>
</condition>

<Node id="75" bw="0" op_0_bw="1" op_1_bw="0" op_2_bw="0">
<![CDATA[
.preheader.i:5  br i1 %exitcond_i, label %.loopexit.loopexit, label %4

]]></Node>
<StgValue><ssdm name=""/></StgValue>
</operation>

<operation id="71" st_id="5" stage="1" lat="1">
<core>NULL</core>
<MemPortIdVec></MemPortIdVec>
<condition id="18">
<or_exp><and_exp><literal name="exitcond_i" val="0"/>
</and_exp></or_exp>
</condition>

<Node id="77" bw="4" op_0_bw="2">
<![CDATA[
:0  %tmp_24_i_cast = zext i2 %jk_i to i4

]]></Node>
<StgValue><ssdm name="tmp_24_i_cast"/></StgValue>
</operation>

<operation id="72" st_id="5" stage="1" lat="1">
<core>AddSub</core>
<MemPortIdVec></MemPortIdVec>
<condition id="18">
<or_exp><and_exp><literal name="exitcond_i" val="0"/>
</and_exp></or_exp>
</condition>

<Node id="78" bw="4" op_0_bw="4" op_1_bw="4">
<![CDATA[
:1  %tmp_s = add i4 %tmp_10_cast, %tmp_24_i_cast

]]></Node>
<StgValue><ssdm name="tmp_s"/></StgValue>
</operation>

<operation id="73" st_id="5" stage="1" lat="1">
<core>NULL</core>
<MemPortIdVec></MemPortIdVec>
<condition id="18">
<or_exp><and_exp><literal name="exitcond_i" val="0"/>
</and_exp></or_exp>
</condition>

<Node id="79" bw="64" op_0_bw="4">
<![CDATA[
:2  %tmp_11_cast = zext i4 %tmp_s to i64

]]></Node>
<StgValue><ssdm name="tmp_11_cast"/></StgValue>
</operation>

<operation id="74" st_id="5" stage="1" lat="1">
<core>NULL</core>
<MemPortIdVec></MemPortIdVec>
<condition id="18">
<or_exp><and_exp><literal name="exitcond_i" val="0"/>
</and_exp></or_exp>
</condition>

<Node id="80" bw="3" op_0_bw="32" op_1_bw="64" op_2_bw="64">
<![CDATA[
:3  %kernel_addr = getelementptr [6 x i32]* %kernel, i64 0, i64 %tmp_11_cast

]]></Node>
<StgValue><ssdm name="kernel_addr"/></StgValue>
</operation>

<operation id="75" st_id="5" stage="1" lat="1">
<core>NULL</core>
<MemPortIdVec></MemPortIdVec>
<condition id="18">
<or_exp><and_exp><literal name="exitcond_i" val="0"/>
</and_exp></or_exp>
</condition>

<Node id="81" bw="1" op_0_bw="2">
<![CDATA[
:4  %tmp = trunc i2 %jk_i to i1

]]></Node>
<StgValue><ssdm name="tmp"/></StgValue>
</operation>

<operation id="76" st_id="5" stage="1" lat="1">
<core>NULL</core>
<MemPortIdVec></MemPortIdVec>
<condition id="18">
<or_exp><and_exp><literal name="exitcond_i" val="0"/>
</and_exp></or_exp>
</condition>

<Node id="82" bw="3" op_0_bw="3" op_1_bw="2" op_2_bw="1">
<![CDATA[
:5  %tmp_34_i = call i3 @_ssdm_op_BitConcatenate.i3.i2.i1(i2 %ik_i, i1 %tmp)

]]></Node>
<StgValue><ssdm name="tmp_34_i"/></StgValue>
</operation>

<operation id="77" st_id="5" stage="1" lat="1">
<core>MuxnS</core>
<MemPortIdVec></MemPortIdVec>
<condition id="18">
<or_exp><and_exp><literal name="exitcond_i" val="0"/>
</and_exp></or_exp>
</condition>

<Node id="83" bw="32" op_0_bw="32" op_1_bw="32" op_2_bw="32" op_3_bw="32" op_4_bw="32" op_5_bw="32" op_6_bw="32" op_7_bw="3">
<![CDATA[
:6  %tmp_6 = call i32 @_ssdm_op_Mux.ap_auto.6i32.i3(i32 %tmp_pix_0_0_i, i32 %tmp_pix_0_1_i, i32 %tmp_pix_1_0_i, i32 %tmp_pix_1_1_i, i32 %tmp_pix_2_0_i, i32 %tmp_pix_2_1_i, i3 %tmp_34_i)

]]></Node>
<StgValue><ssdm name="tmp_6"/></StgValue>
</operation>

<operation id="78" st_id="5" stage="2" lat="2">
<core>RAM</core>
<MemPortIdVec></MemPortIdVec>
<condition id="18">
<or_exp><and_exp><literal name="exitcond_i" val="0"/>
</and_exp></or_exp>
</condition>

<Node id="84" bw="32" op_0_bw="3">
<![CDATA[
:7  %kernel_load = load i32* %kernel_addr, align 4

]]></Node>
<StgValue><ssdm name="kernel_load"/></StgValue>
</operation>

<operation id="79" st_id="5" stage="1" lat="1">
<core>NULL</core>
<MemPortIdVec></MemPortIdVec>
<condition id="20">
<or_exp><and_exp><literal name="exitcond_i" val="1"/>
</and_exp></or_exp>
</condition>

<Node id="89" bw="0" op_0_bw="0">
<![CDATA[
.loopexit.loopexit:0  br label %.loopexit

]]></Node>
<StgValue><ssdm name=""/></StgValue>
</operation>
</state>

<state id="6" st_id="6">

<operation id="80" st_id="6" stage="1" lat="2">
<core>RAM</core>
<MemPortIdVec></MemPortIdVec>
<condition id="21">
<or_exp><and_exp></and_exp></or_exp>
</condition>

<Node id="84" bw="32" op_0_bw="3">
<![CDATA[
:7  %kernel_load = load i32* %kernel_addr, align 4

]]></Node>
<StgValue><ssdm name="kernel_load"/></StgValue>
</operation>
</state>

<state id="7" st_id="7">

<operation id="81" st_id="7" stage="1" lat="1">
<core>Mul</core>
<MemPortIdVec></MemPortIdVec>
<condition id="22">
<or_exp><and_exp></and_exp></or_exp>
</condition>

<Node id="85" bw="32" op_0_bw="32" op_1_bw="32">
<![CDATA[
:8  %tmp_25_i = mul nsw i32 %tmp_6, %kernel_load

]]></Node>
<StgValue><ssdm name="tmp_25_i"/></StgValue>
</operation>
</state>

<state id="8" st_id="8">

<operation id="82" st_id="8" stage="1" lat="1">
<core>AddSub</core>
<MemPortIdVec></MemPortIdVec>
<condition id="23">
<or_exp><and_exp></and_exp></or_exp>
</condition>

<Node id="86" bw="32" op_0_bw="32" op_1_bw="32">
<![CDATA[
:9  %sum = add nsw i32 %p_01_1_i, %tmp_25_i

]]></Node>
<StgValue><ssdm name="sum"/></StgValue>
</operation>

<operation id="83" st_id="8" stage="1" lat="1">
<core>NULL</core>
<MemPortIdVec></MemPortIdVec>
<condition id="23">
<or_exp><and_exp></and_exp></or_exp>
</condition>

<Node id="87" bw="0" op_0_bw="0">
<![CDATA[
:10  br label %.preheader.i

]]></Node>
<StgValue><ssdm name=""/></StgValue>
</operation>
</state>
</state_list>


<ports>
</ports>


<dataflows>
</dataflows>


</stg>
