<profile>

<section name = "Vivado HLS Report for 'readWindow'" level="0">
<item name = "Date">Sat Dec 14 18:17:38 2024
</item>
<item name = "Version">2018.1 (Build 2188600 on Wed Apr 04 19:04:02 MDT 2018)</item>
<item name = "Project">Convolution2D</item>
<item name = "Solution">solution1</item>
<item name = "Product family">zynq</item>
<item name = "Target device">xc7z020clg484-1</item>
</section>

<section name = "Performance Estimates" level="0">
<item name = "Timing (ns)">
<section name = "" level="1">
<item name = "Summary"><table name="" hasTotal="0">
<keys size="4">Clock, Target, Estimated, Uncertainty</keys>
<column name="ap_clk">10.00, 8.51, 1.25</column>
</table>
</item>
</section>
</item>
<item name = "Latency (clock cycles)">
<section name = "" level="1">
<item name = "Summary"><table name="" hasTotal="0">
<keys size="6">, min, max, min, max, Type</keys>
<column name="">2, 8626, 2, 8626, none</column>
</table>
</item>
<item name = "Detail">
<section name = "" level="1">
<item name = "Instance"><table name="" hasTotal="0">
<keys size="7">Instance, Module, min, max, min, max, Type</keys>
</table>
</item>
<item name = "Loop"><table name="" hasTotal="0">
<keys size="8">Loop Name, min, max, Latency, achieved, target, Count, Pipelined</keys>
<column name="- Loop 1">0, 8624, 38 ~ 308, -, -, 0 ~ 28, no</column>
<column name=" + Loop 1.1">231, 231, 77, -, -, 3, no</column>
<column name="  ++ Loop 1.1.1">74, 74, 37, -, -, 2, no</column>
</table>
</item>
</section>
</item>
</section>
</item>
</section>

<section name = "Utilization Estimates" level="0">
<item name = "Summary"><table name="" hasTotal="1">
<keys size="5">Name, BRAM_18K, DSP48E, FF, LUT</keys>
<column name="DSP">-, -, -, -</column>
<column name="Expression">-, 6, 0, 339</column>
<column name="FIFO">-, -, -, -</column>
<column name="Instance">-, -, 1206, 765</column>
<column name="Memory">0, -, 64, 3</column>
<column name="Multiplexer">-, -, -, 698</column>
<column name="Register">-, -, 1703, -</column>
<specialColumn name="Available">280, 220, 106400, 53200</specialColumn>
<specialColumn name="Utilization (%)">0, 2, 2, 3</specialColumn>
</table>
</item>
<item name = "Detail">
<section name = "" level="1">
<item name = "Instance"><table name="" hasTotal="1">
<keys size="6">Instance, Module, BRAM_18K, DSP48E, FF, LUT</keys>
<column name="convolution2d_muxg8j_U19">convolution2d_muxg8j, 0, 0, 0, 33</column>
<column name="convolution2d_sredEe_U16">convolution2d_sredEe, 0, 0, 406, 247</column>
<column name="convolution2d_sreeOg_U17">convolution2d_sreeOg, 0, 0, 406, 247</column>
<column name="convolution2d_srefYi_U18">convolution2d_srefYi, 0, 0, 394, 238</column>
</table>
</item>
<item name = "DSP48"><table name="" hasTotal="0">
<keys size="3">Instance, Module, Expression</keys>
</table>
</item>
<item name = "Memory"><table name="" hasTotal="1">
<keys size="9">Memory, Module, BRAM_18K, FF, LUT, Words, Bits, Banks, W*Bits*Banks</keys>
<column name="window_pix_U">readWindow_windowcud, 0, 64, 3, 6, 32, 1, 192</column>
</table>
</item>
<item name = "FIFO"><table name="" hasTotal="1">
<keys size="7">Name, BRAM_18K, FF, LUT, Depth, Bits, Size:D*B</keys>
</table>
</item>
<item name = "Expression"><table name="" hasTotal="1">
<keys size="7">Variable Name, Operation, DSP48E, FF, LUT, Bitwidth P0, Bitwidth P1</keys>
<column name="num_iterations_fu_440_p2">*, 3, 0, 20, 32, 32</column>
<column name="tmp_5_i_fu_675_p2">*, 3, 0, 20, 32, 2</column>
<column name="bufferSize_fu_449_p2">+, 0, 0, 39, 2, 32</column>
<column name="grp_fu_721_p0">+, 0, 0, 39, 32, 32</column>
<column name="i_fu_669_p2">+, 0, 0, 10, 2, 1</column>
<column name="it_fu_470_p2">+, 0, 0, 38, 31, 1</column>
<column name="j_fu_706_p2">+, 0, 0, 10, 2, 1</column>
<column name="tmp1_fu_696_p2">+, 0, 0, 39, 32, 32</column>
<column name="tmp_5_fu_730_p2">+, 0, 0, 13, 4, 4</column>
<column name="ap_block_state117">and, 0, 0, 2, 1, 1</column>
<column name="ap_predicate_op446_write_state117">and, 0, 0, 2, 1, 1</column>
<column name="windows_V_pix_0_01_status">and, 0, 0, 2, 1, 1</column>
<column name="exitcond5_i_fu_663_p2">icmp, 0, 0, 8, 2, 2</column>
<column name="exitcond_i_fu_700_p2">icmp, 0, 0, 9, 2, 3</column>
<column name="tmp_1_i_fu_655_p2">icmp, 0, 0, 18, 32, 32</column>
<column name="tmp_3_i_fu_919_p2">icmp, 0, 0, 18, 32, 1</column>
<column name="tmp_8_i_fu_465_p2">icmp, 0, 0, 18, 32, 32</column>
<column name="ap_block_state1">or, 0, 0, 2, 1, 1</column>
<column name="tmp_7_i_fu_455_p2">or, 0, 0, 32, 32, 1</column>
</table>
</item>
<item name = "Multiplexer"><table name="" hasTotal="1">
<keys size="5">Name, LUT, Input Size, Bits, Total Bits</keys>
<column name="ap_NS_fsm">515, 118, 1, 118</column>
<column name="ap_done">9, 2, 1, 2</column>
<column name="height_blk_n">9, 2, 1, 2</column>
<column name="height_out_blk_n">9, 2, 1, 2</column>
<column name="i_i_reg_417">9, 2, 2, 4</column>
<column name="image_V_blk_n">9, 2, 1, 2</column>
<column name="it_i_reg_406">9, 2, 31, 62</column>
<column name="j_i_reg_429">9, 2, 2, 4</column>
<column name="width_blk_n">9, 2, 1, 2</column>
<column name="width_out_blk_n">9, 2, 1, 2</column>
<column name="window_pix_address0">27, 5, 3, 15</column>
<column name="window_pix_address1">21, 4, 3, 12</column>
<column name="windows_V_pix_0_0_blk_n">9, 2, 1, 2</column>
<column name="windows_V_pix_0_1_blk_n">9, 2, 1, 2</column>
<column name="windows_V_pix_1_0_blk_n">9, 2, 1, 2</column>
<column name="windows_V_pix_1_1_blk_n">9, 2, 1, 2</column>
<column name="windows_V_pix_2_0_blk_n">9, 2, 1, 2</column>
<column name="windows_V_pix_2_1_blk_n">9, 2, 1, 2</column>
</table>
</item>
<item name = "Register"><table name="" hasTotal="1">
<keys size="5">Name, FF, LUT, Bits, Const Bits</keys>
<column name="ap_CS_fsm">117, 0, 117, 0</column>
<column name="ap_done_reg">1, 0, 1, 0</column>
<column name="bufferSize_reg_1177">31, 0, 32, 1</column>
<column name="height_read_reg_1137">32, 0, 32, 0</column>
<column name="i_i_reg_417">2, 0, 2, 0</column>
<column name="i_reg_1218">2, 0, 2, 0</column>
<column name="index_reg_1256">6, 0, 6, 0</column>
<column name="it_cast_i_reg_1188">31, 0, 32, 1</column>
<column name="it_i_reg_406">31, 0, 31, 0</column>
<column name="it_reg_1198">31, 0, 31, 0</column>
<column name="j_i_reg_429">2, 0, 2, 0</column>
<column name="j_reg_1241">2, 0, 2, 0</column>
<column name="num_iterations_reg_1172">32, 0, 32, 0</column>
<column name="ptr_reg_1203">32, 0, 32, 0</column>
<column name="tmp1_reg_1233">32, 0, 32, 0</column>
<column name="tmp_10_fu_180">32, 0, 32, 0</column>
<column name="tmp_11_fu_184">32, 0, 32, 0</column>
<column name="tmp_12_fu_188">32, 0, 32, 0</column>
<column name="tmp_13_fu_192">32, 0, 32, 0</column>
<column name="tmp_14_fu_196">32, 0, 32, 0</column>
<column name="tmp_15_fu_200">32, 0, 32, 0</column>
<column name="tmp_16_fu_204">32, 0, 32, 0</column>
<column name="tmp_17_fu_208">32, 0, 32, 0</column>
<column name="tmp_18_fu_212">32, 0, 32, 0</column>
<column name="tmp_19_fu_216">32, 0, 32, 0</column>
<column name="tmp_1_fu_156">32, 0, 32, 0</column>
<column name="tmp_1_i_reg_1211">1, 0, 1, 0</column>
<column name="tmp_20_fu_220">32, 0, 32, 0</column>
<column name="tmp_21_fu_224">32, 0, 32, 0</column>
<column name="tmp_22_fu_228">32, 0, 32, 0</column>
<column name="tmp_23_fu_232">32, 0, 32, 0</column>
<column name="tmp_24_fu_236">32, 0, 32, 0</column>
<column name="tmp_25_fu_240">32, 0, 32, 0</column>
<column name="tmp_26_fu_244">32, 0, 32, 0</column>
<column name="tmp_27_fu_248">32, 0, 32, 0</column>
<column name="tmp_28_fu_252">32, 0, 32, 0</column>
<column name="tmp_29_fu_256">32, 0, 32, 0</column>
<column name="tmp_30_fu_260">32, 0, 32, 0</column>
<column name="tmp_31_fu_264">32, 0, 32, 0</column>
<column name="tmp_32_fu_268">32, 0, 32, 0</column>
<column name="tmp_33_fu_272">32, 0, 32, 0</column>
<column name="tmp_34_fu_276">32, 0, 32, 0</column>
<column name="tmp_35_fu_280">32, 0, 32, 0</column>
<column name="tmp_36_fu_284">32, 0, 32, 0</column>
<column name="tmp_3_i_reg_1261">1, 0, 1, 0</column>
<column name="tmp_4_cast_reg_1228">2, 0, 4, 2</column>
<column name="tmp_4_fu_160">32, 0, 32, 0</column>
<column name="tmp_5_i_reg_1223">32, 0, 32, 0</column>
<column name="tmp_5_reg_1251">4, 0, 4, 0</column>
<column name="tmp_6_fu_164">32, 0, 32, 0</column>
<column name="tmp_7_fu_168">32, 0, 32, 0</column>
<column name="tmp_7_i_reg_1183">31, 0, 32, 1</column>
<column name="tmp_8_fu_172">32, 0, 32, 0</column>
<column name="tmp_9_fu_176">32, 0, 32, 0</column>
<column name="tmp_fu_152">32, 0, 32, 0</column>
<column name="tmp_pix_0_0_reg_1265">32, 0, 32, 0</column>
<column name="tmp_pix_0_1_reg_1270">32, 0, 32, 0</column>
<column name="tmp_pix_1_0_reg_1275">32, 0, 32, 0</column>
<column name="tmp_pix_1_1_reg_1280">32, 0, 32, 0</column>
<column name="width_read_reg_1129">32, 0, 32, 0</column>
</table>
</item>
</section>
</item>
</section>

<section name = "Interface" level="0">
<item name = "Summary"><table name="" hasTotal="0">
<keys size="6">RTL Ports, Dir, Bits, Protocol, Source Object, C Type</keys>
<column name="ap_clk">in, 1, ap_ctrl_hs, readWindow, return value</column>
<column name="ap_rst">in, 1, ap_ctrl_hs, readWindow, return value</column>
<column name="ap_start">in, 1, ap_ctrl_hs, readWindow, return value</column>
<column name="ap_done">out, 1, ap_ctrl_hs, readWindow, return value</column>
<column name="ap_continue">in, 1, ap_ctrl_hs, readWindow, return value</column>
<column name="ap_idle">out, 1, ap_ctrl_hs, readWindow, return value</column>
<column name="ap_ready">out, 1, ap_ctrl_hs, readWindow, return value</column>
<column name="width_dout">in, 32, ap_fifo, width, pointer</column>
<column name="width_empty_n">in, 1, ap_fifo, width, pointer</column>
<column name="width_read">out, 1, ap_fifo, width, pointer</column>
<column name="height_dout">in, 32, ap_fifo, height, pointer</column>
<column name="height_empty_n">in, 1, ap_fifo, height, pointer</column>
<column name="height_read">out, 1, ap_fifo, height, pointer</column>
<column name="image_V_dout">in, 32, ap_fifo, image_V, pointer</column>
<column name="image_V_empty_n">in, 1, ap_fifo, image_V, pointer</column>
<column name="image_V_read">out, 1, ap_fifo, image_V, pointer</column>
<column name="windows_V_pix_0_0_din">out, 32, ap_fifo, windows_V_pix_0_0, pointer</column>
<column name="windows_V_pix_0_0_full_n">in, 1, ap_fifo, windows_V_pix_0_0, pointer</column>
<column name="windows_V_pix_0_0_write">out, 1, ap_fifo, windows_V_pix_0_0, pointer</column>
<column name="windows_V_pix_0_1_din">out, 32, ap_fifo, windows_V_pix_0_1, pointer</column>
<column name="windows_V_pix_0_1_full_n">in, 1, ap_fifo, windows_V_pix_0_1, pointer</column>
<column name="windows_V_pix_0_1_write">out, 1, ap_fifo, windows_V_pix_0_1, pointer</column>
<column name="windows_V_pix_1_0_din">out, 32, ap_fifo, windows_V_pix_1_0, pointer</column>
<column name="windows_V_pix_1_0_full_n">in, 1, ap_fifo, windows_V_pix_1_0, pointer</column>
<column name="windows_V_pix_1_0_write">out, 1, ap_fifo, windows_V_pix_1_0, pointer</column>
<column name="windows_V_pix_1_1_din">out, 32, ap_fifo, windows_V_pix_1_1, pointer</column>
<column name="windows_V_pix_1_1_full_n">in, 1, ap_fifo, windows_V_pix_1_1, pointer</column>
<column name="windows_V_pix_1_1_write">out, 1, ap_fifo, windows_V_pix_1_1, pointer</column>
<column name="windows_V_pix_2_0_din">out, 32, ap_fifo, windows_V_pix_2_0, pointer</column>
<column name="windows_V_pix_2_0_full_n">in, 1, ap_fifo, windows_V_pix_2_0, pointer</column>
<column name="windows_V_pix_2_0_write">out, 1, ap_fifo, windows_V_pix_2_0, pointer</column>
<column name="windows_V_pix_2_1_din">out, 32, ap_fifo, windows_V_pix_2_1, pointer</column>
<column name="windows_V_pix_2_1_full_n">in, 1, ap_fifo, windows_V_pix_2_1, pointer</column>
<column name="windows_V_pix_2_1_write">out, 1, ap_fifo, windows_V_pix_2_1, pointer</column>
<column name="width_out_din">out, 32, ap_fifo, width_out, pointer</column>
<column name="width_out_full_n">in, 1, ap_fifo, width_out, pointer</column>
<column name="width_out_write">out, 1, ap_fifo, width_out, pointer</column>
<column name="height_out_din">out, 32, ap_fifo, height_out, pointer</column>
<column name="height_out_full_n">in, 1, ap_fifo, height_out, pointer</column>
<column name="height_out_write">out, 1, ap_fifo, height_out, pointer</column>
</table>
</item>
</section>
</profile>
