<profile>

<section name = "Vivado HLS Report for 'readFromMemory'" level="0">
<item name = "Date">Sat Dec 14 18:17:37 2024
</item>
<item name = "Version">2018.1 (Build 2188600 on Wed Apr 04 19:04:02 MDT 2018)</item>
<item name = "Project">Convolution2D</item>
<item name = "Solution">solution1</item>
<item name = "Product family">zynq</item>
<item name = "Target device">xc7z020clg484-1</item>
</section>

<section name = "Performance Estimates" level="0">
<item name = "Timing (ns)">
<section name = "" level="1">
<item name = "Summary"><table name="" hasTotal="0">
<keys size="4">Clock, Target, Estimated, Uncertainty</keys>
<column name="ap_clk">10.00, 6.89, 1.25</column>
</table>
</item>
</section>
</item>
<item name = "Latency (clock cycles)">
<section name = "" level="1">
<item name = "Summary"><table name="" hasTotal="0">
<keys size="6">, min, max, min, max, Type</keys>
<column name="">14, 558, 14, 558, none</column>
</table>
</item>
<item name = "Detail">
<section name = "" level="1">
<item name = "Instance"><table name="" hasTotal="0">
<keys size="7">Instance, Module, min, max, min, max, Type</keys>
</table>
</item>
<item name = "Loop"><table name="" hasTotal="0">
<keys size="8">Loop Name, min, max, Latency, achieved, target, Count, Pipelined</keys>
<column name="- READ_KERNEL_OUTER">12, 12, 4, -, -, 3, no</column>
<column name=" + READ_KERNEL_INNER">2, 2, 1, -, -, 2, no</column>
<column name="- READ_IMAGE_OUTER">0, 544, 2 ~ 34, -, -, 0 ~ 16, no</column>
<column name=" + READ_IMAGE_INNER">0, 32, 2, -, -, 0 ~ 16, no</column>
</table>
</item>
</section>
</item>
</section>
</item>
</section>

<section name = "Utilization Estimates" level="0">
<item name = "Summary"><table name="" hasTotal="1">
<keys size="5">Name, BRAM_18K, DSP48E, FF, LUT</keys>
<column name="DSP">-, -, -, -</column>
<column name="Expression">-, -, 0, 254</column>
<column name="FIFO">-, -, -, -</column>
<column name="Instance">-, -, 0, 33</column>
<column name="Memory">-, -, -, -</column>
<column name="Multiplexer">-, -, -, 128</column>
<column name="Register">-, -, 206, -</column>
<specialColumn name="Available">280, 220, 106400, 53200</specialColumn>
<specialColumn name="Utilization (%)">0, 0, ~0, ~0</specialColumn>
</table>
</item>
<item name = "Detail">
<section name = "" level="1">
<item name = "Instance"><table name="" hasTotal="1">
<keys size="6">Instance, Module, BRAM_18K, DSP48E, FF, LUT</keys>
<column name="convolution2d_muxbkb_U1">convolution2d_muxbkb, 0, 0, 0, 33</column>
</table>
</item>
<item name = "DSP48"><table name="" hasTotal="0">
<keys size="3">Instance, Module, Expression</keys>
</table>
</item>
<item name = "Memory"><table name="" hasTotal="1">
<keys size="9">Memory, Module, BRAM_18K, FF, LUT, Words, Bits, Banks, W*Bits*Banks</keys>
</table>
</item>
<item name = "FIFO"><table name="" hasTotal="1">
<keys size="7">Name, BRAM_18K, FF, LUT, Depth, Bits, Size:D*B</keys>
</table>
</item>
<item name = "Expression"><table name="" hasTotal="1">
<keys size="7">Variable Name, Operation, DSP48E, FF, LUT, Bitwidth P0, Bitwidth P1</keys>
<column name="i_fu_332_p2">+, 0, 0, 38, 31, 1</column>
<column name="ik_fu_246_p2">+, 0, 0, 10, 2, 1</column>
<column name="j_fu_347_p2">+, 0, 0, 38, 31, 1</column>
<column name="jk_fu_270_p2">+, 0, 0, 10, 2, 1</column>
<column name="next_mul_fu_318_p2">+, 0, 0, 39, 32, 32</column>
<column name="tmp_18_i_fu_353_p2">+, 0, 0, 39, 32, 32</column>
<column name="tmp_7_fu_308_p2">+, 0, 0, 13, 4, 4</column>
<column name="value_fu_285_p7">+, 0, 0, 12, 3, 3</column>
<column name="exitcond2_i_fu_240_p2">icmp, 0, 0, 8, 2, 2</column>
<column name="exitcond_i_fu_264_p2">icmp, 0, 0, 9, 2, 3</column>
<column name="tmp_12_i_fu_327_p2">icmp, 0, 0, 18, 32, 32</column>
<column name="tmp_14_i_fu_342_p2">icmp, 0, 0, 18, 32, 32</column>
<column name="ap_block_state1">or, 0, 0, 2, 1, 1</column>
</table>
</item>
<item name = "Multiplexer"><table name="" hasTotal="1">
<keys size="5">Name, LUT, Input Size, Bits, Total Bits</keys>
<column name="ap_NS_fsm">38, 7, 1, 7</column>
<column name="ap_done">9, 2, 1, 2</column>
<column name="height_out_blk_n">9, 2, 1, 2</column>
<column name="i_i_reg_206">9, 2, 31, 62</column>
<column name="ik_i_reg_184">9, 2, 2, 4</column>
<column name="image_V_blk_n">9, 2, 1, 2</column>
<column name="j_i_reg_229">9, 2, 31, 62</column>
<column name="jk_i_reg_195">9, 2, 2, 4</column>
<column name="phi_mul_reg_217">9, 2, 32, 64</column>
<column name="real_start">9, 2, 1, 2</column>
<column name="width_out_blk_n">9, 2, 1, 2</column>
</table>
</item>
<item name = "Register"><table name="" hasTotal="1">
<keys size="5">Name, FF, LUT, Bits, Const Bits</keys>
<column name="ap_CS_fsm">6, 0, 6, 0</column>
<column name="ap_done_reg">1, 0, 1, 0</column>
<column name="i_i_reg_206">31, 0, 31, 0</column>
<column name="i_reg_409">31, 0, 31, 0</column>
<column name="ik_i_reg_184">2, 0, 2, 0</column>
<column name="ik_reg_378">2, 0, 2, 0</column>
<column name="j_i_reg_229">31, 0, 31, 0</column>
<column name="j_reg_417">31, 0, 31, 0</column>
<column name="jk_i_reg_195">2, 0, 2, 0</column>
<column name="next_mul_reg_401">32, 0, 32, 0</column>
<column name="phi_mul_reg_217">32, 0, 32, 0</column>
<column name="start_once_reg">1, 0, 1, 0</column>
<column name="tmp_6_cast_reg_388">2, 0, 4, 2</column>
<column name="tmp_reg_383">2, 0, 3, 1</column>
</table>
</item>
</section>
</item>
</section>

<section name = "Interface" level="0">
<item name = "Summary"><table name="" hasTotal="0">
<keys size="6">RTL Ports, Dir, Bits, Protocol, Source Object, C Type</keys>
<column name="ap_clk">in, 1, ap_ctrl_hs, readFromMemory, return value</column>
<column name="ap_rst">in, 1, ap_ctrl_hs, readFromMemory, return value</column>
<column name="ap_start">in, 1, ap_ctrl_hs, readFromMemory, return value</column>
<column name="start_full_n">in, 1, ap_ctrl_hs, readFromMemory, return value</column>
<column name="ap_done">out, 1, ap_ctrl_hs, readFromMemory, return value</column>
<column name="ap_continue">in, 1, ap_ctrl_hs, readFromMemory, return value</column>
<column name="ap_idle">out, 1, ap_ctrl_hs, readFromMemory, return value</column>
<column name="ap_ready">out, 1, ap_ctrl_hs, readFromMemory, return value</column>
<column name="start_out">out, 1, ap_ctrl_hs, readFromMemory, return value</column>
<column name="start_write">out, 1, ap_ctrl_hs, readFromMemory, return value</column>
<column name="width">in, 32, ap_none, width, scalar</column>
<column name="height">in, 32, ap_none, height, scalar</column>
<column name="kernelSrc_0">in, 32, ap_none, kernelSrc_0, pointer</column>
<column name="kernelSrc_1">in, 32, ap_none, kernelSrc_1, pointer</column>
<column name="kernelSrc_2">in, 32, ap_none, kernelSrc_2, pointer</column>
<column name="kernelSrc_3">in, 32, ap_none, kernelSrc_3, pointer</column>
<column name="kernelSrc_4">in, 32, ap_none, kernelSrc_4, pointer</column>
<column name="kernelSrc_5">in, 32, ap_none, kernelSrc_5, pointer</column>
<column name="kernel_address0">out, 3, ap_memory, kernel, array</column>
<column name="kernel_ce0">out, 1, ap_memory, kernel, array</column>
<column name="kernel_we0">out, 1, ap_memory, kernel, array</column>
<column name="kernel_d0">out, 32, ap_memory, kernel, array</column>
<column name="src_address0">out, 8, ap_memory, src, array</column>
<column name="src_ce0">out, 1, ap_memory, src, array</column>
<column name="src_q0">in, 32, ap_memory, src, array</column>
<column name="image_V_din">out, 32, ap_fifo, image_V, pointer</column>
<column name="image_V_full_n">in, 1, ap_fifo, image_V, pointer</column>
<column name="image_V_write">out, 1, ap_fifo, image_V, pointer</column>
<column name="width_out_din">out, 32, ap_fifo, width_out, pointer</column>
<column name="width_out_full_n">in, 1, ap_fifo, width_out, pointer</column>
<column name="width_out_write">out, 1, ap_fifo, width_out, pointer</column>
<column name="height_out_din">out, 32, ap_fifo, height_out, pointer</column>
<column name="height_out_full_n">in, 1, ap_fifo, height_out, pointer</column>
<column name="height_out_write">out, 1, ap_fifo, height_out, pointer</column>
</table>
</item>
</section>
</profile>
