{
  "Top": "convolution2d",
  "RtlTop": "convolution2d",
  "RtlPrefix": "",
  "SourceLanguage": "c",
  "ResetStyle": "control",
  "GenerateBdFiles": "0",
  "HostMachineBits": "64",
  "Target": {
    "Family": "zynq",
    "Device": "xc7z020",
    "Package": "clg484",
    "Speed": "-1"
  },
  "HlsSolution": {"Directives": [
      "unroll convolution2d\/K_LOOP_COL {} {}",
      "unroll convolution2d\/K_LOOP_ROW {} {}"
    ]},
  "ClockInfo": {
    "ClockName": "ap_clk",
    "ClockPeriod": "10",
    "IsCombLogic": "0",
    "II": "x",
    "Latency": "241",
    "Uncertainty": "1.25"
  },
  "Xdc": {"OocClocks": ["create_clock -name ap_clk -period 10.000 [get_ports ap_clk]"]},
  "Ipx": {
    "Vendor": "xilinx.com",
    "Library": "hls",
    "Name": "convolution2d",
    "Version": "1.0",
    "DisplayName": "Convolution2d",
    "Revision": "",
    "Description": "An IP generated by Vivado HLS",
    "Taxonomy": "\/VIVADO_HLS_IP"
  },
  "Files": {
    "CSource": ["..\/..\/..\/Storage\/Class\/2024-2025\/Embed\/convolution2d\/convolution2d.c"],
    "Vhdl": ["impl\/vhdl\/convolution2d.vhd"],
    "Verilog": ["impl\/verilog\/convolution2d.v"],
    "Misc": ["impl\/misc\/logo.png"]
  },
  "SubcoreInfo": {
    "HasXpmMemory": false,
    "HasClockedDsp": false,
    "IP": []
  },
  "Interfaces": {
    "I_address0": {
      "type": "data",
      "dir": "out",
      "width": "6",
      "ctype": {"DATA": {
          "Type": "null",
          "Width": "6"
        }}
    },
    "I_address1": {
      "type": "data",
      "dir": "out",
      "width": "6",
      "ctype": {"DATA": {
          "Type": "null",
          "Width": "6"
        }}
    },
    "I_q0": {
      "type": "data",
      "dir": "in",
      "width": "32",
      "ctype": {"DATA": {
          "Type": "integer signed",
          "Width": "32"
        }}
    },
    "I_q1": {
      "type": "data",
      "dir": "in",
      "width": "32",
      "ctype": {"DATA": {
          "Type": "integer signed",
          "Width": "32"
        }}
    },
    "J_address0": {
      "type": "data",
      "dir": "out",
      "width": "5",
      "ctype": {"DATA": {
          "Type": "null",
          "Width": "5"
        }}
    },
    "J_d0": {
      "type": "data",
      "dir": "out",
      "width": "32",
      "ctype": {"DATA": {
          "Type": "integer signed",
          "Width": "32"
        }}
    },
    "K_address0": {
      "type": "data",
      "dir": "out",
      "width": "3",
      "ctype": {"DATA": {
          "Type": "null",
          "Width": "3"
        }}
    },
    "K_address1": {
      "type": "data",
      "dir": "out",
      "width": "3",
      "ctype": {"DATA": {
          "Type": "null",
          "Width": "3"
        }}
    },
    "K_q0": {
      "type": "data",
      "dir": "in",
      "width": "32",
      "ctype": {"DATA": {
          "Type": "integer signed",
          "Width": "32"
        }}
    },
    "K_q1": {
      "type": "data",
      "dir": "in",
      "width": "32",
      "ctype": {"DATA": {
          "Type": "integer signed",
          "Width": "32"
        }}
    },
    "ap_clk": {
      "type": "clock",
      "ctype": {"CLK": {"Type": "bool"}},
      "reset": "ap_rst"
    },
    "ap_ctrl": {
      "type": "ap_ctrl",
      "ctrl_ports": "ap_start ap_done ap_idle ap_ready",
      "ctype": {
        "start": {"Type": "bool"},
        "done": {"Type": "bool"},
        "idle": {"Type": "bool"},
        "ready": {"Type": "bool"}
      }
    },
    "ap_rst": {
      "type": "reset",
      "polarity": "ACTIVE_HIGH",
      "ctype": {"RST": {"Type": "bool"}}
    }
  },
  "RtlPorts": {
    "ap_clk": {
      "dir": "in",
      "width": "1"
    },
    "ap_rst": {
      "dir": "in",
      "width": "1"
    },
    "ap_start": {
      "dir": "in",
      "width": "1"
    },
    "ap_done": {
      "dir": "out",
      "width": "1"
    },
    "ap_idle": {
      "dir": "out",
      "width": "1"
    },
    "ap_ready": {
      "dir": "out",
      "width": "1"
    },
    "I_address0": {
      "dir": "out",
      "width": "6"
    },
    "I_ce0": {
      "dir": "out",
      "width": "1"
    },
    "I_q0": {
      "dir": "in",
      "width": "32"
    },
    "I_address1": {
      "dir": "out",
      "width": "6"
    },
    "I_ce1": {
      "dir": "out",
      "width": "1"
    },
    "I_q1": {
      "dir": "in",
      "width": "32"
    },
    "K_address0": {
      "dir": "out",
      "width": "3"
    },
    "K_ce0": {
      "dir": "out",
      "width": "1"
    },
    "K_q0": {
      "dir": "in",
      "width": "32"
    },
    "K_address1": {
      "dir": "out",
      "width": "3"
    },
    "K_ce1": {
      "dir": "out",
      "width": "1"
    },
    "K_q1": {
      "dir": "in",
      "width": "32"
    },
    "J_address0": {
      "dir": "out",
      "width": "5"
    },
    "J_ce0": {
      "dir": "out",
      "width": "1"
    },
    "J_we0": {
      "dir": "out",
      "width": "1"
    },
    "J_d0": {
      "dir": "out",
      "width": "32"
    }
  },
  "CPorts": {
    "ap_ctrl": {
      "interfaceRef": "ap_ctrl",
      "dir": "out"
    },
    "I_q0": {
      "interfaceRef": "I_q0",
      "dir": "in",
      "dataWidth": "32",
      "busTypeRef": "ap_memory",
      "arraySize": "50",
      "handshakeRef": "ap_none"
    },
    "I_q1": {
      "interfaceRef": "I_q1",
      "dir": "in",
      "dataWidth": "32",
      "busTypeRef": "ap_memory",
      "arraySize": "50",
      "handshakeRef": "ap_none"
    },
    "K_q0": {
      "interfaceRef": "K_q0",
      "dir": "in",
      "dataWidth": "32",
      "busTypeRef": "ap_memory",
      "arraySize": "6",
      "handshakeRef": "ap_none"
    },
    "K_q1": {
      "interfaceRef": "K_q1",
      "dir": "in",
      "dataWidth": "32",
      "busTypeRef": "ap_memory",
      "arraySize": "6",
      "handshakeRef": "ap_none"
    },
    "J_d0": {
      "interfaceRef": "J_d0",
      "dir": "out",
      "dataWidth": "32",
      "busTypeRef": "ap_memory",
      "arraySize": "32",
      "handshakeRef": "ap_none"
    }
  },
  "ModuleInfo": {
    "Hierarchy": {"ModuleName": "convolution2d"},
    "Metrics": {"convolution2d": {
        "Latency": {
          "LatencyBest": "241",
          "LatencyAvg": "241",
          "LatencyWorst": "241",
          "PipelineII": "242",
          "PipelineDepth": "",
          "PipelineType": "none"
        },
        "Timing": {
          "Target": "10.00",
          "Uncertainty": "1.25",
          "Estimate": "8.51"
        },
        "Loops": [{
            "Name": "I_LOOP_ROW",
            "TripCount": "8",
            "Latency": "240",
            "PipelineII": "",
            "PipelineDepth": "30",
            "Loops": [{
                "Name": "I_LOOP_COL",
                "TripCount": "4",
                "Latency": "28",
                "PipelineII": "",
                "PipelineDepth": "7"
              }]
          }],
        "Area": {
          "DSP48E": "6",
          "FF": "395",
          "LUT": "564",
          "BRAM_18K": "0"
        }
      }}
  },
  "GenData": {
    "DataVersion": "0.1",
    "Time": "2024-12-01 10:41:22 +0700",
    "ToolName": "vivado_hls",
    "ToolVersion": "2018.1"
  }
}
