{
  "Top": "convolution2d",
  "RtlTop": "convolution2d",
  "RtlPrefix": "",
  "SourceLanguage": "c",
  "ResetStyle": "control",
  "GenerateBdFiles": "0",
  "HostMachineBits": "64",
  "Target": {
    "Family": "zynq",
    "Device": "xc7z020",
    "Package": "clg484",
    "Speed": "-1"
  },
  "HlsSolution": {"Directives": [
      "unroll convolution2d\/K_LOOP_COL {} {}",
      "unroll convolution2d\/K_LOOP_ROW {} {}"
    ]},
  "ClockInfo": {
    "ClockName": "ap_clk",
    "ClockPeriod": "10",
    "IsCombLogic": "0",
    "II": "x",
    "Latency": "undef",
    "Uncertainty": "1.25"
  },
  "Xdc": {"OocClocks": ["create_clock -name ap_clk -period 10.000 [get_ports ap_clk]"]},
  "Ipx": {
    "Vendor": "xilinx.com",
    "Library": "hls",
    "Name": "convolution2d",
    "Version": "1.0",
    "DisplayName": "Convolution2d",
    "Revision": "",
    "Description": "An IP generated by Vivado HLS",
    "Taxonomy": "\/VIVADO_HLS_IP"
  },
  "Files": {
    "CSource": ["..\/..\/..\/Storage\/Class\/2024-2025\/Embed\/convolution2d\/convolution2d.c"],
    "Vhdl": [
      "impl\/vhdl\/convolution2d_aggbkb.vhd",
      "impl\/vhdl\/convolution2d.vhd"
    ],
    "Verilog": [
      "impl\/verilog\/convolution2d_aggbkb.v",
      "impl\/verilog\/convolution2d.v"
    ],
    "Misc": ["impl\/misc\/logo.png"]
  },
  "SubcoreInfo": {
    "HasXpmMemory": false,
    "HasClockedDsp": false,
    "IP": []
  },
  "Interfaces": {
    "ap_clk": {
      "type": "clock",
      "ctype": {"CLK": {"Type": "bool"}},
      "reset": "ap_rst"
    },
    "ap_ctrl": {
      "type": "ap_ctrl",
      "ctrl_ports": "ap_start ap_done ap_idle ap_ready",
      "ctype": {
        "start": {"Type": "bool"},
        "done": {"Type": "bool"},
        "idle": {"Type": "bool"},
        "ready": {"Type": "bool"}
      }
    },
    "ap_rst": {
      "type": "reset",
      "polarity": "ACTIVE_HIGH",
      "ctype": {"RST": {"Type": "bool"}}
    },
    "height": {
      "type": "data",
      "dir": "in",
      "width": "32",
      "ctype": {"DATA": {
          "Type": "integer unsigned",
          "Width": "32"
        }}
    },
    "kernel_address0": {
      "type": "data",
      "dir": "out",
      "width": "3",
      "ctype": {"DATA": {
          "Type": "null",
          "Width": "3"
        }}
    },
    "kernel_q0": {
      "type": "data",
      "dir": "in",
      "width": "32",
      "ctype": {"DATA": {
          "Type": "integer signed",
          "Width": "32"
        }}
    },
    "out_image_address0": {
      "type": "data",
      "dir": "out",
      "width": "5",
      "ctype": {"DATA": {
          "Type": "null",
          "Width": "5"
        }}
    },
    "out_image_d0": {
      "type": "data",
      "dir": "out",
      "width": "32",
      "ctype": {"DATA": {
          "Type": "integer signed",
          "Width": "32"
        }}
    },
    "width": {
      "type": "data",
      "dir": "in",
      "width": "32",
      "ctype": {"DATA": {
          "Type": "integer unsigned",
          "Width": "32"
        }}
    },
    "windows_data_pix_address0": {
      "type": "data",
      "dir": "out",
      "width": "5",
      "ctype": {"DATA": {
          "Type": "null",
          "Width": "5"
        }}
    },
    "windows_data_pix_address1": {
      "type": "data",
      "dir": "out",
      "width": "5",
      "ctype": {"DATA": {
          "Type": "null",
          "Width": "5"
        }}
    },
    "windows_data_pix_q0": {
      "type": "data",
      "dir": "in",
      "width": "32",
      "ctype": {"DATA": {
          "Type": "integer signed",
          "Width": "32"
        }}
    },
    "windows_data_pix_q1": {
      "type": "data",
      "dir": "in",
      "width": "32",
      "ctype": {"DATA": {
          "Type": "integer signed",
          "Width": "32"
        }}
    },
    "windows_empty": {
      "type": "data",
      "dir": "in",
      "width": "16",
      "ctype": {"DATA": {
          "Type": "integer signed",
          "Width": "16"
        }}
    },
    "windows_full": {
      "type": "data",
      "dir": "in",
      "width": "16",
      "ctype": {"DATA": {
          "Type": "integer signed",
          "Width": "16"
        }}
    },
    "windows_head": {
      "type": "data",
      "dir": "in",
      "width": "32",
      "ctype": {"DATA": {
          "Type": "integer signed",
          "Width": "32"
        }}
    },
    "windows_tail": {
      "type": "data",
      "dir": "in",
      "width": "32",
      "ctype": {"DATA": {
          "Type": "integer signed",
          "Width": "32"
        }}
    }
  },
  "RtlPorts": {
    "ap_clk": {
      "dir": "in",
      "width": "1"
    },
    "ap_rst": {
      "dir": "in",
      "width": "1"
    },
    "ap_start": {
      "dir": "in",
      "width": "1"
    },
    "ap_done": {
      "dir": "out",
      "width": "1"
    },
    "ap_idle": {
      "dir": "out",
      "width": "1"
    },
    "ap_ready": {
      "dir": "out",
      "width": "1"
    },
    "width": {
      "dir": "in",
      "width": "32"
    },
    "height": {
      "dir": "in",
      "width": "32"
    },
    "kernel_address0": {
      "dir": "out",
      "width": "3"
    },
    "kernel_ce0": {
      "dir": "out",
      "width": "1"
    },
    "kernel_q0": {
      "dir": "in",
      "width": "32"
    },
    "windows_data_pix_address0": {
      "dir": "out",
      "width": "5"
    },
    "windows_data_pix_ce0": {
      "dir": "out",
      "width": "1"
    },
    "windows_data_pix_q0": {
      "dir": "in",
      "width": "32"
    },
    "windows_data_pix_address1": {
      "dir": "out",
      "width": "5"
    },
    "windows_data_pix_ce1": {
      "dir": "out",
      "width": "1"
    },
    "windows_data_pix_q1": {
      "dir": "in",
      "width": "32"
    },
    "windows_head": {
      "dir": "in",
      "width": "32"
    },
    "windows_tail": {
      "dir": "in",
      "width": "32"
    },
    "windows_empty": {
      "dir": "in",
      "width": "16"
    },
    "windows_full": {
      "dir": "in",
      "width": "16"
    },
    "out_image_address0": {
      "dir": "out",
      "width": "5"
    },
    "out_image_ce0": {
      "dir": "out",
      "width": "1"
    },
    "out_image_we0": {
      "dir": "out",
      "width": "1"
    },
    "out_image_d0": {
      "dir": "out",
      "width": "32"
    }
  },
  "CPorts": {
    "ap_ctrl": {
      "interfaceRef": "ap_ctrl",
      "dir": "out"
    },
    "width": {
      "interfaceRef": "width",
      "dir": "in",
      "dataWidth": "32",
      "handshakeRef": "ap_none"
    },
    "height": {
      "interfaceRef": "height",
      "dir": "in",
      "dataWidth": "32",
      "handshakeRef": "ap_none"
    },
    "kernel_q0": {
      "interfaceRef": "kernel_q0",
      "dir": "in",
      "dataWidth": "32",
      "busTypeRef": "ap_memory",
      "arraySize": "6",
      "handshakeRef": "ap_none"
    },
    "windows_data_pix_q0": {
      "interfaceRef": "windows_data_pix_q0",
      "dir": "in",
      "dataWidth": "32",
      "busTypeRef": "ap_memory",
      "arraySize": "24",
      "handshakeRef": "ap_none"
    },
    "windows_data_pix_q1": {
      "interfaceRef": "windows_data_pix_q1",
      "dir": "in",
      "dataWidth": "32",
      "busTypeRef": "ap_memory",
      "arraySize": "24",
      "handshakeRef": "ap_none"
    },
    "windows_head": {
      "interfaceRef": "windows_head",
      "dir": "in",
      "dataWidth": "32",
      "handshakeRef": "ap_none"
    },
    "windows_tail": {
      "interfaceRef": "windows_tail",
      "dir": "in",
      "dataWidth": "32",
      "handshakeRef": "ap_none"
    },
    "windows_empty": {
      "interfaceRef": "windows_empty",
      "dir": "in",
      "dataWidth": "16",
      "handshakeRef": "ap_none"
    },
    "windows_full": {
      "interfaceRef": "windows_full",
      "dir": "in",
      "dataWidth": "16",
      "handshakeRef": "ap_none"
    },
    "out_image_d0": {
      "interfaceRef": "out_image_d0",
      "dir": "out",
      "dataWidth": "32",
      "busTypeRef": "ap_memory",
      "arraySize": "32",
      "handshakeRef": "ap_none"
    }
  },
  "ModuleInfo": {
    "Hierarchy": {"ModuleName": "convolution2d"},
    "Metrics": {"convolution2d": {
        "Latency": {
          "LatencyBest": "",
          "LatencyAvg": "",
          "LatencyWorst": "",
          "PipelineII": "",
          "PipelineDepth": "",
          "PipelineType": "none"
        },
        "Timing": {
          "Target": "10.00",
          "Uncertainty": "1.25",
          "Estimate": "8.51"
        },
        "Loops": [{
            "Name": "Loop 1",
            "TripCount": "",
            "Latency": "",
            "PipelineII": "",
            "PipelineDepth": "",
            "Loops": [{
                "Name": "Loop 1.1",
                "TripCount": "",
                "Latency": "",
                "PipelineII": "",
                "PipelineDepth": "",
                "Loops": [
                  {
                    "Name": "Loop 1.1.1",
                    "TripCount": "",
                    "Latency": "",
                    "PipelineII": "",
                    "PipelineDepth": "1"
                  },
                  {
                    "Name": "Loop 1.1.2",
                    "TripCount": "3",
                    "Latency": "",
                    "PipelineII": "",
                    "PipelineDepth": "",
                    "Loops": [{
                        "Name": "Loop 1.1.2.1",
                        "TripCount": "",
                        "Latency": "",
                        "PipelineII": "",
                        "PipelineDepth": "4"
                      }]
                  }
                ]
              }]
          }],
        "Area": {
          "BRAM_18K": "2",
          "DSP48E": "3",
          "FF": "606",
          "LUT": "862"
        }
      }}
  },
  "GenData": {
    "DataVersion": "0.1",
    "Time": "2024-12-13 22:06:11 +0700",
    "ToolName": "vivado_hls",
    "ToolVersion": "2018.1"
  }
}
