<?xml version="1.0" encoding="utf-8"?>
<Messages>
	<Message prefix="[COSIM 212-47]" severity="INFO" keynum="COSIM_TCL_47_1115" content="Using XSIM for RTL simulation." tag=""/>
	<Message prefix="[COSIM 212-14]" severity="INFO" keynum="COSIM_TCL_14_1084" content="Instrumenting C test bench ..." tag=""/>
	<Message prefix="[HLS 200-10]" severity="INFO" keynum="HLS_10_1427" content="Running &apos;c:/Xilinx/Vivado/2018.1/bin/unwrapped/win64.o/apcc.exe&apos;" tag=""/>
	<Message prefix="[HLS 200-10]" severity="INFO" keynum="HLS_10_1428" content="For user &apos;Anh&apos; on host &apos;anhvu&apos; (Windows NT_amd64 version 6.2) on Sun Dec 01 10:41:47 +0700 2024" tag=""/>
	<Message prefix="[HLS 200-10]" severity="INFO" keynum="HLS_10_1430" content="In directory &apos;D:/Programming/Hardware/Convolution2D/solution1/sim/wrapc&apos;" tag=""/>
	<Message prefix="[APCC 202-3]" severity="INFO" keynum="APCC_3_1610" content="Tmp directory is apcc_db" tag=""/>
	<Message prefix="[APCC 202-1]" severity="INFO" keynum="APCC_1_1611" content="APCC is done." tag=""/>
	<Message prefix="[HLS 200-10]" severity="INFO" keynum="HLS_10_1427" content="Running &apos;c:/Xilinx/Vivado/2018.1/bin/unwrapped/win64.o/apcc.exe&apos;" tag=""/>
	<Message prefix="[HLS 200-10]" severity="INFO" keynum="HLS_10_1428" content="For user &apos;Anh&apos; on host &apos;anhvu&apos; (Windows NT_amd64 version 6.2) on Sun Dec 01 10:41:50 +0700 2024" tag=""/>
	<Message prefix="[HLS 200-10]" severity="INFO" keynum="HLS_10_1430" content="In directory &apos;D:/Programming/Hardware/Convolution2D/solution1/sim/wrapc&apos;" tag=""/>
	<Message prefix="[APCC 202-3]" severity="INFO" keynum="APCC_3_1610" content="Tmp directory is apcc_db" tag=""/>
	<Message prefix="[APCC 202-1]" severity="INFO" keynum="APCC_1_1611" content="APCC is done." tag=""/>
	<Message prefix="[COSIM 212-302]" severity="INFO" keynum="COSIM_TCL_302_1177" content="Starting C TB testing ... " tag=""/>
	<Message prefix="[COSIM 212-333]" severity="INFO" keynum="COSIM_TCL_333_1204" content="Generating C post check test bench ..." tag=""/>
	<Message prefix="[COSIM 212-12]" severity="INFO" keynum="COSIM_TCL_12_1082" content="Generating RTL test bench ..." tag=""/>
	<Message prefix="[COSIM 212-322]" severity="INFO" keynum="COSIM_TCL_322_1194" content="Starting VHDL simulation. " tag=""/>
	<Message prefix="[COSIM 212-15]" severity="INFO" keynum="COSIM_TCL_15_1085" content="Starting XSIM ..." tag=""/>
	<Message prefix="[COSIM 212-316]" severity="INFO" keynum="COSIM_TCL_316_1188" content="Starting C post checking ..." tag=""/>
	<Message prefix="[COSIM 212-1000]" severity="INFO" keynum="COSIM_TCL_1000_1070" content="*** C/RTL co-simulation finished: PASS ***" tag=""/>
	<Message prefix="[COSIM 212-211]" severity="INFO" keynum="COSIM_TCL_211_1174" content="II is measurable only when transaction number is greater than 1 in RTL simulation. Otherwise, they will be marked as all NA. If user wants to calculate them, please make sure there are at least 2 transactions in RTL simulation." tag=""/>
</Messages>
