<annotationInfo>
<annotationInfo>
<item  id="17" filename="../Storage/Class/2024-2025/Embed/convolution2d/convolution2d.c" linenumber="5" name="exitcond3" contextFuncName="convolution2d" moduleName="convolution2d" rtlName="exitcond3_fu_236_p2" latency="0" BRAM="-1" DSP="-1" FF="0" LUT="11" fileDirectory="D:\Programming\Hardware"></item>
<item  id="19" filename="../Storage/Class/2024-2025/Embed/convolution2d/convolution2d.c" linenumber="13" name="i_1" contextFuncName="convolution2d" moduleName="convolution2d" rtlName="i_1_fu_242_p2" latency="0" BRAM="-1" DSP="-1" FF="0" LUT="13" fileDirectory="D:\Programming\Hardware"></item>
<item  id="24" filename="../Storage/Class/2024-2025/Embed/convolution2d/convolution2d.c" linenumber="13" name="tmp_cast" contextFuncName="convolution2d" moduleName="convolution2d" rtlName="tmp_cast_fu_248_p1" latency="0" BRAM="-1" DSP="-1" FF="-1" LUT="-1" fileDirectory="D:\Programming\Hardware"></item>
<item  id="25" filename="../Storage/Class/2024-2025/Embed/convolution2d/convolution2d.c" linenumber="13" name="tmp_2" contextFuncName="convolution2d" moduleName="convolution2d" rtlName="tmp_2_fu_252_p3" latency="0" BRAM="-1" DSP="-1" FF="-1" LUT="-1" fileDirectory="D:\Programming\Hardware"></item>
<item  id="26" filename="../Storage/Class/2024-2025/Embed/convolution2d/convolution2d.c" linenumber="13" name="p_shl2_cast" contextFuncName="convolution2d" moduleName="convolution2d" rtlName="p_shl2_cast_fu_260_p1" latency="0" BRAM="-1" DSP="-1" FF="-1" LUT="-1" fileDirectory="D:\Programming\Hardware"></item>
<item  id="27" filename="../Storage/Class/2024-2025/Embed/convolution2d/convolution2d.c" linenumber="13" name="tmp_3" contextFuncName="convolution2d" moduleName="convolution2d" rtlName="tmp_3_fu_264_p2" latency="0" BRAM="-1" DSP="-1" FF="0" LUT="15" fileDirectory="D:\Programming\Hardware"></item>
<item  id="28" filename="../Storage/Class/2024-2025/Embed/convolution2d/convolution2d.c" linenumber="13" name="tmp_5_1_cast" contextFuncName="convolution2d" moduleName="convolution2d" rtlName="tmp_5_1_cast_fu_270_p1" latency="0" BRAM="-1" DSP="-1" FF="-1" LUT="-1" fileDirectory="D:\Programming\Hardware"></item>
<item  id="29" filename="../Storage/Class/2024-2025/Embed/convolution2d/convolution2d.c" linenumber="13" name="tmp_6" contextFuncName="convolution2d" moduleName="convolution2d" rtlName="tmp_6_fu_274_p3" latency="0" BRAM="-1" DSP="-1" FF="-1" LUT="-1" fileDirectory="D:\Programming\Hardware"></item>
<item  id="30" filename="../Storage/Class/2024-2025/Embed/convolution2d/convolution2d.c" linenumber="13" name="p_shl1_cast" contextFuncName="convolution2d" moduleName="convolution2d" rtlName="p_shl1_cast_fu_282_p1" latency="0" BRAM="-1" DSP="-1" FF="-1" LUT="-1" fileDirectory="D:\Programming\Hardware"></item>
<item  id="31" filename="../Storage/Class/2024-2025/Embed/convolution2d/convolution2d.c" linenumber="13" name="tmp_7" contextFuncName="convolution2d" moduleName="convolution2d" rtlName="tmp_7_fu_286_p2" latency="0" BRAM="-1" DSP="-1" FF="0" LUT="15" fileDirectory="D:\Programming\Hardware"></item>
<item  id="32" filename="../Storage/Class/2024-2025/Embed/convolution2d/convolution2d.c" linenumber="13" name="tmp_4_2" contextFuncName="convolution2d" moduleName="convolution2d" rtlName="tmp_4_2_fu_292_p2" latency="0" BRAM="-1" DSP="-1" FF="0" LUT="13" fileDirectory="D:\Programming\Hardware"></item>
<item  id="33" filename="../Storage/Class/2024-2025/Embed/convolution2d/convolution2d.c" linenumber="13" name="tmp_5_2_cast" contextFuncName="convolution2d" moduleName="convolution2d" rtlName="tmp_5_2_cast_fu_298_p1" latency="0" BRAM="-1" DSP="-1" FF="-1" LUT="-1" fileDirectory="D:\Programming\Hardware"></item>
<item  id="34" filename="../Storage/Class/2024-2025/Embed/convolution2d/convolution2d.c" linenumber="13" name="tmp_8" contextFuncName="convolution2d" moduleName="convolution2d" rtlName="tmp_8_fu_302_p3" latency="0" BRAM="-1" DSP="-1" FF="-1" LUT="-1" fileDirectory="D:\Programming\Hardware"></item>
<item  id="35" filename="../Storage/Class/2024-2025/Embed/convolution2d/convolution2d.c" linenumber="13" name="p_shl_cast" contextFuncName="convolution2d" moduleName="convolution2d" rtlName="p_shl_cast_fu_310_p1" latency="0" BRAM="-1" DSP="-1" FF="-1" LUT="-1" fileDirectory="D:\Programming\Hardware"></item>
<item  id="36" filename="../Storage/Class/2024-2025/Embed/convolution2d/convolution2d.c" linenumber="13" name="tmp_4" contextFuncName="convolution2d" moduleName="convolution2d" rtlName="tmp_4_fu_314_p2" latency="0" BRAM="-1" DSP="-1" FF="0" LUT="15" fileDirectory="D:\Programming\Hardware"></item>
<item  id="40" filename="../Storage/Class/2024-2025/Embed/convolution2d/convolution2d.c" linenumber="7" name="exitcond2" contextFuncName="convolution2d" moduleName="convolution2d" rtlName="exitcond2_fu_320_p2" latency="0" BRAM="-1" DSP="-1" FF="0" LUT="9" fileDirectory="D:\Programming\Hardware"></item>
<item  id="42" filename="../Storage/Class/2024-2025/Embed/convolution2d/convolution2d.c" linenumber="13" name="j_1" contextFuncName="convolution2d" moduleName="convolution2d" rtlName="j_1_fu_326_p2" latency="0" BRAM="-1" DSP="-1" FF="0" LUT="12" fileDirectory="D:\Programming\Hardware"></item>
<item  id="46" filename="../Storage/Class/2024-2025/Embed/convolution2d/convolution2d.c" linenumber="13" name="tmp_9_cast" contextFuncName="convolution2d" moduleName="convolution2d" rtlName="tmp_9_cast_fu_332_p1" latency="0" BRAM="-1" DSP="-1" FF="-1" LUT="-1" fileDirectory="D:\Programming\Hardware"></item>
<item  id="47" filename="../Storage/Class/2024-2025/Embed/convolution2d/convolution2d.c" linenumber="13" name="tmp_5" contextFuncName="convolution2d" moduleName="convolution2d" rtlName="tmp_5_fu_336_p2" latency="0" BRAM="-1" DSP="-1" FF="0" LUT="15" fileDirectory="D:\Programming\Hardware"></item>
<item  id="48" filename="../Storage/Class/2024-2025/Embed/convolution2d/convolution2d.c" linenumber="13" name="tmp_11_cast" contextFuncName="convolution2d" moduleName="convolution2d" rtlName="tmp_11_cast_fu_341_p1" latency="0" BRAM="-1" DSP="-1" FF="-1" LUT="-1" fileDirectory="D:\Programming\Hardware"></item>
<item  id="50" filename="../Storage/Class/2024-2025/Embed/convolution2d/convolution2d.c" linenumber="13" name="tmp_9" contextFuncName="convolution2d" moduleName="convolution2d" rtlName="tmp_9_fu_360_p2" latency="0" BRAM="-1" DSP="-1" FF="0" LUT="15" fileDirectory="D:\Programming\Hardware"></item>
<item  id="51" filename="../Storage/Class/2024-2025/Embed/convolution2d/convolution2d.c" linenumber="13" name="tmp_12_cast" contextFuncName="convolution2d" moduleName="convolution2d" rtlName="tmp_12_cast_fu_364_p1" latency="0" BRAM="-1" DSP="-1" FF="-1" LUT="-1" fileDirectory="D:\Programming\Hardware"></item>
<item  id="53" filename="../Storage/Class/2024-2025/Embed/convolution2d/convolution2d.c" linenumber="13" name="tmp_10" contextFuncName="convolution2d" moduleName="convolution2d" rtlName="tmp_10_fu_369_p2" latency="0" BRAM="-1" DSP="-1" FF="0" LUT="15" fileDirectory="D:\Programming\Hardware"></item>
<item  id="54" filename="../Storage/Class/2024-2025/Embed/convolution2d/convolution2d.c" linenumber="13" name="tmp_13_cast" contextFuncName="convolution2d" moduleName="convolution2d" rtlName="tmp_13_cast_fu_390_p1" latency="0" BRAM="-1" DSP="-1" FF="-1" LUT="-1" fileDirectory="D:\Programming\Hardware"></item>
<item  id="56" filename="../Storage/Class/2024-2025/Embed/convolution2d/convolution2d.c" linenumber="16" name="tmp_11" contextFuncName="convolution2d" moduleName="convolution2d" rtlName="tmp_11_fu_373_p2" latency="0" BRAM="-1" DSP="-1" FF="0" LUT="15" fileDirectory="D:\Programming\Hardware"></item>
<item  id="57" filename="../Storage/Class/2024-2025/Embed/convolution2d/convolution2d.c" linenumber="16" name="tmp_14_cast" contextFuncName="convolution2d" moduleName="convolution2d" rtlName="tmp_14_cast_fu_425_p1" latency="0" BRAM="-1" DSP="-1" FF="-1" LUT="-1" fileDirectory="D:\Programming\Hardware"></item>
<item  id="61" filename="../Storage/Class/2024-2025/Embed/convolution2d/convolution2d.c" linenumber="13" name="tmp_s" contextFuncName="convolution2d" moduleName="convolution2d" rtlName="grp_fu_216_p2" latency="0" BRAM="-1" DSP="3" FF="0" LUT="20" fileDirectory="D:\Programming\Hardware"></item>
<item  id="62" filename="../Storage/Class/2024-2025/Embed/convolution2d/convolution2d.c" linenumber="13" name="tmp_9_0_1_cast" contextFuncName="convolution2d" moduleName="convolution2d" rtlName="tmp_9_0_1_cast_fu_346_p1" latency="0" BRAM="-1" DSP="-1" FF="-1" LUT="-1" fileDirectory="D:\Programming\Hardware"></item>
<item  id="63" filename="../Storage/Class/2024-2025/Embed/convolution2d/convolution2d.c" linenumber="13" name="tmp_12" contextFuncName="convolution2d" moduleName="convolution2d" rtlName="tmp_12_fu_350_p2" latency="0" BRAM="-1" DSP="-1" FF="0" LUT="15" fileDirectory="D:\Programming\Hardware"></item>
<item  id="64" filename="../Storage/Class/2024-2025/Embed/convolution2d/convolution2d.c" linenumber="13" name="tmp_15_cast" contextFuncName="convolution2d" moduleName="convolution2d" rtlName="tmp_15_cast_fu_355_p1" latency="0" BRAM="-1" DSP="-1" FF="-1" LUT="-1" fileDirectory="D:\Programming\Hardware"></item>
<item  id="66" filename="../Storage/Class/2024-2025/Embed/convolution2d/convolution2d.c" linenumber="13" name="tmp_13" contextFuncName="convolution2d" moduleName="convolution2d" rtlName="tmp_13_fu_377_p2" latency="0" BRAM="-1" DSP="-1" FF="0" LUT="15" fileDirectory="D:\Programming\Hardware"></item>
<item  id="67" filename="../Storage/Class/2024-2025/Embed/convolution2d/convolution2d.c" linenumber="13" name="tmp_16_cast" contextFuncName="convolution2d" moduleName="convolution2d" rtlName="tmp_16_cast_fu_381_p1" latency="0" BRAM="-1" DSP="-1" FF="-1" LUT="-1" fileDirectory="D:\Programming\Hardware"></item>
<item  id="69" filename="../Storage/Class/2024-2025/Embed/convolution2d/convolution2d.c" linenumber="13" name="tmp_14" contextFuncName="convolution2d" moduleName="convolution2d" rtlName="tmp_14_fu_386_p2" latency="0" BRAM="-1" DSP="-1" FF="0" LUT="15" fileDirectory="D:\Programming\Hardware"></item>
<item  id="70" filename="../Storage/Class/2024-2025/Embed/convolution2d/convolution2d.c" linenumber="13" name="tmp_17_cast" contextFuncName="convolution2d" moduleName="convolution2d" rtlName="tmp_17_cast_fu_394_p1" latency="0" BRAM="-1" DSP="-1" FF="-1" LUT="-1" fileDirectory="D:\Programming\Hardware"></item>
<item  id="74" filename="../Storage/Class/2024-2025/Embed/convolution2d/convolution2d.c" linenumber="13" name="tmp_1_0_1" contextFuncName="convolution2d" moduleName="convolution2d" rtlName="grp_fu_222_p2" latency="0" BRAM="-1" DSP="3" FF="0" LUT="20" fileDirectory="D:\Programming\Hardware"></item>
<item  id="77" filename="../Storage/Class/2024-2025/Embed/convolution2d/convolution2d.c" linenumber="13" name="tmp_1_1" contextFuncName="convolution2d" moduleName="convolution2d" rtlName="grp_fu_216_p2" latency="0" BRAM="-1" DSP="3" FF="0" LUT="20" fileDirectory="D:\Programming\Hardware"></item>
<item  id="80" filename="../Storage/Class/2024-2025/Embed/convolution2d/convolution2d.c" linenumber="13" name="tmp_1_1_1" contextFuncName="convolution2d" moduleName="convolution2d" rtlName="grp_fu_222_p2" latency="0" BRAM="-1" DSP="3" FF="0" LUT="20" fileDirectory="D:\Programming\Hardware"></item>
<item  id="83" filename="../Storage/Class/2024-2025/Embed/convolution2d/convolution2d.c" linenumber="13" name="tmp_1_2" contextFuncName="convolution2d" moduleName="convolution2d" rtlName="grp_fu_216_p2" latency="0" BRAM="-1" DSP="3" FF="0" LUT="20" fileDirectory="D:\Programming\Hardware"></item>
<item  id="86" filename="../Storage/Class/2024-2025/Embed/convolution2d/convolution2d.c" linenumber="13" name="tmp_1_2_1" contextFuncName="convolution2d" moduleName="convolution2d" rtlName="grp_fu_222_p2" latency="0" BRAM="-1" DSP="3" FF="0" LUT="20" fileDirectory="D:\Programming\Hardware"></item>
<item  id="87" filename="../Storage/Class/2024-2025/Embed/convolution2d/convolution2d.c" linenumber="13" name="tmp2" contextFuncName="convolution2d" moduleName="convolution2d" rtlName="tmp2_fu_398_p2" latency="0" BRAM="-1" DSP="-1" FF="0" LUT="32" fileDirectory="D:\Programming\Hardware"></item>
<item  id="88" filename="../Storage/Class/2024-2025/Embed/convolution2d/convolution2d.c" linenumber="13" name="tmp1" contextFuncName="convolution2d" moduleName="convolution2d" rtlName="tmp1_fu_403_p2" latency="0" BRAM="-1" DSP="-1" FF="0" LUT="32" fileDirectory="D:\Programming\Hardware"></item>
<item  id="89" filename="../Storage/Class/2024-2025/Embed/convolution2d/convolution2d.c" linenumber="13" name="tmp4" contextFuncName="convolution2d" moduleName="convolution2d" rtlName="tmp4_fu_409_p2" latency="0" BRAM="-1" DSP="-1" FF="0" LUT="39" fileDirectory="D:\Programming\Hardware"></item>
<item  id="90" filename="../Storage/Class/2024-2025/Embed/convolution2d/convolution2d.c" linenumber="13" name="tmp3" contextFuncName="convolution2d" moduleName="convolution2d" rtlName="tmp3_fu_415_p2" latency="0" BRAM="-1" DSP="-1" FF="0" LUT="32" fileDirectory="D:\Programming\Hardware"></item>
<item  id="91" filename="../Storage/Class/2024-2025/Embed/convolution2d/convolution2d.c" linenumber="13" name="sum_2_2_1" contextFuncName="convolution2d" moduleName="convolution2d" rtlName="sum_2_2_1_fu_420_p2" latency="0" BRAM="-1" DSP="-1" FF="0" LUT="32" fileDirectory="D:\Programming\Hardware"></item>
</annotationInfo>
</annotationInfo>
