<stg><name>convolution2d</name>


<trans_list>

<trans id="111" from="1" to="2">
<condition id="18">
<or_exp><and_exp></and_exp></or_exp>
</condition>
</trans>

<trans id="112" from="2" to="3">
<condition id="20">
<or_exp><and_exp><literal name="exitcond3" val="0"/>
</and_exp></or_exp>
</condition>
</trans>

<trans id="113" from="3" to="4">
<condition id="21">
<or_exp><and_exp><literal name="exitcond2" val="0"/>
</and_exp></or_exp>
</condition>
</trans>

<trans id="121" from="3" to="2">
<condition id="31">
<or_exp><and_exp><literal name="exitcond2" val="1"/>
</and_exp></or_exp>
</condition>
</trans>

<trans id="115" from="4" to="5">
<condition id="23">
<or_exp><and_exp></and_exp></or_exp>
</condition>
</trans>

<trans id="116" from="5" to="6">
<condition id="24">
<or_exp><and_exp></and_exp></or_exp>
</condition>
</trans>

<trans id="117" from="6" to="7">
<condition id="25">
<or_exp><and_exp></and_exp></or_exp>
</condition>
</trans>

<trans id="118" from="7" to="8">
<condition id="26">
<or_exp><and_exp></and_exp></or_exp>
</condition>
</trans>

<trans id="119" from="8" to="9">
<condition id="27">
<or_exp><and_exp></and_exp></or_exp>
</condition>
</trans>

<trans id="120" from="9" to="3">
<condition id="29">
<or_exp><and_exp></and_exp></or_exp>
</condition>
</trans>
</trans_list>



<state_list>

<state id="1" st_id="1">

<operation id="10" st_id="1" stage="1" lat="1">
<core>NULL</core>
<MemPortIdVec></MemPortIdVec>
<condition id="0">
<or_exp><and_exp></and_exp></or_exp>
</condition>

<Node id="4" bw="3" op_0_bw="32" op_1_bw="64" op_2_bw="64">
<![CDATA[
:0  %K_addr = getelementptr [6 x i32]* %K, i64 0, i64 0

]]></Node>
<StgValue><ssdm name="K_addr"/></StgValue>
</operation>

<operation id="11" st_id="1" stage="1" lat="1">
<core>NULL</core>
<MemPortIdVec></MemPortIdVec>
<condition id="0">
<or_exp><and_exp></and_exp></or_exp>
</condition>

<Node id="5" bw="3" op_0_bw="32" op_1_bw="64" op_2_bw="64">
<![CDATA[
:1  %K_addr_1 = getelementptr [6 x i32]* %K, i64 0, i64 1

]]></Node>
<StgValue><ssdm name="K_addr_1"/></StgValue>
</operation>

<operation id="12" st_id="1" stage="1" lat="1">
<core>NULL</core>
<MemPortIdVec></MemPortIdVec>
<condition id="0">
<or_exp><and_exp></and_exp></or_exp>
</condition>

<Node id="6" bw="3" op_0_bw="32" op_1_bw="64" op_2_bw="64">
<![CDATA[
:2  %K_addr_2 = getelementptr [6 x i32]* %K, i64 0, i64 2

]]></Node>
<StgValue><ssdm name="K_addr_2"/></StgValue>
</operation>

<operation id="13" st_id="1" stage="1" lat="1">
<core>NULL</core>
<MemPortIdVec></MemPortIdVec>
<condition id="0">
<or_exp><and_exp></and_exp></or_exp>
</condition>

<Node id="7" bw="3" op_0_bw="32" op_1_bw="64" op_2_bw="64">
<![CDATA[
:3  %K_addr_3 = getelementptr [6 x i32]* %K, i64 0, i64 3

]]></Node>
<StgValue><ssdm name="K_addr_3"/></StgValue>
</operation>

<operation id="14" st_id="1" stage="1" lat="1">
<core>NULL</core>
<MemPortIdVec></MemPortIdVec>
<condition id="0">
<or_exp><and_exp></and_exp></or_exp>
</condition>

<Node id="8" bw="3" op_0_bw="32" op_1_bw="64" op_2_bw="64">
<![CDATA[
:4  %K_addr_4 = getelementptr [6 x i32]* %K, i64 0, i64 4

]]></Node>
<StgValue><ssdm name="K_addr_4"/></StgValue>
</operation>

<operation id="15" st_id="1" stage="1" lat="1">
<core>NULL</core>
<MemPortIdVec></MemPortIdVec>
<condition id="0">
<or_exp><and_exp></and_exp></or_exp>
</condition>

<Node id="9" bw="3" op_0_bw="32" op_1_bw="64" op_2_bw="64">
<![CDATA[
:5  %K_addr_5 = getelementptr [6 x i32]* %K, i64 0, i64 5

]]></Node>
<StgValue><ssdm name="K_addr_5"/></StgValue>
</operation>

<operation id="16" st_id="1" stage="1" lat="1">
<core>NULL</core>
<MemPortIdVec></MemPortIdVec>
<condition id="0">
<or_exp><and_exp></and_exp></or_exp>
</condition>

<Node id="10" bw="0" op_0_bw="0" op_1_bw="32">
<![CDATA[
:6  call void (...)* @_ssdm_op_SpecBitsMap([50 x i32]* %I) nounwind, !map !7

]]></Node>
<StgValue><ssdm name=""/></StgValue>
</operation>

<operation id="17" st_id="1" stage="1" lat="1">
<core>NULL</core>
<MemPortIdVec></MemPortIdVec>
<condition id="0">
<or_exp><and_exp></and_exp></or_exp>
</condition>

<Node id="11" bw="0" op_0_bw="0" op_1_bw="32">
<![CDATA[
:7  call void (...)* @_ssdm_op_SpecBitsMap([6 x i32]* %K) nounwind, !map !14

]]></Node>
<StgValue><ssdm name=""/></StgValue>
</operation>

<operation id="18" st_id="1" stage="1" lat="1">
<core>NULL</core>
<MemPortIdVec></MemPortIdVec>
<condition id="0">
<or_exp><and_exp></and_exp></or_exp>
</condition>

<Node id="12" bw="0" op_0_bw="0" op_1_bw="32">
<![CDATA[
:8  call void (...)* @_ssdm_op_SpecBitsMap([32 x i32]* %J) nounwind, !map !21

]]></Node>
<StgValue><ssdm name=""/></StgValue>
</operation>

<operation id="19" st_id="1" stage="1" lat="1">
<core>NULL</core>
<MemPortIdVec></MemPortIdVec>
<condition id="0">
<or_exp><and_exp></and_exp></or_exp>
</condition>

<Node id="13" bw="0" op_0_bw="0" op_1_bw="0">
<![CDATA[
:9  call void (...)* @_ssdm_op_SpecTopModule([14 x i8]* @convolution2d_str) nounwind

]]></Node>
<StgValue><ssdm name=""/></StgValue>
</operation>

<operation id="20" st_id="1" stage="1" lat="1">
<core>NULL</core>
<MemPortIdVec></MemPortIdVec>
<condition id="0">
<or_exp><and_exp></and_exp></or_exp>
</condition>

<Node id="14" bw="0" op_0_bw="0">
<![CDATA[
:10  br label %1

]]></Node>
<StgValue><ssdm name=""/></StgValue>
</operation>
</state>

<state id="2" st_id="2">

<operation id="21" st_id="2" stage="1" lat="1">
<core>NULL</core>
<MemPortIdVec></MemPortIdVec>
<condition id="1">
<or_exp><and_exp></and_exp></or_exp>
</condition>

<Node id="16" bw="4" op_0_bw="4" op_1_bw="0">
<![CDATA[
:0  %i = phi i4 [ 0, %0 ], [ %i_1, %5 ]

]]></Node>
<StgValue><ssdm name="i"/></StgValue>
</operation>

<operation id="22" st_id="2" stage="1" lat="1">
<core>Cmp</core>
<MemPortIdVec></MemPortIdVec>
<condition id="1">
<or_exp><and_exp></and_exp></or_exp>
</condition>

<Node id="17" bw="1" op_0_bw="4" op_1_bw="4">
<![CDATA[
:1  %exitcond3 = icmp eq i4 %i, -8

]]></Node>
<StgValue><ssdm name="exitcond3"/></StgValue>
</operation>

<operation id="23" st_id="2" stage="1" lat="1">
<core>NULL</core>
<MemPortIdVec></MemPortIdVec>
<condition id="1">
<or_exp><and_exp></and_exp></or_exp>
</condition>

<Node id="18" bw="32" op_0_bw="32" op_1_bw="64" op_2_bw="64" op_3_bw="64">
<![CDATA[
:2  %empty = call i32 (...)* @_ssdm_op_SpecLoopTripCount(i64 8, i64 8, i64 8) nounwind

]]></Node>
<StgValue><ssdm name="empty"/></StgValue>
</operation>

<operation id="24" st_id="2" stage="1" lat="1">
<core>AddSub</core>
<MemPortIdVec></MemPortIdVec>
<condition id="1">
<or_exp><and_exp></and_exp></or_exp>
</condition>

<Node id="19" bw="4" op_0_bw="4" op_1_bw="4">
<![CDATA[
:3  %i_1 = add i4 %i, 1

]]></Node>
<StgValue><ssdm name="i_1"/></StgValue>
</operation>

<operation id="25" st_id="2" stage="1" lat="1">
<core>NULL</core>
<MemPortIdVec></MemPortIdVec>
<condition id="1">
<or_exp><and_exp></and_exp></or_exp>
</condition>

<Node id="20" bw="0" op_0_bw="1" op_1_bw="0" op_2_bw="0">
<![CDATA[
:4  br i1 %exitcond3, label %6, label %2

]]></Node>
<StgValue><ssdm name=""/></StgValue>
</operation>

<operation id="26" st_id="2" stage="1" lat="1">
<core>NULL</core>
<MemPortIdVec></MemPortIdVec>
<condition id="3">
<or_exp><and_exp><literal name="exitcond3" val="0"/>
</and_exp></or_exp>
</condition>

<Node id="22" bw="0" op_0_bw="0" op_1_bw="0">
<![CDATA[
:0  call void (...)* @_ssdm_op_SpecLoopName([11 x i8]* @p_str) nounwind

]]></Node>
<StgValue><ssdm name=""/></StgValue>
</operation>

<operation id="27" st_id="2" stage="1" lat="1">
<core>NULL</core>
<MemPortIdVec></MemPortIdVec>
<condition id="3">
<or_exp><and_exp><literal name="exitcond3" val="0"/>
</and_exp></or_exp>
</condition>

<Node id="23" bw="32" op_0_bw="32" op_1_bw="0">
<![CDATA[
:1  %tmp_1 = call i32 (...)* @_ssdm_op_SpecRegionBegin([11 x i8]* @p_str) nounwind

]]></Node>
<StgValue><ssdm name="tmp_1"/></StgValue>
</operation>

<operation id="28" st_id="2" stage="1" lat="1">
<core>NULL</core>
<MemPortIdVec></MemPortIdVec>
<condition id="3">
<or_exp><and_exp><literal name="exitcond3" val="0"/>
</and_exp></or_exp>
</condition>

<Node id="24" bw="7" op_0_bw="4">
<![CDATA[
:2  %tmp_cast = zext i4 %i to i7

]]></Node>
<StgValue><ssdm name="tmp_cast"/></StgValue>
</operation>

<operation id="29" st_id="2" stage="1" lat="1">
<core>NULL</core>
<MemPortIdVec></MemPortIdVec>
<condition id="3">
<or_exp><and_exp><literal name="exitcond3" val="0"/>
</and_exp></or_exp>
</condition>

<Node id="25" bw="6" op_0_bw="6" op_1_bw="4" op_2_bw="2">
<![CDATA[
:3  %tmp_2 = call i6 @_ssdm_op_BitConcatenate.i6.i4.i2(i4 %i, i2 0)

]]></Node>
<StgValue><ssdm name="tmp_2"/></StgValue>
</operation>

<operation id="30" st_id="2" stage="1" lat="1">
<core>NULL</core>
<MemPortIdVec></MemPortIdVec>
<condition id="3">
<or_exp><and_exp><literal name="exitcond3" val="0"/>
</and_exp></or_exp>
</condition>

<Node id="26" bw="7" op_0_bw="6">
<![CDATA[
:4  %p_shl2_cast = zext i6 %tmp_2 to i7

]]></Node>
<StgValue><ssdm name="p_shl2_cast"/></StgValue>
</operation>

<operation id="31" st_id="2" stage="1" lat="1">
<core>AddSub</core>
<MemPortIdVec></MemPortIdVec>
<condition id="3">
<or_exp><and_exp><literal name="exitcond3" val="0"/>
</and_exp></or_exp>
</condition>

<Node id="27" bw="7" op_0_bw="7" op_1_bw="7">
<![CDATA[
:5  %tmp_3 = add i7 %tmp_cast, %p_shl2_cast

]]></Node>
<StgValue><ssdm name="tmp_3"/></StgValue>
</operation>

<operation id="32" st_id="2" stage="1" lat="1">
<core>NULL</core>
<MemPortIdVec></MemPortIdVec>
<condition id="3">
<or_exp><and_exp><literal name="exitcond3" val="0"/>
</and_exp></or_exp>
</condition>

<Node id="28" bw="7" op_0_bw="4">
<![CDATA[
:6  %tmp_5_1_cast = zext i4 %i_1 to i7

]]></Node>
<StgValue><ssdm name="tmp_5_1_cast"/></StgValue>
</operation>

<operation id="33" st_id="2" stage="1" lat="1">
<core>NULL</core>
<MemPortIdVec></MemPortIdVec>
<condition id="3">
<or_exp><and_exp><literal name="exitcond3" val="0"/>
</and_exp></or_exp>
</condition>

<Node id="29" bw="6" op_0_bw="6" op_1_bw="4" op_2_bw="2">
<![CDATA[
:7  %tmp_6 = call i6 @_ssdm_op_BitConcatenate.i6.i4.i2(i4 %i_1, i2 0)

]]></Node>
<StgValue><ssdm name="tmp_6"/></StgValue>
</operation>

<operation id="34" st_id="2" stage="1" lat="1">
<core>NULL</core>
<MemPortIdVec></MemPortIdVec>
<condition id="3">
<or_exp><and_exp><literal name="exitcond3" val="0"/>
</and_exp></or_exp>
</condition>

<Node id="30" bw="7" op_0_bw="6">
<![CDATA[
:8  %p_shl1_cast = zext i6 %tmp_6 to i7

]]></Node>
<StgValue><ssdm name="p_shl1_cast"/></StgValue>
</operation>

<operation id="35" st_id="2" stage="1" lat="1">
<core>AddSub</core>
<MemPortIdVec></MemPortIdVec>
<condition id="3">
<or_exp><and_exp><literal name="exitcond3" val="0"/>
</and_exp></or_exp>
</condition>

<Node id="31" bw="7" op_0_bw="7" op_1_bw="7">
<![CDATA[
:9  %tmp_7 = add i7 %tmp_5_1_cast, %p_shl1_cast

]]></Node>
<StgValue><ssdm name="tmp_7"/></StgValue>
</operation>

<operation id="36" st_id="2" stage="1" lat="1">
<core>AddSub</core>
<MemPortIdVec></MemPortIdVec>
<condition id="3">
<or_exp><and_exp><literal name="exitcond3" val="0"/>
</and_exp></or_exp>
</condition>

<Node id="32" bw="4" op_0_bw="4" op_1_bw="4">
<![CDATA[
:10  %tmp_4_2 = add i4 %i, 2

]]></Node>
<StgValue><ssdm name="tmp_4_2"/></StgValue>
</operation>

<operation id="37" st_id="2" stage="1" lat="1">
<core>NULL</core>
<MemPortIdVec></MemPortIdVec>
<condition id="3">
<or_exp><and_exp><literal name="exitcond3" val="0"/>
</and_exp></or_exp>
</condition>

<Node id="33" bw="7" op_0_bw="4">
<![CDATA[
:11  %tmp_5_2_cast = zext i4 %tmp_4_2 to i7

]]></Node>
<StgValue><ssdm name="tmp_5_2_cast"/></StgValue>
</operation>

<operation id="38" st_id="2" stage="1" lat="1">
<core>NULL</core>
<MemPortIdVec></MemPortIdVec>
<condition id="3">
<or_exp><and_exp><literal name="exitcond3" val="0"/>
</and_exp></or_exp>
</condition>

<Node id="34" bw="6" op_0_bw="6" op_1_bw="4" op_2_bw="2">
<![CDATA[
:12  %tmp_8 = call i6 @_ssdm_op_BitConcatenate.i6.i4.i2(i4 %tmp_4_2, i2 0)

]]></Node>
<StgValue><ssdm name="tmp_8"/></StgValue>
</operation>

<operation id="39" st_id="2" stage="1" lat="1">
<core>NULL</core>
<MemPortIdVec></MemPortIdVec>
<condition id="3">
<or_exp><and_exp><literal name="exitcond3" val="0"/>
</and_exp></or_exp>
</condition>

<Node id="35" bw="7" op_0_bw="6">
<![CDATA[
:13  %p_shl_cast = zext i6 %tmp_8 to i7

]]></Node>
<StgValue><ssdm name="p_shl_cast"/></StgValue>
</operation>

<operation id="40" st_id="2" stage="1" lat="1">
<core>AddSub</core>
<MemPortIdVec></MemPortIdVec>
<condition id="3">
<or_exp><and_exp><literal name="exitcond3" val="0"/>
</and_exp></or_exp>
</condition>

<Node id="36" bw="7" op_0_bw="7" op_1_bw="7">
<![CDATA[
:14  %tmp_4 = add i7 %tmp_5_2_cast, %p_shl_cast

]]></Node>
<StgValue><ssdm name="tmp_4"/></StgValue>
</operation>

<operation id="41" st_id="2" stage="1" lat="1">
<core>NULL</core>
<MemPortIdVec></MemPortIdVec>
<condition id="3">
<or_exp><and_exp><literal name="exitcond3" val="0"/>
</and_exp></or_exp>
</condition>

<Node id="37" bw="0" op_0_bw="0">
<![CDATA[
:15  br label %3

]]></Node>
<StgValue><ssdm name=""/></StgValue>
</operation>

<operation id="42" st_id="2" stage="1" lat="1">
<core>NULL</core>
<MemPortIdVec></MemPortIdVec>
<condition id="5">
<or_exp><and_exp><literal name="exitcond3" val="1"/>
</and_exp></or_exp>
</condition>

<Node id="98" bw="0">
<![CDATA[
:0  ret void

]]></Node>
<StgValue><ssdm name=""/></StgValue>
</operation>
</state>

<state id="3" st_id="3">

<operation id="43" st_id="3" stage="1" lat="1">
<core>NULL</core>
<MemPortIdVec></MemPortIdVec>
<condition id="6">
<or_exp><and_exp></and_exp></or_exp>
</condition>

<Node id="39" bw="3" op_0_bw="3" op_1_bw="0">
<![CDATA[
:0  %j = phi i3 [ 0, %2 ], [ %j_1, %4 ]

]]></Node>
<StgValue><ssdm name="j"/></StgValue>
</operation>

<operation id="44" st_id="3" stage="1" lat="1">
<core>Cmp</core>
<MemPortIdVec></MemPortIdVec>
<condition id="6">
<or_exp><and_exp></and_exp></or_exp>
</condition>

<Node id="40" bw="1" op_0_bw="3" op_1_bw="3">
<![CDATA[
:1  %exitcond2 = icmp eq i3 %j, -4

]]></Node>
<StgValue><ssdm name="exitcond2"/></StgValue>
</operation>

<operation id="45" st_id="3" stage="1" lat="1">
<core>NULL</core>
<MemPortIdVec></MemPortIdVec>
<condition id="6">
<or_exp><and_exp></and_exp></or_exp>
</condition>

<Node id="41" bw="32" op_0_bw="32" op_1_bw="64" op_2_bw="64" op_3_bw="64">
<![CDATA[
:2  %empty_2 = call i32 (...)* @_ssdm_op_SpecLoopTripCount(i64 4, i64 4, i64 4) nounwind

]]></Node>
<StgValue><ssdm name="empty_2"/></StgValue>
</operation>

<operation id="46" st_id="3" stage="1" lat="1">
<core>AddSub</core>
<MemPortIdVec></MemPortIdVec>
<condition id="6">
<or_exp><and_exp></and_exp></or_exp>
</condition>

<Node id="42" bw="3" op_0_bw="3" op_1_bw="3">
<![CDATA[
:3  %j_1 = add i3 %j, 1

]]></Node>
<StgValue><ssdm name="j_1"/></StgValue>
</operation>

<operation id="47" st_id="3" stage="1" lat="1">
<core>NULL</core>
<MemPortIdVec></MemPortIdVec>
<condition id="6">
<or_exp><and_exp></and_exp></or_exp>
</condition>

<Node id="43" bw="0" op_0_bw="1" op_1_bw="0" op_2_bw="0">
<![CDATA[
:4  br i1 %exitcond2, label %5, label %4

]]></Node>
<StgValue><ssdm name=""/></StgValue>
</operation>

<operation id="48" st_id="3" stage="1" lat="1">
<core>NULL</core>
<MemPortIdVec></MemPortIdVec>
<condition id="8">
<or_exp><and_exp><literal name="exitcond2" val="0"/>
</and_exp></or_exp>
</condition>

<Node id="46" bw="7" op_0_bw="3">
<![CDATA[
:1  %tmp_9_cast = zext i3 %j to i7

]]></Node>
<StgValue><ssdm name="tmp_9_cast"/></StgValue>
</operation>

<operation id="49" st_id="3" stage="1" lat="1">
<core>AddSub</core>
<MemPortIdVec></MemPortIdVec>
<condition id="8">
<or_exp><and_exp><literal name="exitcond2" val="0"/>
</and_exp></or_exp>
</condition>

<Node id="47" bw="7" op_0_bw="7" op_1_bw="7">
<![CDATA[
:2  %tmp_5 = add i7 %tmp_3, %tmp_9_cast

]]></Node>
<StgValue><ssdm name="tmp_5"/></StgValue>
</operation>

<operation id="50" st_id="3" stage="1" lat="1">
<core>NULL</core>
<MemPortIdVec></MemPortIdVec>
<condition id="8">
<or_exp><and_exp><literal name="exitcond2" val="0"/>
</and_exp></or_exp>
</condition>

<Node id="48" bw="64" op_0_bw="7">
<![CDATA[
:3  %tmp_11_cast = zext i7 %tmp_5 to i64

]]></Node>
<StgValue><ssdm name="tmp_11_cast"/></StgValue>
</operation>

<operation id="51" st_id="3" stage="1" lat="1">
<core>NULL</core>
<MemPortIdVec></MemPortIdVec>
<condition id="8">
<or_exp><and_exp><literal name="exitcond2" val="0"/>
</and_exp></or_exp>
</condition>

<Node id="49" bw="6" op_0_bw="32" op_1_bw="64" op_2_bw="64">
<![CDATA[
:4  %I_addr = getelementptr [50 x i32]* %I, i64 0, i64 %tmp_11_cast

]]></Node>
<StgValue><ssdm name="I_addr"/></StgValue>
</operation>

<operation id="52" st_id="3" stage="2" lat="2">
<core>RAM</core>
<MemPortIdVec></MemPortIdVec>
<condition id="8">
<or_exp><and_exp><literal name="exitcond2" val="0"/>
</and_exp></or_exp>
</condition>

<Node id="59" bw="32" op_0_bw="6">
<![CDATA[
:14  %I_load = load i32* %I_addr, align 4

]]></Node>
<StgValue><ssdm name="I_load"/></StgValue>
</operation>

<operation id="53" st_id="3" stage="2" lat="2">
<core>RAM</core>
<MemPortIdVec></MemPortIdVec>
<condition id="8">
<or_exp><and_exp><literal name="exitcond2" val="0"/>
</and_exp></or_exp>
</condition>

<Node id="60" bw="32" op_0_bw="3">
<![CDATA[
:15  %K_load = load i32* %K_addr, align 4

]]></Node>
<StgValue><ssdm name="K_load"/></StgValue>
</operation>

<operation id="54" st_id="3" stage="1" lat="1">
<core>NULL</core>
<MemPortIdVec></MemPortIdVec>
<condition id="8">
<or_exp><and_exp><literal name="exitcond2" val="0"/>
</and_exp></or_exp>
</condition>

<Node id="62" bw="7" op_0_bw="3">
<![CDATA[
:17  %tmp_9_0_1_cast = zext i3 %j_1 to i7

]]></Node>
<StgValue><ssdm name="tmp_9_0_1_cast"/></StgValue>
</operation>

<operation id="55" st_id="3" stage="1" lat="1">
<core>AddSub</core>
<MemPortIdVec></MemPortIdVec>
<condition id="8">
<or_exp><and_exp><literal name="exitcond2" val="0"/>
</and_exp></or_exp>
</condition>

<Node id="63" bw="7" op_0_bw="7" op_1_bw="7">
<![CDATA[
:18  %tmp_12 = add i7 %tmp_3, %tmp_9_0_1_cast

]]></Node>
<StgValue><ssdm name="tmp_12"/></StgValue>
</operation>

<operation id="56" st_id="3" stage="1" lat="1">
<core>NULL</core>
<MemPortIdVec></MemPortIdVec>
<condition id="8">
<or_exp><and_exp><literal name="exitcond2" val="0"/>
</and_exp></or_exp>
</condition>

<Node id="64" bw="64" op_0_bw="7">
<![CDATA[
:19  %tmp_15_cast = zext i7 %tmp_12 to i64

]]></Node>
<StgValue><ssdm name="tmp_15_cast"/></StgValue>
</operation>

<operation id="57" st_id="3" stage="1" lat="1">
<core>NULL</core>
<MemPortIdVec></MemPortIdVec>
<condition id="8">
<or_exp><and_exp><literal name="exitcond2" val="0"/>
</and_exp></or_exp>
</condition>

<Node id="65" bw="6" op_0_bw="32" op_1_bw="64" op_2_bw="64">
<![CDATA[
:20  %I_addr_1 = getelementptr [50 x i32]* %I, i64 0, i64 %tmp_15_cast

]]></Node>
<StgValue><ssdm name="I_addr_1"/></StgValue>
</operation>

<operation id="58" st_id="3" stage="2" lat="2">
<core>RAM</core>
<MemPortIdVec></MemPortIdVec>
<condition id="8">
<or_exp><and_exp><literal name="exitcond2" val="0"/>
</and_exp></or_exp>
</condition>

<Node id="72" bw="32" op_0_bw="6">
<![CDATA[
:27  %I_load_1 = load i32* %I_addr_1, align 4

]]></Node>
<StgValue><ssdm name="I_load_1"/></StgValue>
</operation>

<operation id="59" st_id="3" stage="2" lat="2">
<core>RAM</core>
<MemPortIdVec></MemPortIdVec>
<condition id="8">
<or_exp><and_exp><literal name="exitcond2" val="0"/>
</and_exp></or_exp>
</condition>

<Node id="73" bw="32" op_0_bw="3">
<![CDATA[
:28  %K_load_1 = load i32* %K_addr_1, align 4

]]></Node>
<StgValue><ssdm name="K_load_1"/></StgValue>
</operation>

<operation id="60" st_id="3" stage="1" lat="1">
<core>NULL</core>
<MemPortIdVec></MemPortIdVec>
<condition id="10">
<or_exp><and_exp><literal name="exitcond2" val="1"/>
</and_exp></or_exp>
</condition>

<Node id="95" bw="32" op_0_bw="32" op_1_bw="0" op_2_bw="32">
<![CDATA[
:0  %empty_3 = call i32 (...)* @_ssdm_op_SpecRegionEnd([11 x i8]* @p_str, i32 %tmp_1) nounwind

]]></Node>
<StgValue><ssdm name="empty_3"/></StgValue>
</operation>

<operation id="61" st_id="3" stage="1" lat="1">
<core>NULL</core>
<MemPortIdVec></MemPortIdVec>
<condition id="10">
<or_exp><and_exp><literal name="exitcond2" val="1"/>
</and_exp></or_exp>
</condition>

<Node id="96" bw="0" op_0_bw="0">
<![CDATA[
:1  br label %1

]]></Node>
<StgValue><ssdm name=""/></StgValue>
</operation>
</state>

<state id="4" st_id="4">

<operation id="62" st_id="4" stage="1" lat="1">
<core>AddSub</core>
<MemPortIdVec></MemPortIdVec>
<condition id="11">
<or_exp><and_exp></and_exp></or_exp>
</condition>

<Node id="50" bw="7" op_0_bw="7" op_1_bw="7">
<![CDATA[
:5  %tmp_9 = add i7 %tmp_7, %tmp_9_cast

]]></Node>
<StgValue><ssdm name="tmp_9"/></StgValue>
</operation>

<operation id="63" st_id="4" stage="1" lat="1">
<core>NULL</core>
<MemPortIdVec></MemPortIdVec>
<condition id="11">
<or_exp><and_exp></and_exp></or_exp>
</condition>

<Node id="51" bw="64" op_0_bw="7">
<![CDATA[
:6  %tmp_12_cast = zext i7 %tmp_9 to i64

]]></Node>
<StgValue><ssdm name="tmp_12_cast"/></StgValue>
</operation>

<operation id="64" st_id="4" stage="1" lat="1">
<core>NULL</core>
<MemPortIdVec></MemPortIdVec>
<condition id="11">
<or_exp><and_exp></and_exp></or_exp>
</condition>

<Node id="52" bw="6" op_0_bw="32" op_1_bw="64" op_2_bw="64">
<![CDATA[
:7  %I_addr_2 = getelementptr [50 x i32]* %I, i64 0, i64 %tmp_12_cast

]]></Node>
<StgValue><ssdm name="I_addr_2"/></StgValue>
</operation>

<operation id="65" st_id="4" stage="1" lat="1">
<core>AddSub</core>
<MemPortIdVec></MemPortIdVec>
<condition id="11">
<or_exp><and_exp></and_exp></or_exp>
</condition>

<Node id="53" bw="7" op_0_bw="7" op_1_bw="7">
<![CDATA[
:8  %tmp_10 = add i7 %tmp_4, %tmp_9_cast

]]></Node>
<StgValue><ssdm name="tmp_10"/></StgValue>
</operation>

<operation id="66" st_id="4" stage="1" lat="1">
<core>AddSub</core>
<MemPortIdVec></MemPortIdVec>
<condition id="11">
<or_exp><and_exp></and_exp></or_exp>
</condition>

<Node id="56" bw="7" op_0_bw="7" op_1_bw="7">
<![CDATA[
:11  %tmp_11 = add i7 %p_shl2_cast, %tmp_9_cast

]]></Node>
<StgValue><ssdm name="tmp_11"/></StgValue>
</operation>

<operation id="67" st_id="4" stage="1" lat="2">
<core>RAM</core>
<MemPortIdVec></MemPortIdVec>
<condition id="11">
<or_exp><and_exp></and_exp></or_exp>
</condition>

<Node id="59" bw="32" op_0_bw="6">
<![CDATA[
:14  %I_load = load i32* %I_addr, align 4

]]></Node>
<StgValue><ssdm name="I_load"/></StgValue>
</operation>

<operation id="68" st_id="4" stage="1" lat="2">
<core>RAM</core>
<MemPortIdVec></MemPortIdVec>
<condition id="11">
<or_exp><and_exp></and_exp></or_exp>
</condition>

<Node id="60" bw="32" op_0_bw="3">
<![CDATA[
:15  %K_load = load i32* %K_addr, align 4

]]></Node>
<StgValue><ssdm name="K_load"/></StgValue>
</operation>

<operation id="69" st_id="4" stage="1" lat="1">
<core>AddSub</core>
<MemPortIdVec></MemPortIdVec>
<condition id="11">
<or_exp><and_exp></and_exp></or_exp>
</condition>

<Node id="66" bw="7" op_0_bw="7" op_1_bw="7">
<![CDATA[
:21  %tmp_13 = add i7 %tmp_7, %tmp_9_0_1_cast

]]></Node>
<StgValue><ssdm name="tmp_13"/></StgValue>
</operation>

<operation id="70" st_id="4" stage="1" lat="1">
<core>NULL</core>
<MemPortIdVec></MemPortIdVec>
<condition id="11">
<or_exp><and_exp></and_exp></or_exp>
</condition>

<Node id="67" bw="64" op_0_bw="7">
<![CDATA[
:22  %tmp_16_cast = zext i7 %tmp_13 to i64

]]></Node>
<StgValue><ssdm name="tmp_16_cast"/></StgValue>
</operation>

<operation id="71" st_id="4" stage="1" lat="1">
<core>NULL</core>
<MemPortIdVec></MemPortIdVec>
<condition id="11">
<or_exp><and_exp></and_exp></or_exp>
</condition>

<Node id="68" bw="6" op_0_bw="32" op_1_bw="64" op_2_bw="64">
<![CDATA[
:23  %I_addr_3 = getelementptr [50 x i32]* %I, i64 0, i64 %tmp_16_cast

]]></Node>
<StgValue><ssdm name="I_addr_3"/></StgValue>
</operation>

<operation id="72" st_id="4" stage="1" lat="1">
<core>AddSub</core>
<MemPortIdVec></MemPortIdVec>
<condition id="11">
<or_exp><and_exp></and_exp></or_exp>
</condition>

<Node id="69" bw="7" op_0_bw="7" op_1_bw="7">
<![CDATA[
:24  %tmp_14 = add i7 %tmp_4, %tmp_9_0_1_cast

]]></Node>
<StgValue><ssdm name="tmp_14"/></StgValue>
</operation>

<operation id="73" st_id="4" stage="1" lat="2">
<core>RAM</core>
<MemPortIdVec></MemPortIdVec>
<condition id="11">
<or_exp><and_exp></and_exp></or_exp>
</condition>

<Node id="72" bw="32" op_0_bw="6">
<![CDATA[
:27  %I_load_1 = load i32* %I_addr_1, align 4

]]></Node>
<StgValue><ssdm name="I_load_1"/></StgValue>
</operation>

<operation id="74" st_id="4" stage="1" lat="2">
<core>RAM</core>
<MemPortIdVec></MemPortIdVec>
<condition id="11">
<or_exp><and_exp></and_exp></or_exp>
</condition>

<Node id="73" bw="32" op_0_bw="3">
<![CDATA[
:28  %K_load_1 = load i32* %K_addr_1, align 4

]]></Node>
<StgValue><ssdm name="K_load_1"/></StgValue>
</operation>

<operation id="75" st_id="4" stage="2" lat="2">
<core>RAM</core>
<MemPortIdVec></MemPortIdVec>
<condition id="11">
<or_exp><and_exp></and_exp></or_exp>
</condition>

<Node id="75" bw="32" op_0_bw="6">
<![CDATA[
:30  %I_load_2 = load i32* %I_addr_2, align 4

]]></Node>
<StgValue><ssdm name="I_load_2"/></StgValue>
</operation>

<operation id="76" st_id="4" stage="2" lat="2">
<core>RAM</core>
<MemPortIdVec></MemPortIdVec>
<condition id="11">
<or_exp><and_exp></and_exp></or_exp>
</condition>

<Node id="76" bw="32" op_0_bw="3">
<![CDATA[
:31  %K_load_2 = load i32* %K_addr_2, align 4

]]></Node>
<StgValue><ssdm name="K_load_2"/></StgValue>
</operation>

<operation id="77" st_id="4" stage="2" lat="2">
<core>RAM</core>
<MemPortIdVec></MemPortIdVec>
<condition id="11">
<or_exp><and_exp></and_exp></or_exp>
</condition>

<Node id="78" bw="32" op_0_bw="6">
<![CDATA[
:33  %I_load_3 = load i32* %I_addr_3, align 4

]]></Node>
<StgValue><ssdm name="I_load_3"/></StgValue>
</operation>

<operation id="78" st_id="4" stage="2" lat="2">
<core>RAM</core>
<MemPortIdVec></MemPortIdVec>
<condition id="11">
<or_exp><and_exp></and_exp></or_exp>
</condition>

<Node id="79" bw="32" op_0_bw="3">
<![CDATA[
:34  %K_load_3 = load i32* %K_addr_3, align 4

]]></Node>
<StgValue><ssdm name="K_load_3"/></StgValue>
</operation>
</state>

<state id="5" st_id="5">

<operation id="79" st_id="5" stage="1" lat="1">
<core>NULL</core>
<MemPortIdVec></MemPortIdVec>
<condition id="12">
<or_exp><and_exp></and_exp></or_exp>
</condition>

<Node id="54" bw="64" op_0_bw="7">
<![CDATA[
:9  %tmp_13_cast = zext i7 %tmp_10 to i64

]]></Node>
<StgValue><ssdm name="tmp_13_cast"/></StgValue>
</operation>

<operation id="80" st_id="5" stage="1" lat="1">
<core>NULL</core>
<MemPortIdVec></MemPortIdVec>
<condition id="12">
<or_exp><and_exp></and_exp></or_exp>
</condition>

<Node id="55" bw="6" op_0_bw="32" op_1_bw="64" op_2_bw="64">
<![CDATA[
:10  %I_addr_4 = getelementptr [50 x i32]* %I, i64 0, i64 %tmp_13_cast

]]></Node>
<StgValue><ssdm name="I_addr_4"/></StgValue>
</operation>

<operation id="81" st_id="5" stage="1" lat="1">
<core>Mul</core>
<MemPortIdVec></MemPortIdVec>
<condition id="12">
<or_exp><and_exp></and_exp></or_exp>
</condition>

<Node id="61" bw="32" op_0_bw="32" op_1_bw="32">
<![CDATA[
:16  %tmp_s = mul nsw i32 %K_load, %I_load

]]></Node>
<StgValue><ssdm name="tmp_s"/></StgValue>
</operation>

<operation id="82" st_id="5" stage="1" lat="1">
<core>NULL</core>
<MemPortIdVec></MemPortIdVec>
<condition id="12">
<or_exp><and_exp></and_exp></or_exp>
</condition>

<Node id="70" bw="64" op_0_bw="7">
<![CDATA[
:25  %tmp_17_cast = zext i7 %tmp_14 to i64

]]></Node>
<StgValue><ssdm name="tmp_17_cast"/></StgValue>
</operation>

<operation id="83" st_id="5" stage="1" lat="1">
<core>NULL</core>
<MemPortIdVec></MemPortIdVec>
<condition id="12">
<or_exp><and_exp></and_exp></or_exp>
</condition>

<Node id="71" bw="6" op_0_bw="32" op_1_bw="64" op_2_bw="64">
<![CDATA[
:26  %I_addr_5 = getelementptr [50 x i32]* %I, i64 0, i64 %tmp_17_cast

]]></Node>
<StgValue><ssdm name="I_addr_5"/></StgValue>
</operation>

<operation id="84" st_id="5" stage="1" lat="1">
<core>Mul</core>
<MemPortIdVec></MemPortIdVec>
<condition id="12">
<or_exp><and_exp></and_exp></or_exp>
</condition>

<Node id="74" bw="32" op_0_bw="32" op_1_bw="32">
<![CDATA[
:29  %tmp_1_0_1 = mul nsw i32 %K_load_1, %I_load_1

]]></Node>
<StgValue><ssdm name="tmp_1_0_1"/></StgValue>
</operation>

<operation id="85" st_id="5" stage="1" lat="2">
<core>RAM</core>
<MemPortIdVec></MemPortIdVec>
<condition id="12">
<or_exp><and_exp></and_exp></or_exp>
</condition>

<Node id="75" bw="32" op_0_bw="6">
<![CDATA[
:30  %I_load_2 = load i32* %I_addr_2, align 4

]]></Node>
<StgValue><ssdm name="I_load_2"/></StgValue>
</operation>

<operation id="86" st_id="5" stage="1" lat="2">
<core>RAM</core>
<MemPortIdVec></MemPortIdVec>
<condition id="12">
<or_exp><and_exp></and_exp></or_exp>
</condition>

<Node id="76" bw="32" op_0_bw="3">
<![CDATA[
:31  %K_load_2 = load i32* %K_addr_2, align 4

]]></Node>
<StgValue><ssdm name="K_load_2"/></StgValue>
</operation>

<operation id="87" st_id="5" stage="1" lat="2">
<core>RAM</core>
<MemPortIdVec></MemPortIdVec>
<condition id="12">
<or_exp><and_exp></and_exp></or_exp>
</condition>

<Node id="78" bw="32" op_0_bw="6">
<![CDATA[
:33  %I_load_3 = load i32* %I_addr_3, align 4

]]></Node>
<StgValue><ssdm name="I_load_3"/></StgValue>
</operation>

<operation id="88" st_id="5" stage="1" lat="2">
<core>RAM</core>
<MemPortIdVec></MemPortIdVec>
<condition id="12">
<or_exp><and_exp></and_exp></or_exp>
</condition>

<Node id="79" bw="32" op_0_bw="3">
<![CDATA[
:34  %K_load_3 = load i32* %K_addr_3, align 4

]]></Node>
<StgValue><ssdm name="K_load_3"/></StgValue>
</operation>

<operation id="89" st_id="5" stage="2" lat="2">
<core>RAM</core>
<MemPortIdVec></MemPortIdVec>
<condition id="12">
<or_exp><and_exp></and_exp></or_exp>
</condition>

<Node id="81" bw="32" op_0_bw="6">
<![CDATA[
:36  %I_load_4 = load i32* %I_addr_4, align 4

]]></Node>
<StgValue><ssdm name="I_load_4"/></StgValue>
</operation>

<operation id="90" st_id="5" stage="2" lat="2">
<core>RAM</core>
<MemPortIdVec></MemPortIdVec>
<condition id="12">
<or_exp><and_exp></and_exp></or_exp>
</condition>

<Node id="82" bw="32" op_0_bw="3">
<![CDATA[
:37  %K_load_4 = load i32* %K_addr_4, align 4

]]></Node>
<StgValue><ssdm name="K_load_4"/></StgValue>
</operation>

<operation id="91" st_id="5" stage="2" lat="2">
<core>RAM</core>
<MemPortIdVec></MemPortIdVec>
<condition id="12">
<or_exp><and_exp></and_exp></or_exp>
</condition>

<Node id="84" bw="32" op_0_bw="6">
<![CDATA[
:39  %I_load_5 = load i32* %I_addr_5, align 4

]]></Node>
<StgValue><ssdm name="I_load_5"/></StgValue>
</operation>

<operation id="92" st_id="5" stage="2" lat="2">
<core>RAM</core>
<MemPortIdVec></MemPortIdVec>
<condition id="12">
<or_exp><and_exp></and_exp></or_exp>
</condition>

<Node id="85" bw="32" op_0_bw="3">
<![CDATA[
:40  %K_load_5 = load i32* %K_addr_5, align 4

]]></Node>
<StgValue><ssdm name="K_load_5"/></StgValue>
</operation>
</state>

<state id="6" st_id="6">

<operation id="93" st_id="6" stage="1" lat="1">
<core>Mul</core>
<MemPortIdVec></MemPortIdVec>
<condition id="13">
<or_exp><and_exp></and_exp></or_exp>
</condition>

<Node id="77" bw="32" op_0_bw="32" op_1_bw="32">
<![CDATA[
:32  %tmp_1_1 = mul nsw i32 %K_load_2, %I_load_2

]]></Node>
<StgValue><ssdm name="tmp_1_1"/></StgValue>
</operation>

<operation id="94" st_id="6" stage="1" lat="1">
<core>Mul</core>
<MemPortIdVec></MemPortIdVec>
<condition id="13">
<or_exp><and_exp></and_exp></or_exp>
</condition>

<Node id="80" bw="32" op_0_bw="32" op_1_bw="32">
<![CDATA[
:35  %tmp_1_1_1 = mul nsw i32 %K_load_3, %I_load_3

]]></Node>
<StgValue><ssdm name="tmp_1_1_1"/></StgValue>
</operation>

<operation id="95" st_id="6" stage="1" lat="2">
<core>RAM</core>
<MemPortIdVec></MemPortIdVec>
<condition id="13">
<or_exp><and_exp></and_exp></or_exp>
</condition>

<Node id="81" bw="32" op_0_bw="6">
<![CDATA[
:36  %I_load_4 = load i32* %I_addr_4, align 4

]]></Node>
<StgValue><ssdm name="I_load_4"/></StgValue>
</operation>

<operation id="96" st_id="6" stage="1" lat="2">
<core>RAM</core>
<MemPortIdVec></MemPortIdVec>
<condition id="13">
<or_exp><and_exp></and_exp></or_exp>
</condition>

<Node id="82" bw="32" op_0_bw="3">
<![CDATA[
:37  %K_load_4 = load i32* %K_addr_4, align 4

]]></Node>
<StgValue><ssdm name="K_load_4"/></StgValue>
</operation>

<operation id="97" st_id="6" stage="1" lat="2">
<core>RAM</core>
<MemPortIdVec></MemPortIdVec>
<condition id="13">
<or_exp><and_exp></and_exp></or_exp>
</condition>

<Node id="84" bw="32" op_0_bw="6">
<![CDATA[
:39  %I_load_5 = load i32* %I_addr_5, align 4

]]></Node>
<StgValue><ssdm name="I_load_5"/></StgValue>
</operation>

<operation id="98" st_id="6" stage="1" lat="2">
<core>RAM</core>
<MemPortIdVec></MemPortIdVec>
<condition id="13">
<or_exp><and_exp></and_exp></or_exp>
</condition>

<Node id="85" bw="32" op_0_bw="3">
<![CDATA[
:40  %K_load_5 = load i32* %K_addr_5, align 4

]]></Node>
<StgValue><ssdm name="K_load_5"/></StgValue>
</operation>
</state>

<state id="7" st_id="7">

<operation id="99" st_id="7" stage="1" lat="1">
<core>Mul</core>
<MemPortIdVec></MemPortIdVec>
<condition id="14">
<or_exp><and_exp></and_exp></or_exp>
</condition>

<Node id="83" bw="32" op_0_bw="32" op_1_bw="32">
<![CDATA[
:38  %tmp_1_2 = mul nsw i32 %K_load_4, %I_load_4

]]></Node>
<StgValue><ssdm name="tmp_1_2"/></StgValue>
</operation>

<operation id="100" st_id="7" stage="1" lat="1">
<core>Mul</core>
<MemPortIdVec></MemPortIdVec>
<condition id="14">
<or_exp><and_exp></and_exp></or_exp>
</condition>

<Node id="86" bw="32" op_0_bw="32" op_1_bw="32">
<![CDATA[
:41  %tmp_1_2_1 = mul nsw i32 %K_load_5, %I_load_5

]]></Node>
<StgValue><ssdm name="tmp_1_2_1"/></StgValue>
</operation>

<operation id="101" st_id="7" stage="1" lat="1">
<core>TAddSub</core>
<MemPortIdVec></MemPortIdVec>
<condition id="14">
<or_exp><and_exp></and_exp></or_exp>
</condition>

<Node id="87" bw="32" op_0_bw="32" op_1_bw="32">
<![CDATA[
:42  %tmp2 = add i32 %tmp_1_1, %tmp_1_0_1

]]></Node>
<StgValue><ssdm name="tmp2"/></StgValue>
</operation>

<operation id="102" st_id="7" stage="1" lat="1">
<core>TAddSub</core>
<MemPortIdVec></MemPortIdVec>
<condition id="14">
<or_exp><and_exp></and_exp></or_exp>
</condition>

<Node id="88" bw="32" op_0_bw="32" op_1_bw="32">
<![CDATA[
:43  %tmp1 = add i32 %tmp_s, %tmp2

]]></Node>
<StgValue><ssdm name="tmp1"/></StgValue>
</operation>
</state>

<state id="8" st_id="8">

<operation id="103" st_id="8" stage="1" lat="1">
<core>AddSub</core>
<MemPortIdVec></MemPortIdVec>
<condition id="15">
<or_exp><and_exp></and_exp></or_exp>
</condition>

<Node id="89" bw="32" op_0_bw="32" op_1_bw="32">
<![CDATA[
:44  %tmp4 = add i32 %tmp_1_2_1, %tmp_1_2

]]></Node>
<StgValue><ssdm name="tmp4"/></StgValue>
</operation>

<operation id="104" st_id="8" stage="1" lat="1">
<core>TAddSub</core>
<MemPortIdVec></MemPortIdVec>
<condition id="15">
<or_exp><and_exp></and_exp></or_exp>
</condition>

<Node id="90" bw="32" op_0_bw="32" op_1_bw="32">
<![CDATA[
:45  %tmp3 = add i32 %tmp_1_1_1, %tmp4

]]></Node>
<StgValue><ssdm name="tmp3"/></StgValue>
</operation>

<operation id="105" st_id="8" stage="1" lat="1">
<core>TAddSub</core>
<MemPortIdVec></MemPortIdVec>
<condition id="15">
<or_exp><and_exp></and_exp></or_exp>
</condition>

<Node id="91" bw="32" op_0_bw="32" op_1_bw="32">
<![CDATA[
:46  %sum_2_2_1 = add nsw i32 %tmp1, %tmp3

]]></Node>
<StgValue><ssdm name="sum_2_2_1"/></StgValue>
</operation>
</state>

<state id="9" st_id="9">

<operation id="106" st_id="9" stage="1" lat="1">
<core>NULL</core>
<MemPortIdVec></MemPortIdVec>
<condition id="16">
<or_exp><and_exp></and_exp></or_exp>
</condition>

<Node id="45" bw="0" op_0_bw="0" op_1_bw="0">
<![CDATA[
:0  call void (...)* @_ssdm_op_SpecLoopName([11 x i8]* @p_str1) nounwind

]]></Node>
<StgValue><ssdm name=""/></StgValue>
</operation>

<operation id="107" st_id="9" stage="1" lat="1">
<core>NULL</core>
<MemPortIdVec></MemPortIdVec>
<condition id="16">
<or_exp><and_exp></and_exp></or_exp>
</condition>

<Node id="57" bw="64" op_0_bw="7">
<![CDATA[
:12  %tmp_14_cast = zext i7 %tmp_11 to i64

]]></Node>
<StgValue><ssdm name="tmp_14_cast"/></StgValue>
</operation>

<operation id="108" st_id="9" stage="1" lat="1">
<core>NULL</core>
<MemPortIdVec></MemPortIdVec>
<condition id="16">
<or_exp><and_exp></and_exp></or_exp>
</condition>

<Node id="58" bw="5" op_0_bw="32" op_1_bw="64" op_2_bw="64">
<![CDATA[
:13  %J_addr = getelementptr [32 x i32]* %J, i64 0, i64 %tmp_14_cast

]]></Node>
<StgValue><ssdm name="J_addr"/></StgValue>
</operation>

<operation id="109" st_id="9" stage="1" lat="1">
<core>RAM</core>
<MemPortIdVec></MemPortIdVec>
<condition id="16">
<or_exp><and_exp></and_exp></or_exp>
</condition>

<Node id="92" bw="0" op_0_bw="32" op_1_bw="5">
<![CDATA[
:47  store i32 %sum_2_2_1, i32* %J_addr, align 4

]]></Node>
<StgValue><ssdm name=""/></StgValue>
</operation>

<operation id="110" st_id="9" stage="1" lat="1">
<core>NULL</core>
<MemPortIdVec></MemPortIdVec>
<condition id="16">
<or_exp><and_exp></and_exp></or_exp>
</condition>

<Node id="93" bw="0" op_0_bw="0">
<![CDATA[
:48  br label %3

]]></Node>
<StgValue><ssdm name=""/></StgValue>
</operation>
</state>
</state_list>


<ports>
</ports>


<dataflows>
</dataflows>


</stg>
