<profile>

<section name = "Vivado HLS Report for 'convolution2d'" level="0">
<item name = "Date">Sun Dec  1 10:41:21 2024
</item>
<item name = "Version">2018.1 (Build 2188600 on Wed Apr 04 19:04:02 MDT 2018)</item>
<item name = "Project">Convolution2D</item>
<item name = "Solution">solution1</item>
<item name = "Product family">zynq</item>
<item name = "Target device">xc7z020clg484-1</item>
</section>

<section name = "Performance Estimates" level="0">
<item name = "Timing (ns)">
<section name = "" level="1">
<item name = "Target clock period (ns)">10.00</item>
<item name = "Clock uncertainty (ns)">1.25</item>
<item name = "Estimated clock period (ns)">8.51</item>
</section>
</item>
<item name = "Latency (clock cycles)">
<section name = "" level="1">
<item name = "Summary"><table name="" hasTotal="0">
<keys size="6">, min, max, min, max, Type</keys>
<column name="">241, 241, 241, 241, none</column>
</table>
</item>
<item name = "Detail">
<section name = "" level="1">
<item name = "Instance"><table name="" hasTotal="0">
<keys size="7">Instance, Module, min, max, min, max, Type</keys>
</table>
</item>
<item name = "Loop"><table name="" hasTotal="0">
<keys size="8">Loop Name, min, max, Latency, achieved, target, Count, Pipelined</keys>
<column name="- I_LOOP_ROW">240, 240, 30, -, -, 8, no</column>
<column name=" + I_LOOP_COL">28, 28, 7, -, -, 4, no</column>
</table>
</item>
</section>
</item>
</section>
</item>
</section>

<section name = "Utilization Estimates" level="0">
<item name = "Summary"><table name="" hasTotal="1">
<keys size="5">Name, BRAM_18K, DSP48E, FF, LUT</keys>
<column name="DSP">-, -, -, -</column>
<column name="Expression">-, 6, 0, 415</column>
<column name="FIFO">-, -, -, -</column>
<column name="Instance">-, -, -, -</column>
<column name="Memory">-, -, -, -</column>
<column name="Multiplexer">-, -, -, 149</column>
<column name="Register">-, -, 395, -</column>
<specialColumn name="Available">280, 220, 106400, 53200</specialColumn>
<specialColumn name="Utilization (%)">0, 2, ~0, 1</specialColumn>
</table>
</item>
<item name = "Detail">
<section name = "" level="1">
<item name = "Instance"><table name="" hasTotal="1">
<keys size="6">Instance, Module, BRAM_18K, DSP48E, FF, LUT</keys>
</table>
</item>
<item name = "DSP48"><table name="" hasTotal="0">
<keys size="3">Instance, Module, Expression</keys>
</table>
</item>
<item name = "Memory"><table name="" hasTotal="1">
<keys size="9">Memory, Module, BRAM_18K, FF, LUT, Words, Bits, Banks, W*Bits*Banks</keys>
</table>
</item>
<item name = "FIFO"><table name="" hasTotal="1">
<keys size="7">Name, BRAM_18K, FF, LUT, Depth, Bits, Size:D*B</keys>
</table>
</item>
<item name = "Expression"><table name="" hasTotal="1">
<keys size="7">Variable Name, Operation, DSP48E, FF, LUT, Bitwidth P0, Bitwidth P1</keys>
<column name="grp_fu_216_p2">*, 3, 0, 20, 32, 32</column>
<column name="grp_fu_222_p2">*, 3, 0, 20, 32, 32</column>
<column name="i_1_fu_242_p2">+, 0, 0, 13, 4, 1</column>
<column name="j_1_fu_326_p2">+, 0, 0, 12, 3, 1</column>
<column name="sum_2_2_1_fu_420_p2">+, 0, 0, 32, 32, 32</column>
<column name="tmp1_fu_403_p2">+, 0, 0, 32, 32, 32</column>
<column name="tmp2_fu_398_p2">+, 0, 0, 32, 32, 32</column>
<column name="tmp3_fu_415_p2">+, 0, 0, 32, 32, 32</column>
<column name="tmp4_fu_409_p2">+, 0, 0, 39, 32, 32</column>
<column name="tmp_10_fu_369_p2">+, 0, 0, 15, 7, 7</column>
<column name="tmp_11_fu_373_p2">+, 0, 0, 15, 7, 7</column>
<column name="tmp_12_fu_350_p2">+, 0, 0, 15, 7, 7</column>
<column name="tmp_13_fu_377_p2">+, 0, 0, 15, 7, 7</column>
<column name="tmp_14_fu_386_p2">+, 0, 0, 15, 7, 7</column>
<column name="tmp_3_fu_264_p2">+, 0, 0, 15, 7, 7</column>
<column name="tmp_4_2_fu_292_p2">+, 0, 0, 13, 4, 2</column>
<column name="tmp_4_fu_314_p2">+, 0, 0, 15, 7, 7</column>
<column name="tmp_5_fu_336_p2">+, 0, 0, 15, 7, 7</column>
<column name="tmp_7_fu_286_p2">+, 0, 0, 15, 7, 7</column>
<column name="tmp_9_fu_360_p2">+, 0, 0, 15, 7, 7</column>
<column name="exitcond2_fu_320_p2">icmp, 0, 0, 9, 3, 4</column>
<column name="exitcond3_fu_236_p2">icmp, 0, 0, 11, 4, 5</column>
</table>
</item>
<item name = "Multiplexer"><table name="" hasTotal="1">
<keys size="5">Name, LUT, Input Size, Bits, Total Bits</keys>
<column name="I_address0">21, 4, 6, 24</column>
<column name="I_address1">21, 4, 6, 24</column>
<column name="K_address0">21, 4, 3, 12</column>
<column name="K_address1">21, 4, 3, 12</column>
<column name="ap_NS_fsm">47, 10, 1, 10</column>
<column name="i_reg_178">9, 2, 4, 8</column>
<column name="j_reg_189">9, 2, 3, 6</column>
</table>
</item>
<item name = "Register"><table name="" hasTotal="1">
<keys size="5">Name, FF, LUT, Bits, Const Bits</keys>
<column name="ap_CS_fsm">9, 0, 9, 0</column>
<column name="i_1_reg_462">4, 0, 4, 0</column>
<column name="i_reg_178">4, 0, 4, 0</column>
<column name="j_1_reg_493">3, 0, 3, 0</column>
<column name="j_reg_189">3, 0, 3, 0</column>
<column name="p_shl2_cast_reg_467">4, 0, 7, 3</column>
<column name="reg_200">32, 0, 32, 0</column>
<column name="reg_204">32, 0, 32, 0</column>
<column name="reg_208">32, 0, 32, 0</column>
<column name="reg_212">32, 0, 32, 0</column>
<column name="reg_228">32, 0, 32, 0</column>
<column name="reg_232">32, 0, 32, 0</column>
<column name="sum_2_2_1_reg_571">32, 0, 32, 0</column>
<column name="tmp1_reg_566">32, 0, 32, 0</column>
<column name="tmp_10_reg_526">7, 0, 7, 0</column>
<column name="tmp_11_reg_531">7, 0, 7, 0</column>
<column name="tmp_14_reg_541">7, 0, 7, 0</column>
<column name="tmp_1_1_1_reg_561">32, 0, 32, 0</column>
<column name="tmp_1_1_reg_556">32, 0, 32, 0</column>
<column name="tmp_3_reg_472">7, 0, 7, 0</column>
<column name="tmp_4_reg_484">7, 0, 7, 0</column>
<column name="tmp_7_reg_478">7, 0, 7, 0</column>
<column name="tmp_9_0_1_cast_reg_510">3, 0, 7, 4</column>
<column name="tmp_9_cast_reg_498">3, 0, 7, 4</column>
</table>
</item>
</section>
</item>
</section>

<section name = "Interface" level="0">
<item name = "Summary"><table name="" hasTotal="0">
<keys size="6">RTL Ports, Dir, Bits, Protocol, Source Object, C Type</keys>
<column name="ap_clk">in, 1, ap_ctrl_hs, convolution2d, return value</column>
<column name="ap_rst">in, 1, ap_ctrl_hs, convolution2d, return value</column>
<column name="ap_start">in, 1, ap_ctrl_hs, convolution2d, return value</column>
<column name="ap_done">out, 1, ap_ctrl_hs, convolution2d, return value</column>
<column name="ap_idle">out, 1, ap_ctrl_hs, convolution2d, return value</column>
<column name="ap_ready">out, 1, ap_ctrl_hs, convolution2d, return value</column>
<column name="I_address0">out, 6, ap_memory, I, array</column>
<column name="I_ce0">out, 1, ap_memory, I, array</column>
<column name="I_q0">in, 32, ap_memory, I, array</column>
<column name="I_address1">out, 6, ap_memory, I, array</column>
<column name="I_ce1">out, 1, ap_memory, I, array</column>
<column name="I_q1">in, 32, ap_memory, I, array</column>
<column name="K_address0">out, 3, ap_memory, K, array</column>
<column name="K_ce0">out, 1, ap_memory, K, array</column>
<column name="K_q0">in, 32, ap_memory, K, array</column>
<column name="K_address1">out, 3, ap_memory, K, array</column>
<column name="K_ce1">out, 1, ap_memory, K, array</column>
<column name="K_q1">in, 32, ap_memory, K, array</column>
<column name="J_address0">out, 5, ap_memory, J, array</column>
<column name="J_ce0">out, 1, ap_memory, J, array</column>
<column name="J_we0">out, 1, ap_memory, J, array</column>
<column name="J_d0">out, 32, ap_memory, J, array</column>
</table>
</item>
</section>

<section name = "Critical Path" level="0">
<item name = "Max Delay">8.51</item>
<item name = "Critical Path Table"><table name="Critical Path Table" hasTotal="0">
<keys size="15">Name, Operator, Delay, Accumulated Delay, Store Source, Resource, Core, Interface, Type, Port, Array, Scope, Pointer, Callee, Phi Node</keys>
<column name="'tmp_s', ../Storage/Class/2024-2025/Embed/convolution2d/convolution2d.c:13">mul, 8.51, 8.51, -, -, -, -, -, -, -, -, -, -, -</column>
</table>
</item>
</section>
</profile>
