<?xml version="1.0" encoding="utf-8"?>
<Messages>
	<Message prefix="[HLS 200-10]" severity="INFO" keynum="HLS_10_1312" content="Analyzing design file &apos;../Embed/convolution2d/convolution2d.cpp&apos; ..." tag=""/>
	<Message prefix="[HLS 200-10]" severity="INFO" keynum="HLS_10_1465" content="Validating synthesis directives ..." tag=""/>
	<Message prefix="[HLS 200-40]" severity="WARNING" keynum="HLS_40_1852" content="Directive &apos;PIPELINE&apos; cannot be applied: Label &apos;processConvolution2d_label1&apos; does not exist in function &apos;processConvolution2d&apos;." tag=""/>
	<Message prefix="[HLS 200-111]" severity="INFO" keynum="473" content="Finished Checking Pragmas Time (s): cpu = 00:00:01 ; elapsed = 00:00:04 . Memory (MB): peak = 101.926 ; gain = 45.844" tag=""/>
	<Message prefix="[HLS 200-111]" severity="INFO" keynum="473" content="Finished Linking Time (s): cpu = 00:00:01 ; elapsed = 00:00:05 . Memory (MB): peak = 101.941 ; gain = 45.859" tag=""/>
	<Message prefix="[HLS 200-10]" severity="INFO" keynum="HLS_10_1467" content="Starting code transformations ..." tag=""/>
	<Message prefix="[HLS 200-111]" severity="INFO" keynum="473" content="Finished Standard Transforms Time (s): cpu = 00:00:01 ; elapsed = 00:00:05 . Memory (MB): peak = 104.039 ; gain = 47.957" tag=""/>
	<Message prefix="[HLS 200-10]" severity="INFO" keynum="HLS_10_1472" content="Checking synthesizability ..." tag=""/>
	<Message prefix="[HLS 200-111]" severity="INFO" keynum="473" content="Finished Checking Synthesizability Time (s): cpu = 00:00:01 ; elapsed = 00:00:05 . Memory (MB): peak = 104.906 ; gain = 48.824" tag=""/>
	<Message prefix="[XFORM 203-502]" severity="INFO" keynum="812" content="Unrolling small iteration loop &apos;WINDOW_KERNEL_INNER_LOOP&apos; (../Embed/convolution2d/convolution2d.cpp:93) in function &apos;readWindow&apos; automatically." tag=""/>
	<Message prefix="[XFORM 203-501]" severity="INFO" keynum="891" content="Unrolling loop &apos;WINDOW_KERNEL_INNER_LOOP&apos; (../Embed/convolution2d/convolution2d.cpp:93) in function &apos;readWindow&apos; completely." tag=""/>
	<Message prefix="[XFORM 203-102]" severity="INFO" keynum="697" content="Partitioning array &apos;window.pix&apos; (../Embed/convolution2d/convolution2d.cpp:80) in dimension 2 automatically." tag=""/>
	<Message prefix="[XFORM 203-102]" severity="INFO" keynum="688" content="Automatically partitioning streamed array &apos;windows.V.pix&apos; (../Embed/convolution2d/convolution2d.cpp:176) ." tag=""/>
	<Message prefix="[XFORM 203-104]" severity="WARNING" keynum="694" content="Completely partitioning array &apos;&apos; (../Embed/convolution2d/convolution2d.cpp:78:34) accessed through non-constant indices on dimension 1 (../Embed/convolution2d/convolution2d.cpp:89:3), which may result in long runtime and suboptimal QoR due to large multiplexers. Please consider wrapping the array access into a function or using a register file core instead." tag=""/>
	<Message prefix="[XFORM 203-101]" severity="INFO" keynum="692" content="Partitioning array &apos;kernalSrc&apos; (../Embed/convolution2d/convolution2d.cpp:160) in dimension 1 completely." tag=""/>
	<Message prefix="[XFORM 203-101]" severity="INFO" keynum="692" content="Partitioning array &apos;tmp.pix&apos; in dimension 1 completely." tag=""/>
	<Message prefix="[XFORM 203-101]" severity="INFO" keynum="692" content="Partitioning array &apos;windows.V.pix&apos; (../Embed/convolution2d/convolution2d.cpp:176) in dimension 1 completely." tag=""/>
	<Message prefix="[XFORM 203-101]" severity="INFO" keynum="692" content="Partitioning array &apos;tmp.pix&apos; in dimension 2 completely." tag=""/>
	<Message prefix="[XFORM 203-101]" severity="INFO" keynum="692" content="Partitioning array &apos;windows.V.pix&apos; (../Embed/convolution2d/convolution2d.cpp:176) in dimension 2 completely." tag=""/>
	<Message prefix="[XFORM 203-713]" severity="WARNING" keynum="768" content="All the elements of global array &apos;dst&apos; should be updated in process function &apos;writeToMemmory&apos;, otherwise it may not be synthesized correctly." tag=""/>
	<Message prefix="[XFORM 203-712]" severity="INFO" keynum="801" content="Applying dataflow to function &apos;convolution2d&apos;, detected/extracted 4 process function(s): 
	 &apos;readFromMemory&apos;
	 &apos;readWindow&apos;
	 &apos;processConvolution2d&apos;
	 &apos;writeToMemmory&apos;." tag=""/>
	<Message prefix="[HLS 200-111]" severity="INFO" keynum="473" content="Finished Pre-synthesis Time (s): cpu = 00:00:04 ; elapsed = 00:00:09 . Memory (MB): peak = 139.957 ; gain = 83.875" tag=""/>
	<Message prefix="[HLS 200-111]" severity="INFO" keynum="473" content="Finished Architecture Synthesis Time (s): cpu = 00:00:10 ; elapsed = 00:00:16 . Memory (MB): peak = 202.875 ; gain = 146.793" tag=""/>
	<Message prefix="[HLS 200-10]" severity="INFO" keynum="HLS_10_1317" content="Starting hardware synthesis ..." tag=""/>
	<Message prefix="[HLS 200-10]" severity="INFO" keynum="HLS_10_1385" content="Synthesizing &apos;convolution2d&apos; ..." tag=""/>
	<Message prefix="[HLS 200-10]" severity="INFO" keynum="HLS_10_1477" content="----------------------------------------------------------------" tag=""/>
	<Message prefix="[HLS 200-42]" severity="INFO" keynum="HLS_42_1438" content="-- Implementing module &apos;readFromMemory&apos;" tag=""/>
	<Message prefix="[HLS 200-10]" severity="INFO" keynum="HLS_10_1478" content="----------------------------------------------------------------" tag=""/>
	<Message prefix="[SCHED 204-11]" severity="INFO" keynum="139" content="Starting scheduling ..." tag=""/>
	<Message prefix="[SCHED 204-11]" severity="INFO" keynum="138" content="Finished scheduling." tag=""/>
	<Message prefix="[HLS 200-111]" severity="INFO" keynum="474" content=" Elapsed time: 15.95 seconds; current allocated memory: 155.149 MB." tag=""/>
	<Message prefix="[BIND 205-100]" severity="INFO" keynum="439" content="Starting micro-architecture generation ..." tag=""/>
	<Message prefix="[BIND 205-101]" severity="INFO" keynum="211" content="Performing variable lifetime analysis." tag=""/>
	<Message prefix="[BIND 205-101]" severity="INFO" keynum="210" content="Exploring resource sharing." tag=""/>
	<Message prefix="[BIND 205-101]" severity="INFO" keynum="206" content="Binding ..." tag=""/>
	<Message prefix="[BIND 205-100]" severity="INFO" keynum="438" content="Finished micro-architecture generation." tag=""/>
	<Message prefix="[HLS 200-111]" severity="INFO" keynum="474" content=" Elapsed time: 0.065 seconds; current allocated memory: 155.400 MB." tag=""/>
	<Message prefix="[HLS 200-10]" severity="INFO" keynum="HLS_10_1477" content="----------------------------------------------------------------" tag=""/>
	<Message prefix="[HLS 200-42]" severity="INFO" keynum="HLS_42_1438" content="-- Implementing module &apos;readWindow&apos;" tag=""/>
	<Message prefix="[HLS 200-10]" severity="INFO" keynum="HLS_10_1478" content="----------------------------------------------------------------" tag=""/>
	<Message prefix="[SCHED 204-11]" severity="INFO" keynum="139" content="Starting scheduling ..." tag=""/>
	<Message prefix="[SCHED 204-11]" severity="INFO" keynum="138" content="Finished scheduling." tag=""/>
	<Message prefix="[HLS 200-111]" severity="INFO" keynum="474" content=" Elapsed time: 1.405 seconds; current allocated memory: 160.075 MB." tag=""/>
	<Message prefix="[BIND 205-100]" severity="INFO" keynum="439" content="Starting micro-architecture generation ..." tag=""/>
	<Message prefix="[BIND 205-101]" severity="INFO" keynum="211" content="Performing variable lifetime analysis." tag=""/>
	<Message prefix="[BIND 205-101]" severity="INFO" keynum="210" content="Exploring resource sharing." tag=""/>
	<Message prefix="[BIND 205-101]" severity="INFO" keynum="206" content="Binding ..." tag=""/>
	<Message prefix="[BIND 205-100]" severity="INFO" keynum="438" content="Finished micro-architecture generation." tag=""/>
	<Message prefix="[HLS 200-111]" severity="INFO" keynum="474" content=" Elapsed time: 0.467 seconds; current allocated memory: 164.034 MB." tag=""/>
	<Message prefix="[HLS 200-10]" severity="INFO" keynum="HLS_10_1477" content="----------------------------------------------------------------" tag=""/>
	<Message prefix="[HLS 200-42]" severity="INFO" keynum="HLS_42_1438" content="-- Implementing module &apos;processConvolution2d&apos;" tag=""/>
	<Message prefix="[HLS 200-10]" severity="INFO" keynum="HLS_10_1478" content="----------------------------------------------------------------" tag=""/>
	<Message prefix="[SCHED 204-11]" severity="INFO" keynum="139" content="Starting scheduling ..." tag=""/>
	<Message prefix="[SCHED 204-11]" severity="INFO" keynum="138" content="Finished scheduling." tag=""/>
	<Message prefix="[HLS 200-111]" severity="INFO" keynum="474" content=" Elapsed time: 0.555 seconds; current allocated memory: 164.358 MB." tag=""/>
	<Message prefix="[BIND 205-100]" severity="INFO" keynum="439" content="Starting micro-architecture generation ..." tag=""/>
	<Message prefix="[BIND 205-101]" severity="INFO" keynum="211" content="Performing variable lifetime analysis." tag=""/>
	<Message prefix="[BIND 205-101]" severity="INFO" keynum="210" content="Exploring resource sharing." tag=""/>
	<Message prefix="[BIND 205-101]" severity="INFO" keynum="206" content="Binding ..." tag=""/>
	<Message prefix="[BIND 205-100]" severity="INFO" keynum="438" content="Finished micro-architecture generation." tag=""/>
	<Message prefix="[HLS 200-111]" severity="INFO" keynum="474" content=" Elapsed time: 0.066 seconds; current allocated memory: 164.631 MB." tag=""/>
	<Message prefix="[HLS 200-10]" severity="INFO" keynum="HLS_10_1477" content="----------------------------------------------------------------" tag=""/>
	<Message prefix="[HLS 200-42]" severity="INFO" keynum="HLS_42_1438" content="-- Implementing module &apos;writeToMemmory&apos;" tag=""/>
	<Message prefix="[HLS 200-10]" severity="INFO" keynum="HLS_10_1478" content="----------------------------------------------------------------" tag=""/>
	<Message prefix="[SCHED 204-11]" severity="INFO" keynum="139" content="Starting scheduling ..." tag=""/>
	<Message prefix="[SCHED 204-11]" severity="INFO" keynum="138" content="Finished scheduling." tag=""/>
	<Message prefix="[HLS 200-111]" severity="INFO" keynum="474" content=" Elapsed time: 0.136 seconds; current allocated memory: 164.729 MB." tag=""/>
	<Message prefix="[BIND 205-100]" severity="INFO" keynum="439" content="Starting micro-architecture generation ..." tag=""/>
	<Message prefix="[BIND 205-101]" severity="INFO" keynum="211" content="Performing variable lifetime analysis." tag=""/>
	<Message prefix="[BIND 205-101]" severity="INFO" keynum="210" content="Exploring resource sharing." tag=""/>
	<Message prefix="[BIND 205-101]" severity="INFO" keynum="206" content="Binding ..." tag=""/>
	<Message prefix="[BIND 205-100]" severity="INFO" keynum="438" content="Finished micro-architecture generation." tag=""/>
	<Message prefix="[HLS 200-111]" severity="INFO" keynum="474" content=" Elapsed time: 0.057 seconds; current allocated memory: 164.827 MB." tag=""/>
	<Message prefix="[HLS 200-10]" severity="INFO" keynum="HLS_10_1477" content="----------------------------------------------------------------" tag=""/>
	<Message prefix="[HLS 200-42]" severity="INFO" keynum="HLS_42_1438" content="-- Implementing module &apos;convolution2d&apos;" tag=""/>
	<Message prefix="[HLS 200-10]" severity="INFO" keynum="HLS_10_1478" content="----------------------------------------------------------------" tag=""/>
	<Message prefix="[SCHED 204-11]" severity="INFO" keynum="139" content="Starting scheduling ..." tag=""/>
	<Message prefix="[SCHED 204-11]" severity="INFO" keynum="138" content="Finished scheduling." tag=""/>
	<Message prefix="[HLS 200-111]" severity="INFO" keynum="474" content=" Elapsed time: 0.064 seconds; current allocated memory: 164.953 MB." tag=""/>
	<Message prefix="[BIND 205-100]" severity="INFO" keynum="439" content="Starting micro-architecture generation ..." tag=""/>
	<Message prefix="[BIND 205-101]" severity="INFO" keynum="211" content="Performing variable lifetime analysis." tag=""/>
	<Message prefix="[BIND 205-101]" severity="INFO" keynum="210" content="Exploring resource sharing." tag=""/>
	<Message prefix="[BIND 205-101]" severity="INFO" keynum="206" content="Binding ..." tag=""/>
	<Message prefix="[BIND 205-100]" severity="INFO" keynum="438" content="Finished micro-architecture generation." tag=""/>
	<Message prefix="[HLS 200-111]" severity="INFO" keynum="474" content=" Elapsed time: 0.125 seconds; current allocated memory: 165.289 MB." tag=""/>
	<Message prefix="[HLS 200-10]" severity="INFO" keynum="HLS_10_1483" content="----------------------------------------------------------------" tag=""/>
	<Message prefix="[HLS 200-10]" severity="INFO" keynum="HLS_10_1484" content="-- Generating RTL for module &apos;readFromMemory&apos;" tag=""/>
	<Message prefix="[HLS 200-10]" severity="INFO" keynum="HLS_10_1485" content="----------------------------------------------------------------" tag=""/>
	<Message prefix="[SYN 201-210]" severity="INFO" keynum="402" content="Renamed object name &apos;convolution2d_mux_63_32_1_1&apos; to &apos;convolution2d_muxbkb&apos; due to the length limit 20" tag=""/>
	<Message prefix="[RTGEN 206-100]" severity="INFO" keynum="368" content="Generating core module &apos;convolution2d_muxbkb&apos;: 1 instance(s)." tag=""/>
	<Message prefix="[RTGEN 206-100]" severity="INFO" keynum="369" content="Finished creating RTL model for &apos;readFromMemory&apos;." tag=""/>
	<Message prefix="[HLS 200-111]" severity="INFO" keynum="474" content=" Elapsed time: 0.122 seconds; current allocated memory: 165.735 MB." tag=""/>
	<Message prefix="[HLS 200-10]" severity="INFO" keynum="HLS_10_1483" content="----------------------------------------------------------------" tag=""/>
	<Message prefix="[HLS 200-10]" severity="INFO" keynum="HLS_10_1484" content="-- Generating RTL for module &apos;readWindow&apos;" tag=""/>
	<Message prefix="[HLS 200-10]" severity="INFO" keynum="HLS_10_1485" content="----------------------------------------------------------------" tag=""/>
	<Message prefix="[SYN 201-210]" severity="INFO" keynum="402" content="Renamed object name &apos;readWindow_window_pix_0&apos; to &apos;readWindow_windowcud&apos; due to the length limit 20" tag=""/>
	<Message prefix="[SYN 201-210]" severity="INFO" keynum="402" content="Renamed object name &apos;readWindow_window_pix_1&apos; to &apos;readWindow_windowdEe&apos; due to the length limit 20" tag=""/>
	<Message prefix="[SYN 201-210]" severity="INFO" keynum="402" content="Renamed object name &apos;convolution2d_srem_33ns_32ns_32_37_seq_1&apos; to &apos;convolution2d_sreeOg&apos; due to the length limit 20" tag=""/>
	<Message prefix="[SYN 201-210]" severity="INFO" keynum="402" content="Renamed object name &apos;convolution2d_srem_32ns_32ns_9_36_seq_1&apos; to &apos;convolution2d_srefYi&apos; due to the length limit 20" tag=""/>
	<Message prefix="[SYN 201-210]" severity="INFO" keynum="402" content="Renamed object name &apos;convolution2d_srem_33ns_32s_32_37_seq_1&apos; to &apos;convolution2d_sreg8j&apos; due to the length limit 20" tag=""/>
	<Message prefix="[SYN 201-210]" severity="INFO" keynum="402" content="Renamed object name &apos;convolution2d_mux_3869_32_1_1&apos; to &apos;convolution2d_muxhbi&apos; due to the length limit 20" tag=""/>
	<Message prefix="[RTGEN 206-100]" severity="INFO" keynum="368" content="Generating core module &apos;convolution2d_muxhbi&apos;: 1 instance(s)." tag=""/>
	<Message prefix="[RTGEN 206-100]" severity="INFO" keynum="368" content="Generating core module &apos;convolution2d_sreeOg&apos;: 1 instance(s)." tag=""/>
	<Message prefix="[RTGEN 206-100]" severity="INFO" keynum="368" content="Generating core module &apos;convolution2d_srefYi&apos;: 1 instance(s)." tag=""/>
	<Message prefix="[RTGEN 206-100]" severity="INFO" keynum="368" content="Generating core module &apos;convolution2d_sreg8j&apos;: 1 instance(s)." tag=""/>
	<Message prefix="[RTGEN 206-100]" severity="INFO" keynum="369" content="Finished creating RTL model for &apos;readWindow&apos;." tag=""/>
	<Message prefix="[HLS 200-111]" severity="INFO" keynum="474" content=" Elapsed time: 0.447 seconds; current allocated memory: 175.484 MB." tag=""/>
	<Message prefix="[HLS 200-10]" severity="INFO" keynum="HLS_10_1483" content="----------------------------------------------------------------" tag=""/>
	<Message prefix="[HLS 200-10]" severity="INFO" keynum="HLS_10_1484" content="-- Generating RTL for module &apos;processConvolution2d&apos;" tag=""/>
	<Message prefix="[HLS 200-10]" severity="INFO" keynum="HLS_10_1485" content="----------------------------------------------------------------" tag=""/>
	<Message prefix="[RTGEN 206-100]" severity="INFO" keynum="368" content="Generating core module &apos;convolution2d_muxbkb&apos;: 1 instance(s)." tag=""/>
	<Message prefix="[RTGEN 206-100]" severity="INFO" keynum="369" content="Finished creating RTL model for &apos;processConvolution2d&apos;." tag=""/>
	<Message prefix="[HLS 200-111]" severity="INFO" keynum="474" content=" Elapsed time: 1.021 seconds; current allocated memory: 177.156 MB." tag=""/>
	<Message prefix="[HLS 200-10]" severity="INFO" keynum="HLS_10_1483" content="----------------------------------------------------------------" tag=""/>
	<Message prefix="[HLS 200-10]" severity="INFO" keynum="HLS_10_1484" content="-- Generating RTL for module &apos;writeToMemmory&apos;" tag=""/>
	<Message prefix="[HLS 200-10]" severity="INFO" keynum="HLS_10_1485" content="----------------------------------------------------------------" tag=""/>
	<Message prefix="[RTGEN 206-100]" severity="INFO" keynum="369" content="Finished creating RTL model for &apos;writeToMemmory&apos;." tag=""/>
	<Message prefix="[HLS 200-111]" severity="INFO" keynum="474" content=" Elapsed time: 0.153 seconds; current allocated memory: 177.463 MB." tag=""/>
	<Message prefix="[HLS 200-10]" severity="INFO" keynum="HLS_10_1483" content="----------------------------------------------------------------" tag=""/>
	<Message prefix="[HLS 200-10]" severity="INFO" keynum="HLS_10_1484" content="-- Generating RTL for module &apos;convolution2d&apos;" tag=""/>
	<Message prefix="[HLS 200-10]" severity="INFO" keynum="HLS_10_1485" content="----------------------------------------------------------------" tag=""/>
	<Message prefix="[RTGEN 206-500]" severity="INFO" keynum="73" content="Setting interface mode on port &apos;convolution2d/kernalSrc_0&apos; to &apos;ap_none&apos;." tag=""/>
	<Message prefix="[RTGEN 206-500]" severity="INFO" keynum="73" content="Setting interface mode on port &apos;convolution2d/kernalSrc_1&apos; to &apos;ap_none&apos;." tag=""/>
	<Message prefix="[RTGEN 206-500]" severity="INFO" keynum="73" content="Setting interface mode on port &apos;convolution2d/kernalSrc_2&apos; to &apos;ap_none&apos;." tag=""/>
	<Message prefix="[RTGEN 206-500]" severity="INFO" keynum="73" content="Setting interface mode on port &apos;convolution2d/kernalSrc_3&apos; to &apos;ap_none&apos;." tag=""/>
	<Message prefix="[RTGEN 206-500]" severity="INFO" keynum="73" content="Setting interface mode on port &apos;convolution2d/kernalSrc_4&apos; to &apos;ap_none&apos;." tag=""/>
	<Message prefix="[RTGEN 206-500]" severity="INFO" keynum="73" content="Setting interface mode on port &apos;convolution2d/kernalSrc_5&apos; to &apos;ap_none&apos;." tag=""/>
	<Message prefix="[RTGEN 206-500]" severity="INFO" keynum="73" content="Setting interface mode on port &apos;convolution2d/width&apos; to &apos;ap_none&apos;." tag=""/>
	<Message prefix="[RTGEN 206-500]" severity="INFO" keynum="73" content="Setting interface mode on port &apos;convolution2d/height&apos; to &apos;ap_none&apos;." tag=""/>
	<Message prefix="[RTGEN 206-500]" severity="INFO" keynum="73" content="Setting interface mode on port &apos;convolution2d/src&apos; to &apos;ap_memory&apos;." tag=""/>
	<Message prefix="[RTGEN 206-500]" severity="INFO" keynum="73" content="Setting interface mode on port &apos;convolution2d/dst&apos; to &apos;ap_memory&apos;." tag=""/>
	<Message prefix="[RTGEN 206-500]" severity="INFO" keynum="73" content="Setting interface mode on function &apos;convolution2d&apos; to &apos;ap_ctrl_hs&apos;." tag=""/>
	<Message prefix="[SYN 201-210]" severity="INFO" keynum="402" content="Renamed object name &apos;convolution2d_kernel&apos; to &apos;convolution2d_keribs&apos; due to the length limit 20" tag=""/>
	<Message prefix="[SYN 201-210]" severity="INFO" keynum="402" content="Renamed object name &apos;start_for_readWindow_U0&apos; to &apos;start_for_readWinjbC&apos; due to the length limit 20" tag=""/>
	<Message prefix="[SYN 201-210]" severity="INFO" keynum="402" content="Renamed object name &apos;start_for_writeToMemmory_U0&apos; to &apos;start_for_writeTokbM&apos; due to the length limit 20" tag=""/>
	<Message prefix="[RTGEN 206-100]" severity="INFO" keynum="369" content="Finished creating RTL model for &apos;convolution2d&apos;." tag=""/>
	<Message prefix="[HLS 200-111]" severity="INFO" keynum="474" content=" Elapsed time: 0.235 seconds; current allocated memory: 178.304 MB." tag=""/>
	<Message prefix="[RTMG 210-282]" severity="INFO" keynum="RTMG_282_1796" content="Generating pipelined core: &apos;convolution2d_sreeOg_div&apos;" tag=""/>
	<Message prefix="[RTMG 210-282]" severity="INFO" keynum="RTMG_282_1796" content="Generating pipelined core: &apos;convolution2d_srefYi_div&apos;" tag=""/>
	<Message prefix="[RTMG 210-282]" severity="INFO" keynum="RTMG_282_1796" content="Generating pipelined core: &apos;convolution2d_sreg8j_div&apos;" tag=""/>
	<Message prefix="[RTMG 210-278]" severity="INFO" keynum="RTMG_278_1790" content="Implementing memory &apos;readWindow_windowcud_ram (RAM)&apos; using distributed RAMs." tag=""/>
	<Message prefix="[RTMG 210-278]" severity="INFO" keynum="RTMG_278_1790" content="Implementing memory &apos;convolution2d_keribs_memcore_ram (RAM)&apos; using distributed RAMs." tag=""/>
	<Message prefix="[RTMG 210-285]" severity="INFO" keynum="RTMG_285_1799" content="Implementing FIFO &apos;fifo_w32_d10_A&apos; using Shift Registers." tag=""/>
	<Message prefix="[RTMG 210-285]" severity="INFO" keynum="RTMG_285_1799" content="Implementing FIFO &apos;fifo_w32_d2_A&apos; using Shift Registers." tag=""/>
	<Message prefix="[RTMG 210-285]" severity="INFO" keynum="RTMG_285_1799" content="Implementing FIFO &apos;fifo_w32_d2_A&apos; using Shift Registers." tag=""/>
	<Message prefix="[RTMG 210-285]" severity="INFO" keynum="RTMG_285_1799" content="Implementing FIFO &apos;fifo_w32_d64_A&apos; using Block RAMs." tag=""/>
	<Message prefix="[RTMG 210-285]" severity="INFO" keynum="RTMG_285_1799" content="Implementing FIFO &apos;fifo_w32_d64_A&apos; using Block RAMs." tag=""/>
	<Message prefix="[RTMG 210-285]" severity="INFO" keynum="RTMG_285_1799" content="Implementing FIFO &apos;fifo_w32_d64_A&apos; using Block RAMs." tag=""/>
	<Message prefix="[RTMG 210-285]" severity="INFO" keynum="RTMG_285_1799" content="Implementing FIFO &apos;fifo_w32_d64_A&apos; using Block RAMs." tag=""/>
	<Message prefix="[RTMG 210-285]" severity="INFO" keynum="RTMG_285_1799" content="Implementing FIFO &apos;fifo_w32_d64_A&apos; using Block RAMs." tag=""/>
	<Message prefix="[RTMG 210-285]" severity="INFO" keynum="RTMG_285_1799" content="Implementing FIFO &apos;fifo_w32_d64_A&apos; using Block RAMs." tag=""/>
	<Message prefix="[RTMG 210-285]" severity="INFO" keynum="RTMG_285_1799" content="Implementing FIFO &apos;fifo_w32_d2_A&apos; using Shift Registers." tag=""/>
	<Message prefix="[RTMG 210-285]" severity="INFO" keynum="RTMG_285_1799" content="Implementing FIFO &apos;fifo_w32_d2_A&apos; using Shift Registers." tag=""/>
	<Message prefix="[RTMG 210-285]" severity="INFO" keynum="RTMG_285_1799" content="Implementing FIFO &apos;fifo_w32_d10_A&apos; using Shift Registers." tag=""/>
	<Message prefix="[RTMG 210-285]" severity="INFO" keynum="RTMG_285_1799" content="Implementing FIFO &apos;fifo_w32_d2_A&apos; using Shift Registers." tag=""/>
	<Message prefix="[RTMG 210-285]" severity="INFO" keynum="RTMG_285_1799" content="Implementing FIFO &apos;fifo_w32_d2_A&apos; using Shift Registers." tag=""/>
	<Message prefix="[RTMG 210-285]" severity="INFO" keynum="RTMG_285_1799" content="Implementing FIFO &apos;start_for_readWinjbC&apos; using Shift Registers." tag=""/>
	<Message prefix="[RTMG 210-285]" severity="INFO" keynum="RTMG_285_1799" content="Implementing FIFO &apos;start_for_writeTokbM&apos; using Shift Registers." tag=""/>
	<Message prefix="[HLS 200-111]" severity="INFO" keynum="473" content="Finished generating all RTL models Time (s): cpu = 00:00:15 ; elapsed = 00:00:23 . Memory (MB): peak = 259.047 ; gain = 202.965" tag=""/>
	<Message prefix="[SYSC 207-301]" severity="INFO" keynum="SYSC_301_1065" content="Generating SystemC RTL for convolution2d." tag=""/>
	<Message prefix="[VHDL 208-304]" severity="INFO" keynum="VHDL_304_1066" content="Generating VHDL RTL for convolution2d." tag=""/>
	<Message prefix="[VLOG 209-307]" severity="INFO" keynum="VLOG_307_1067" content="Generating Verilog RTL for convolution2d." tag=""/>
	<Message prefix="[HLS 200-112]" severity="INFO" keynum="472" content="Total elapsed time: 22.738 seconds; peak allocated memory: 178.304 MB." tag=""/>
</Messages>
