<annotationInfo>
<annotationInfo>
<item  id="24" filename="../Embed/convolution2d/convolution2d.cpp" linenumber="20" name="exitcond2_i" contextFuncName="readFromMemory" moduleName="readFromMemory" rtlName="exitcond2_i_fu_244_p2" latency="0" BRAM="-1" DSP="-1" FF="0" LUT="8" fileDirectory="D:\Programming\Storage\Class\2024-2025\HW"></item>
<item  id="26" filename="../Embed/convolution2d/convolution2d.cpp" linenumber="20" name="ik" contextFuncName="readFromMemory" moduleName="readFromMemory" rtlName="ik_fu_250_p2" latency="0" BRAM="-1" DSP="-1" FF="0" LUT="10" fileDirectory="D:\Programming\Storage\Class\2024-2025\HW"></item>
<item  id="31" filename="../Embed/convolution2d/convolution2d.cpp" linenumber="20" name="tmp" contextFuncName="readFromMemory" moduleName="readFromMemory" rtlName="tmp_fu_256_p3" latency="0" BRAM="-1" DSP="-1" FF="-1" LUT="-1" fileDirectory="D:\Programming\Storage\Class\2024-2025\HW"></item>
<item  id="32" filename="../Embed/convolution2d/convolution2d.cpp" linenumber="22" name="tmp_2_cast" contextFuncName="readFromMemory" moduleName="readFromMemory" rtlName="tmp_2_cast_fu_264_p1" latency="0" BRAM="-1" DSP="-1" FF="-1" LUT="-1" fileDirectory="D:\Programming\Storage\Class\2024-2025\HW"></item>
<item  id="36" filename="../Embed/convolution2d/convolution2d.cpp" linenumber="22" name="exitcond_i" contextFuncName="readFromMemory" moduleName="readFromMemory" rtlName="exitcond_i_fu_268_p2" latency="0" BRAM="-1" DSP="-1" FF="0" LUT="9" fileDirectory="D:\Programming\Storage\Class\2024-2025\HW"></item>
<item  id="38" filename="../Embed/convolution2d/convolution2d.cpp" linenumber="22" name="jk" contextFuncName="readFromMemory" moduleName="readFromMemory" rtlName="jk_fu_274_p2" latency="0" BRAM="-1" DSP="-1" FF="0" LUT="10" fileDirectory="D:\Programming\Storage\Class\2024-2025\HW"></item>
<item  id="42" filename="../Embed/convolution2d/convolution2d.cpp" linenumber="22" name="tmp_15_i" contextFuncName="readFromMemory" moduleName="readFromMemory" rtlName="tmp_15_i_fu_280_p1" latency="0" BRAM="-1" DSP="-1" FF="-1" LUT="-1" fileDirectory="D:\Programming\Storage\Class\2024-2025\HW"></item>
<item  id="43" filename="../Embed/convolution2d/convolution2d.cpp" linenumber="22" name="tmp_16_t_i" contextFuncName="readFromMemory" moduleName="readFromMemory" rtlName="value_fu_289_p7" latency="0" BRAM="-1" DSP="-1" FF="0" LUT="12" fileDirectory="D:\Programming\Storage\Class\2024-2025\HW"></item>
<item  id="50" filename="../Embed/convolution2d/convolution2d.cpp" linenumber="22" name="value" contextFuncName="readFromMemory" moduleName="readFromMemory" rtlName="convolution2d_muxbkb_U1" latency="0" BRAM="-1" DSP="-1" FF="-1" LUT="-1" fileDirectory="D:\Programming\Storage\Class\2024-2025\HW"></item>
<item  id="51" filename="../Embed/convolution2d/convolution2d.cpp" linenumber="24" name="tmp_4_i_cast" contextFuncName="readFromMemory" moduleName="readFromMemory" rtlName="tmp_4_i_cast_fu_308_p1" latency="0" BRAM="-1" DSP="-1" FF="-1" LUT="-1" fileDirectory="D:\Programming\Storage\Class\2024-2025\HW"></item>
<item  id="52" filename="../Embed/convolution2d/convolution2d.cpp" linenumber="24" name="tmp_3" contextFuncName="readFromMemory" moduleName="readFromMemory" rtlName="tmp_3_fu_312_p2" latency="0" BRAM="-1" DSP="-1" FF="0" LUT="13" fileDirectory="D:\Programming\Storage\Class\2024-2025\HW"></item>
<item  id="53" filename="../Embed/convolution2d/convolution2d.cpp" linenumber="24" name="tmp_3_cast" contextFuncName="readFromMemory" moduleName="readFromMemory" rtlName="tmp_3_cast_fu_317_p1" latency="0" BRAM="-1" DSP="-1" FF="-1" LUT="-1" fileDirectory="D:\Programming\Storage\Class\2024-2025\HW"></item>
<item  id="66" filename="../Embed/convolution2d/convolution2d.cpp" linenumber="30" name="i_cast_i" contextFuncName="readFromMemory" moduleName="readFromMemory" rtlName="i_cast_i_fu_327_p1" latency="0" BRAM="-1" DSP="-1" FF="-1" LUT="-1" fileDirectory="D:\Programming\Storage\Class\2024-2025\HW"></item>
<item  id="67" filename="../Embed/convolution2d/convolution2d.cpp" linenumber="30" name="tmp_1_i" contextFuncName="readFromMemory" moduleName="readFromMemory" rtlName="tmp_1_i_fu_331_p2" latency="0" BRAM="-1" DSP="-1" FF="0" LUT="18" fileDirectory="D:\Programming\Storage\Class\2024-2025\HW"></item>
<item  id="68" filename="../Embed/convolution2d/convolution2d.cpp" linenumber="30" name="i" contextFuncName="readFromMemory" moduleName="readFromMemory" rtlName="i_fu_336_p2" latency="0" BRAM="-1" DSP="-1" FF="0" LUT="38" fileDirectory="D:\Programming\Storage\Class\2024-2025\HW"></item>
<item  id="77" filename="../Embed/convolution2d/convolution2d.cpp" linenumber="33" name="j_cast_i" contextFuncName="readFromMemory" moduleName="readFromMemory" rtlName="j_cast_i_fu_342_p1" latency="0" BRAM="-1" DSP="-1" FF="-1" LUT="-1" fileDirectory="D:\Programming\Storage\Class\2024-2025\HW"></item>
<item  id="78" filename="../Embed/convolution2d/convolution2d.cpp" linenumber="33" name="tmp_3_i" contextFuncName="readFromMemory" moduleName="readFromMemory" rtlName="tmp_3_i_fu_346_p2" latency="0" BRAM="-1" DSP="-1" FF="0" LUT="18" fileDirectory="D:\Programming\Storage\Class\2024-2025\HW"></item>
<item  id="79" filename="../Embed/convolution2d/convolution2d.cpp" linenumber="33" name="j" contextFuncName="readFromMemory" moduleName="readFromMemory" rtlName="j_fu_351_p2" latency="0" BRAM="-1" DSP="-1" FF="0" LUT="38" fileDirectory="D:\Programming\Storage\Class\2024-2025\HW"></item>
<item  id="85" filename="../Embed/convolution2d/convolution2d.cpp" linenumber="35" name="tmp_6_i" contextFuncName="readFromMemory" moduleName="readFromMemory" rtlName="tmp_6_i_fu_357_p2" latency="0" BRAM="-1" DSP="-1" FF="0" LUT="39" fileDirectory="D:\Programming\Storage\Class\2024-2025\HW"></item>
<item  id="86" filename="../Embed/convolution2d/convolution2d.cpp" linenumber="35" name="tmp_7_i" contextFuncName="readFromMemory" moduleName="readFromMemory" rtlName="tmp_7_i_fu_363_p1" latency="0" BRAM="-1" DSP="-1" FF="-1" LUT="-1" fileDirectory="D:\Programming\Storage\Class\2024-2025\HW"></item>
</annotationInfo>
<annotationInfo>
<item  id="405" filename="../Embed/convolution2d/convolution2d.cpp" linenumber="80" name="window_pix_0" contextFuncName="readWindow" moduleName="readWindow" rtlName="window_pix_0_U" latency="0" BRAM="-1" DSP="-1" FF="-1" LUT="-1" fileDirectory="D:\Programming\Storage\Class\2024-2025\HW"></item>
<item  id="406" filename="../Embed/convolution2d/convolution2d.cpp" linenumber="80" name="window_pix_1" contextFuncName="readWindow" moduleName="readWindow" rtlName="window_pix_1_U" latency="0" BRAM="-1" DSP="-1" FF="-1" LUT="-1" fileDirectory="D:\Programming\Storage\Class\2024-2025\HW"></item>
<item  id="415" filename="../Embed/convolution2d/convolution2d.cpp" linenumber="74" name="num_iterations" contextFuncName="readWindow" moduleName="readWindow" rtlName="num_iterations_fu_2567_p2" latency="0" BRAM="-1" DSP="3" FF="0" LUT="20" fileDirectory="D:\Programming\Storage\Class\2024-2025\HW"></item>
<item  id="416" filename="../Embed/convolution2d/convolution2d.cpp" linenumber="76" name="tmp_387" contextFuncName="readWindow" moduleName="readWindow" rtlName="tmp_387_fu_2571_p2" latency="0" BRAM="-1" DSP="-1" FF="-1" LUT="-1" fileDirectory="D:\Programming\Storage\Class\2024-2025\HW"></item>
<item  id="417" filename="../Embed/convolution2d/convolution2d.cpp" linenumber="76" name="bufferSize" contextFuncName="readWindow" moduleName="readWindow" rtlName="bufferSize_fu_2576_p2" latency="0" BRAM="-1" DSP="-1" FF="0" LUT="39" fileDirectory="D:\Programming\Storage\Class\2024-2025\HW"></item>
<item  id="418" filename="../Embed/convolution2d/convolution2d.cpp" linenumber="101" name="tmp_7_i" contextFuncName="readWindow" moduleName="readWindow" rtlName="tmp_7_i_fu_2582_p2" latency="0" BRAM="-1" DSP="-1" FF="0" LUT="32" fileDirectory="D:\Programming\Storage\Class\2024-2025\HW"></item>
<item  id="428" filename="../Embed/convolution2d/convolution2d.cpp" linenumber="82" name="it_cast_i" contextFuncName="readWindow" moduleName="readWindow" rtlName="it_cast_i_fu_2588_p1" latency="0" BRAM="-1" DSP="-1" FF="-1" LUT="-1" fileDirectory="D:\Programming\Storage\Class\2024-2025\HW"></item>
<item  id="429" filename="../Embed/convolution2d/convolution2d.cpp" linenumber="82" name="tmp_8_i" contextFuncName="readWindow" moduleName="readWindow" rtlName="tmp_8_i_fu_2592_p2" latency="0" BRAM="-1" DSP="-1" FF="0" LUT="18" fileDirectory="D:\Programming\Storage\Class\2024-2025\HW"></item>
<item  id="430" filename="../Embed/convolution2d/convolution2d.cpp" linenumber="82" name="it" contextFuncName="readWindow" moduleName="readWindow" rtlName="it_fu_2597_p2" latency="0" BRAM="-1" DSP="-1" FF="0" LUT="38" fileDirectory="D:\Programming\Storage\Class\2024-2025\HW"></item>
<item  id="437" filename="../Embed/convolution2d/convolution2d.cpp" linenumber="88" name="ptr" contextFuncName="readWindow" moduleName="readWindow" rtlName="convolution2d_sreeOg_U16" latency="36" BRAM="-1" DSP="-1" FF="-1" LUT="-1" fileDirectory="D:\Programming\Storage\Class\2024-2025\HW"></item>
<item  id="438" filename="../Embed/convolution2d/convolution2d.cpp" linenumber="88" name="tmp_389" contextFuncName="readWindow" moduleName="readWindow" rtlName="tmp_389_fu_2608_p1" latency="0" BRAM="-1" DSP="-1" FF="-1" LUT="-1" fileDirectory="D:\Programming\Storage\Class\2024-2025\HW"></item>
<item  id="1603" filename="../Embed/convolution2d/convolution2d.cpp" linenumber="91" name="exitcond5_i" contextFuncName="readWindow" moduleName="readWindow" rtlName="exitcond5_i_fu_4542_p2" latency="0" BRAM="-1" DSP="-1" FF="0" LUT="8" fileDirectory="D:\Programming\Storage\Class\2024-2025\HW"></item>
<item  id="1605" filename="../Embed/convolution2d/convolution2d.cpp" linenumber="91" name="i" contextFuncName="readWindow" moduleName="readWindow" rtlName="i_fu_4548_p2" latency="0" BRAM="-1" DSP="-1" FF="0" LUT="10" fileDirectory="D:\Programming\Storage\Class\2024-2025\HW"></item>
<item  id="1995" filename="../Embed/convolution2d/convolution2d.cpp" linenumber="94" name="tmp_2_i" contextFuncName="readWindow" moduleName="readWindow" rtlName="tmp_2_i_fu_4583_p1" latency="0" BRAM="-1" DSP="-1" FF="-1" LUT="-1" fileDirectory="D:\Programming\Storage\Class\2024-2025\HW"></item>
<item  id="2001" filename="../Embed/convolution2d/convolution2d.cpp" linenumber="98" name="tmp1" contextFuncName="readWindow" moduleName="readWindow" rtlName="tmp1_fu_4559_p2" latency="0" BRAM="-1" DSP="-1" FF="0" LUT="32" fileDirectory="D:\Programming\Storage\Class\2024-2025\HW"></item>
<item  id="2002" filename="../Embed/convolution2d/convolution2d.cpp" linenumber="98" name="tmp_i" contextFuncName="readWindow" moduleName="readWindow" rtlName="grp_fu_4570_p0" latency="0" BRAM="-1" DSP="-1" FF="0" LUT="32" fileDirectory="D:\Programming\Storage\Class\2024-2025\HW"></item>
<item  id="2003" filename="../Embed/convolution2d/convolution2d.cpp" linenumber="98" name="index" contextFuncName="readWindow" moduleName="readWindow" rtlName="convolution2d_srefYi_U17" latency="35" BRAM="-1" DSP="-1" FF="-1" LUT="-1" fileDirectory="D:\Programming\Storage\Class\2024-2025\HW"></item>
<item  id="2004" filename="../Embed/convolution2d/convolution2d.cpp" linenumber="98" name="tmp_390" contextFuncName="readWindow" moduleName="readWindow" rtlName="tmp_2_fu_5749_p387" latency="0" BRAM="-1" DSP="-1" FF="-1" LUT="-1" fileDirectory="D:\Programming\Storage\Class\2024-2025\HW"></item>
<item  id="2005" filename="../Embed/convolution2d/convolution2d.cpp" linenumber="98" name="tmp_2" contextFuncName="readWindow" moduleName="readWindow" rtlName="convolution2d_muxhbi_U19" latency="0" BRAM="-1" DSP="-1" FF="-1" LUT="-1" fileDirectory="D:\Programming\Storage\Class\2024-2025\HW"></item>
<item  id="2009" filename="../Embed/convolution2d/convolution2d.cpp" linenumber="101" name="tmp_1_i" contextFuncName="readWindow" moduleName="readWindow" rtlName="tmp_1_i_fu_4575_p2" latency="0" BRAM="-1" DSP="-1" FF="0" LUT="18" fileDirectory="D:\Programming\Storage\Class\2024-2025\HW"></item>
<item  id="2012" filename="../Embed/convolution2d/convolution2d.cpp" linenumber="101" name="tmp_3_i" contextFuncName="readWindow" moduleName="readWindow" rtlName="convolution2d_sreg8j_U18" latency="36" BRAM="-1" DSP="-1" FF="-1" LUT="-1" fileDirectory="D:\Programming\Storage\Class\2024-2025\HW"></item>
<item  id="2013" filename="../Embed/convolution2d/convolution2d.cpp" linenumber="101" name="tmp_5_i" contextFuncName="readWindow" moduleName="readWindow" rtlName="tmp_5_i_fu_6528_p2" latency="0" BRAM="-1" DSP="-1" FF="0" LUT="18" fileDirectory="D:\Programming\Storage\Class\2024-2025\HW"></item>
</annotationInfo>
<annotationInfo>
<item  id="28" filename="../Embed/convolution2d/convolution2d.cpp" linenumber="125" name="tmp_i" contextFuncName="processConvolution2d" moduleName="processConvolution2d" rtlName="tmp_i_fu_227_p2" latency="0" BRAM="-1" DSP="-1" FF="0" LUT="39" fileDirectory="D:\Programming\Storage\Class\2024-2025\HW"></item>
<item  id="29" filename="../Embed/convolution2d/convolution2d.cpp" linenumber="128" name="tmp_i_32" contextFuncName="processConvolution2d" moduleName="processConvolution2d" rtlName="tmp_i_32_fu_233_p2" latency="0" BRAM="-1" DSP="-1" FF="0" LUT="39" fileDirectory="D:\Programming\Storage\Class\2024-2025\HW"></item>
<item  id="33" filename="../Embed/convolution2d/convolution2d.cpp" linenumber="125" name="i_cast_i" contextFuncName="processConvolution2d" moduleName="processConvolution2d" rtlName="i_cast_i_fu_239_p1" latency="0" BRAM="-1" DSP="-1" FF="-1" LUT="-1" fileDirectory="D:\Programming\Storage\Class\2024-2025\HW"></item>
<item  id="34" filename="../Embed/convolution2d/convolution2d.cpp" linenumber="125" name="tmp_9_i" contextFuncName="processConvolution2d" moduleName="processConvolution2d" rtlName="tmp_9_i_fu_243_p2" latency="0" BRAM="-1" DSP="-1" FF="0" LUT="18" fileDirectory="D:\Programming\Storage\Class\2024-2025\HW"></item>
<item  id="35" filename="../Embed/convolution2d/convolution2d.cpp" linenumber="125" name="i" contextFuncName="processConvolution2d" moduleName="processConvolution2d" rtlName="i_fu_248_p2" latency="0" BRAM="-1" DSP="-1" FF="0" LUT="38" fileDirectory="D:\Programming\Storage\Class\2024-2025\HW"></item>
<item  id="44" filename="../Embed/convolution2d/convolution2d.cpp" linenumber="128" name="j_cast_i" contextFuncName="processConvolution2d" moduleName="processConvolution2d" rtlName="j_cast_i_fu_254_p1" latency="0" BRAM="-1" DSP="-1" FF="-1" LUT="-1" fileDirectory="D:\Programming\Storage\Class\2024-2025\HW"></item>
<item  id="45" filename="../Embed/convolution2d/convolution2d.cpp" linenumber="128" name="tmp_10_i" contextFuncName="processConvolution2d" moduleName="processConvolution2d" rtlName="tmp_10_i_fu_258_p2" latency="0" BRAM="-1" DSP="-1" FF="0" LUT="18" fileDirectory="D:\Programming\Storage\Class\2024-2025\HW"></item>
<item  id="46" filename="../Embed/convolution2d/convolution2d.cpp" linenumber="128" name="j" contextFuncName="processConvolution2d" moduleName="processConvolution2d" rtlName="j_fu_263_p2" latency="0" BRAM="-1" DSP="-1" FF="0" LUT="38" fileDirectory="D:\Programming\Storage\Class\2024-2025\HW"></item>
<item  id="63" filename="../Embed/convolution2d/convolution2d.cpp" linenumber="133" name="exitcond3_i" contextFuncName="processConvolution2d" moduleName="processConvolution2d" rtlName="exitcond3_i_fu_293_p2" latency="0" BRAM="-1" DSP="-1" FF="0" LUT="8" fileDirectory="D:\Programming\Storage\Class\2024-2025\HW"></item>
<item  id="65" filename="../Embed/convolution2d/convolution2d.cpp" linenumber="133" name="ik" contextFuncName="processConvolution2d" moduleName="processConvolution2d" rtlName="ik_fu_299_p2" latency="0" BRAM="-1" DSP="-1" FF="0" LUT="10" fileDirectory="D:\Programming\Storage\Class\2024-2025\HW"></item>
<item  id="70" filename="../Embed/convolution2d/convolution2d.cpp" linenumber="133" name="tmp_6" contextFuncName="processConvolution2d" moduleName="processConvolution2d" rtlName="tmp_6_fu_305_p3" latency="0" BRAM="-1" DSP="-1" FF="-1" LUT="-1" fileDirectory="D:\Programming\Storage\Class\2024-2025\HW"></item>
<item  id="71" filename="../Embed/convolution2d/convolution2d.cpp" linenumber="135" name="tmp_7_cast" contextFuncName="processConvolution2d" moduleName="processConvolution2d" rtlName="tmp_7_cast_fu_313_p1" latency="0" BRAM="-1" DSP="-1" FF="-1" LUT="-1" fileDirectory="D:\Programming\Storage\Class\2024-2025\HW"></item>
<item  id="76" filename="../Embed/convolution2d/convolution2d.cpp" linenumber="135" name="exitcond_i" contextFuncName="processConvolution2d" moduleName="processConvolution2d" rtlName="exitcond_i_fu_317_p2" latency="0" BRAM="-1" DSP="-1" FF="0" LUT="9" fileDirectory="D:\Programming\Storage\Class\2024-2025\HW"></item>
<item  id="78" filename="../Embed/convolution2d/convolution2d.cpp" linenumber="135" name="jk" contextFuncName="processConvolution2d" moduleName="processConvolution2d" rtlName="jk_fu_323_p2" latency="0" BRAM="-1" DSP="-1" FF="0" LUT="10" fileDirectory="D:\Programming\Storage\Class\2024-2025\HW"></item>
<item  id="82" filename="../Embed/convolution2d/convolution2d.cpp" linenumber="136" name="tmp_12_i_cast" contextFuncName="processConvolution2d" moduleName="processConvolution2d" rtlName="tmp_12_i_cast_fu_329_p1" latency="0" BRAM="-1" DSP="-1" FF="-1" LUT="-1" fileDirectory="D:\Programming\Storage\Class\2024-2025\HW"></item>
<item  id="83" filename="../Embed/convolution2d/convolution2d.cpp" linenumber="136" name="tmp_8" contextFuncName="processConvolution2d" moduleName="processConvolution2d" rtlName="tmp_8_fu_333_p2" latency="0" BRAM="-1" DSP="-1" FF="0" LUT="13" fileDirectory="D:\Programming\Storage\Class\2024-2025\HW"></item>
<item  id="84" filename="../Embed/convolution2d/convolution2d.cpp" linenumber="136" name="tmp_8_cast" contextFuncName="processConvolution2d" moduleName="processConvolution2d" rtlName="tmp_8_cast_fu_338_p1" latency="0" BRAM="-1" DSP="-1" FF="-1" LUT="-1" fileDirectory="D:\Programming\Storage\Class\2024-2025\HW"></item>
<item  id="86" filename="../Embed/convolution2d/convolution2d.cpp" linenumber="135" name="tmp" contextFuncName="processConvolution2d" moduleName="processConvolution2d" rtlName="tmp_fu_343_p1" latency="0" BRAM="-1" DSP="-1" FF="-1" LUT="-1" fileDirectory="D:\Programming\Storage\Class\2024-2025\HW"></item>
<item  id="87" filename="../Embed/convolution2d/convolution2d.cpp" linenumber="133" name="tmp_28_i" contextFuncName="processConvolution2d" moduleName="processConvolution2d" rtlName="tmp_5_fu_355_p7" latency="0" BRAM="-1" DSP="-1" FF="-1" LUT="-1" fileDirectory="D:\Programming\Storage\Class\2024-2025\HW"></item>
<item  id="88" filename="../Embed/convolution2d/convolution2d.cpp" linenumber="130" name="tmp_5" contextFuncName="processConvolution2d" moduleName="processConvolution2d" rtlName="convolution2d_muxbkb_U36" latency="0" BRAM="-1" DSP="-1" FF="-1" LUT="-1" fileDirectory="D:\Programming\Storage\Class\2024-2025\HW"></item>
<item  id="90" filename="../Embed/convolution2d/convolution2d.cpp" linenumber="136" name="tmp_13_i" contextFuncName="processConvolution2d" moduleName="processConvolution2d" rtlName="tmp_13_i_fu_367_p2" latency="0" BRAM="-1" DSP="3" FF="0" LUT="20" fileDirectory="D:\Programming\Storage\Class\2024-2025\HW"></item>
<item  id="91" filename="../Embed/convolution2d/convolution2d.cpp" linenumber="136" name="sum" contextFuncName="processConvolution2d" moduleName="processConvolution2d" rtlName="sum_fu_371_p2" latency="0" BRAM="-1" DSP="-1" FF="0" LUT="39" fileDirectory="D:\Programming\Storage\Class\2024-2025\HW"></item>
</annotationInfo>
<annotationInfo>
<item  id="10" filename="../Embed/convolution2d/convolution2d.cpp" linenumber="48" name="tmp_i" contextFuncName="writeToMemmory" moduleName="writeToMemmory" rtlName="tmp_i_fu_95_p2" latency="0" BRAM="-1" DSP="-1" FF="0" LUT="39" fileDirectory="D:\Programming\Storage\Class\2024-2025\HW"></item>
<item  id="11" filename="../Embed/convolution2d/convolution2d.cpp" linenumber="48" name="tmp_1_i" contextFuncName="writeToMemmory" moduleName="writeToMemmory" rtlName="tmp_1_i_fu_101_p2" latency="0" BRAM="-1" DSP="-1" FF="0" LUT="39" fileDirectory="D:\Programming\Storage\Class\2024-2025\HW"></item>
<item  id="12" filename="../Embed/convolution2d/convolution2d.cpp" linenumber="48" name="size" contextFuncName="writeToMemmory" moduleName="writeToMemmory" rtlName="size_fu_107_p2" latency="0" BRAM="-1" DSP="3" FF="0" LUT="20" fileDirectory="D:\Programming\Storage\Class\2024-2025\HW"></item>
<item  id="16" filename="../Embed/convolution2d/convolution2d.cpp" linenumber="50" name="i_cast4_i" contextFuncName="writeToMemmory" moduleName="writeToMemmory" rtlName="i_cast4_i_fu_111_p1" latency="0" BRAM="-1" DSP="-1" FF="-1" LUT="-1" fileDirectory="D:\Programming\Storage\Class\2024-2025\HW"></item>
<item  id="17" filename="../Embed/convolution2d/convolution2d.cpp" linenumber="50" name="exitcond_i" contextFuncName="writeToMemmory" moduleName="writeToMemmory" rtlName="exitcond_i_fu_115_p2" latency="0" BRAM="-1" DSP="-1" FF="0" LUT="13" fileDirectory="D:\Programming\Storage\Class\2024-2025\HW"></item>
<item  id="19" filename="../Embed/convolution2d/convolution2d.cpp" linenumber="50" name="i" contextFuncName="writeToMemmory" moduleName="writeToMemmory" rtlName="i_fu_121_p2" latency="0" BRAM="-1" DSP="-1" FF="0" LUT="21" fileDirectory="D:\Programming\Storage\Class\2024-2025\HW"></item>
<item  id="23" filename="../Embed/convolution2d/convolution2d.cpp" linenumber="51" name="tmp_2_i" contextFuncName="writeToMemmory" moduleName="writeToMemmory" rtlName="tmp_2_i_fu_127_p2" latency="0" BRAM="-1" DSP="-1" FF="0" LUT="18" fileDirectory="D:\Programming\Storage\Class\2024-2025\HW"></item>
<item  id="26" filename="../Embed/convolution2d/convolution2d.cpp" linenumber="56" name="tmp_5_i" contextFuncName="writeToMemmory" moduleName="writeToMemmory" rtlName="tmp_5_i_fu_132_p1" latency="0" BRAM="-1" DSP="-1" FF="-1" LUT="-1" fileDirectory="D:\Programming\Storage\Class\2024-2025\HW"></item>
<item  id="32" filename="../Embed/convolution2d/convolution2d.cpp" linenumber="54" name="tmp_4_i" contextFuncName="writeToMemmory" moduleName="writeToMemmory" rtlName="tmp_4_i_fu_137_p1" latency="0" BRAM="-1" DSP="-1" FF="-1" LUT="-1" fileDirectory="D:\Programming\Storage\Class\2024-2025\HW"></item>
</annotationInfo>
<annotationInfo>
<item  id="31" filename="../Embed/convolution2d/convolution2d.cpp" linenumber="174" name="kernel" contextFuncName="convolution2d" moduleName="convolution2d" rtlName="kernel_U" latency="0" BRAM="-1" DSP="-1" FF="-1" LUT="-1" fileDirectory="D:\Programming\Storage\Class\2024-2025\HW"></item>
<item  id="32" filename="../Embed/convolution2d/convolution2d.cpp" linenumber="175" name="image_V" contextFuncName="convolution2d" moduleName="convolution2d" rtlName="image_V_U" latency="0" BRAM="-1" DSP="-1" FF="-1" LUT="-1" fileDirectory="D:\Programming\Storage\Class\2024-2025\HW"></item>
<item  id="35" filename="../Embed/convolution2d/convolution2d.cpp" linenumber="176" name="windows_V_pix_0_0" contextFuncName="convolution2d" moduleName="convolution2d" rtlName="windows_V_pix_0_0_U" latency="0" BRAM="-1" DSP="-1" FF="-1" LUT="-1" fileDirectory="D:\Programming\Storage\Class\2024-2025\HW"></item>
<item  id="38" filename="../Embed/convolution2d/convolution2d.cpp" linenumber="176" name="windows_V_pix_0_1" contextFuncName="convolution2d" moduleName="convolution2d" rtlName="windows_V_pix_0_1_U" latency="0" BRAM="-1" DSP="-1" FF="-1" LUT="-1" fileDirectory="D:\Programming\Storage\Class\2024-2025\HW"></item>
<item  id="41" filename="../Embed/convolution2d/convolution2d.cpp" linenumber="176" name="windows_V_pix_1_0" contextFuncName="convolution2d" moduleName="convolution2d" rtlName="windows_V_pix_1_0_U" latency="0" BRAM="-1" DSP="-1" FF="-1" LUT="-1" fileDirectory="D:\Programming\Storage\Class\2024-2025\HW"></item>
<item  id="44" filename="../Embed/convolution2d/convolution2d.cpp" linenumber="176" name="windows_V_pix_1_1" contextFuncName="convolution2d" moduleName="convolution2d" rtlName="windows_V_pix_1_1_U" latency="0" BRAM="-1" DSP="-1" FF="-1" LUT="-1" fileDirectory="D:\Programming\Storage\Class\2024-2025\HW"></item>
<item  id="47" filename="../Embed/convolution2d/convolution2d.cpp" linenumber="176" name="windows_V_pix_2_0" contextFuncName="convolution2d" moduleName="convolution2d" rtlName="windows_V_pix_2_0_U" latency="0" BRAM="-1" DSP="-1" FF="-1" LUT="-1" fileDirectory="D:\Programming\Storage\Class\2024-2025\HW"></item>
<item  id="50" filename="../Embed/convolution2d/convolution2d.cpp" linenumber="176" name="windows_V_pix_2_1" contextFuncName="convolution2d" moduleName="convolution2d" rtlName="windows_V_pix_2_1_U" latency="0" BRAM="-1" DSP="-1" FF="-1" LUT="-1" fileDirectory="D:\Programming\Storage\Class\2024-2025\HW"></item>
<item  id="53" filename="../Embed/convolution2d/convolution2d.cpp" linenumber="177" name="out_image_V" contextFuncName="convolution2d" moduleName="convolution2d" rtlName="out_image_V_U" latency="0" BRAM="-1" DSP="-1" FF="-1" LUT="-1" fileDirectory="D:\Programming\Storage\Class\2024-2025\HW"></item>
<item  id="60" filename="../Embed/convolution2d/convolution2d.cpp" linenumber="181" name="" contextFuncName="convolution2d" moduleName="convolution2d" rtlName="readFromMemory_U0" latency="1" BRAM="-1" DSP="-1" FF="-1" LUT="-1" fileDirectory="D:\Programming\Storage\Class\2024-2025\HW"></item>
<item  id="65" filename="../Embed/convolution2d/convolution2d.cpp" linenumber="188" name="" contextFuncName="convolution2d" moduleName="convolution2d" rtlName="readWindow_U0" latency="1" BRAM="-1" DSP="-1" FF="-1" LUT="-1" fileDirectory="D:\Programming\Storage\Class\2024-2025\HW"></item>
<item  id="70" filename="../Embed/convolution2d/convolution2d.cpp" linenumber="196" name="" contextFuncName="convolution2d" moduleName="convolution2d" rtlName="processConvolution2d_U0" latency="1" BRAM="-1" DSP="-1" FF="-1" LUT="-1" fileDirectory="D:\Programming\Storage\Class\2024-2025\HW"></item>
<item  id="71" filename="../Embed/convolution2d/convolution2d.cpp" linenumber="204" name="" contextFuncName="convolution2d" moduleName="convolution2d" rtlName="writeToMemmory_U0" latency="1" BRAM="-1" DSP="-1" FF="-1" LUT="-1" fileDirectory="D:\Programming\Storage\Class\2024-2025\HW"></item>
</annotationInfo>
</annotationInfo>
