<stg><name>convolution2d</name>


<trans_list>

<trans id="75" from="1" to="2">
<condition id="0">
<or_exp><and_exp></and_exp></or_exp>
</condition>
</trans>

<trans id="76" from="2" to="3">
<condition id="1">
<or_exp><and_exp></and_exp></or_exp>
</condition>
</trans>

<trans id="77" from="3" to="4">
<condition id="2">
<or_exp><and_exp></and_exp></or_exp>
</condition>
</trans>

<trans id="78" from="4" to="5">
<condition id="3">
<or_exp><and_exp></and_exp></or_exp>
</condition>
</trans>

<trans id="79" from="5" to="6">
<condition id="4">
<or_exp><and_exp></and_exp></or_exp>
</condition>
</trans>

<trans id="80" from="6" to="7">
<condition id="5">
<or_exp><and_exp></and_exp></or_exp>
</condition>
</trans>

<trans id="81" from="7" to="8">
<condition id="6">
<or_exp><and_exp></and_exp></or_exp>
</condition>
</trans>
</trans_list>



<state_list>

<state id="1" st_id="1">

<operation id="9" st_id="1" stage="1" lat="1">
<core>NULL</core>
<MemPortIdVec></MemPortIdVec>
<condition id="-1">
<or_exp><and_exp></and_exp></or_exp>
</condition>

<Node id="11" bw="32" op_0_bw="32" op_1_bw="32">
<![CDATA[
:0  %height_read = call i32 @_ssdm_op_Read.ap_auto.i32(i32 %height)

]]></Node>
<StgValue><ssdm name="height_read"/></StgValue>
</operation>

<operation id="10" st_id="1" stage="1" lat="1">
<core>NULL</core>
<MemPortIdVec></MemPortIdVec>
<condition id="-1">
<or_exp><and_exp></and_exp></or_exp>
</condition>

<Node id="12" bw="32" op_0_bw="32" op_1_bw="32">
<![CDATA[
:1  %width_read = call i32 @_ssdm_op_Read.ap_auto.i32(i32 %width)

]]></Node>
<StgValue><ssdm name="width_read"/></StgValue>
</operation>

<operation id="11" st_id="1" stage="1" lat="1">
<core>FIFO</core>
<MemPortIdVec></MemPortIdVec>
<condition id="-1">
<or_exp><and_exp></and_exp></or_exp>
</condition>

<Node id="13" bw="32" op_0_bw="64">
<![CDATA[
:2  %height_c20 = alloca i32, align 4

]]></Node>
<StgValue><ssdm name="height_c20"/></StgValue>
</operation>

<operation id="12" st_id="1" stage="1" lat="1">
<core>FIFO</core>
<MemPortIdVec></MemPortIdVec>
<condition id="-1">
<or_exp><and_exp></and_exp></or_exp>
</condition>

<Node id="14" bw="32" op_0_bw="64">
<![CDATA[
:3  %width_c19 = alloca i32, align 4

]]></Node>
<StgValue><ssdm name="width_c19"/></StgValue>
</operation>

<operation id="13" st_id="1" stage="1" lat="1">
<core>FIFO</core>
<MemPortIdVec></MemPortIdVec>
<condition id="-1">
<or_exp><and_exp></and_exp></or_exp>
</condition>

<Node id="15" bw="32" op_0_bw="64">
<![CDATA[
:4  %height_c18 = alloca i32, align 4

]]></Node>
<StgValue><ssdm name="height_c18"/></StgValue>
</operation>

<operation id="14" st_id="1" stage="1" lat="1">
<core>FIFO</core>
<MemPortIdVec></MemPortIdVec>
<condition id="-1">
<or_exp><and_exp></and_exp></or_exp>
</condition>

<Node id="16" bw="32" op_0_bw="64">
<![CDATA[
:5  %width_c17 = alloca i32, align 4

]]></Node>
<StgValue><ssdm name="width_c17"/></StgValue>
</operation>

<operation id="15" st_id="1" stage="1" lat="1">
<core>FIFO</core>
<MemPortIdVec></MemPortIdVec>
<condition id="-1">
<or_exp><and_exp></and_exp></or_exp>
</condition>

<Node id="17" bw="32" op_0_bw="64">
<![CDATA[
:6  %height_c = alloca i32, align 4

]]></Node>
<StgValue><ssdm name="height_c"/></StgValue>
</operation>

<operation id="16" st_id="1" stage="1" lat="1">
<core>FIFO</core>
<MemPortIdVec></MemPortIdVec>
<condition id="-1">
<or_exp><and_exp></and_exp></or_exp>
</condition>

<Node id="18" bw="32" op_0_bw="64">
<![CDATA[
:7  %width_c = alloca i32, align 4

]]></Node>
<StgValue><ssdm name="width_c"/></StgValue>
</operation>

<operation id="17" st_id="1" stage="1" lat="1">
<core>NULL</core>
<MemPortIdVec></MemPortIdVec>
<condition id="-1">
<or_exp><and_exp></and_exp></or_exp>
</condition>

<Node id="31" bw="32" op_0_bw="64">
<![CDATA[
:20  %kernel = alloca [6 x i32], align 4

]]></Node>
<StgValue><ssdm name="kernel"/><MemPortTyVec>2 3 </MemPortTyVec>
</StgValue>
</operation>

<operation id="18" st_id="1" stage="1" lat="1">
<core>FIFO</core>
<MemPortIdVec></MemPortIdVec>
<condition id="-1">
<or_exp><and_exp></and_exp></or_exp>
</condition>

<Node id="32" bw="32" op_0_bw="64">
<![CDATA[
:21  %image_V = alloca i32, align 4

]]></Node>
<StgValue><ssdm name="image_V"/></StgValue>
</operation>

<operation id="19" st_id="1" stage="1" lat="1">
<core>FIFO</core>
<MemPortIdVec></MemPortIdVec>
<condition id="-1">
<or_exp><and_exp></and_exp></or_exp>
</condition>

<Node id="35" bw="32" op_0_bw="64">
<![CDATA[
:24  %windows_V_pix_0_0 = alloca i32, align 4

]]></Node>
<StgValue><ssdm name="windows_V_pix_0_0"/></StgValue>
</operation>

<operation id="20" st_id="1" stage="1" lat="1">
<core>FIFO</core>
<MemPortIdVec></MemPortIdVec>
<condition id="-1">
<or_exp><and_exp></and_exp></or_exp>
</condition>

<Node id="38" bw="32" op_0_bw="64">
<![CDATA[
:27  %windows_V_pix_0_1 = alloca i32, align 4

]]></Node>
<StgValue><ssdm name="windows_V_pix_0_1"/></StgValue>
</operation>

<operation id="21" st_id="1" stage="1" lat="1">
<core>FIFO</core>
<MemPortIdVec></MemPortIdVec>
<condition id="-1">
<or_exp><and_exp></and_exp></or_exp>
</condition>

<Node id="41" bw="32" op_0_bw="64">
<![CDATA[
:30  %windows_V_pix_1_0 = alloca i32, align 4

]]></Node>
<StgValue><ssdm name="windows_V_pix_1_0"/></StgValue>
</operation>

<operation id="22" st_id="1" stage="1" lat="1">
<core>FIFO</core>
<MemPortIdVec></MemPortIdVec>
<condition id="-1">
<or_exp><and_exp></and_exp></or_exp>
</condition>

<Node id="44" bw="32" op_0_bw="64">
<![CDATA[
:33  %windows_V_pix_1_1 = alloca i32, align 4

]]></Node>
<StgValue><ssdm name="windows_V_pix_1_1"/></StgValue>
</operation>

<operation id="23" st_id="1" stage="1" lat="1">
<core>FIFO</core>
<MemPortIdVec></MemPortIdVec>
<condition id="-1">
<or_exp><and_exp></and_exp></or_exp>
</condition>

<Node id="47" bw="32" op_0_bw="64">
<![CDATA[
:36  %windows_V_pix_2_0 = alloca i32, align 4

]]></Node>
<StgValue><ssdm name="windows_V_pix_2_0"/></StgValue>
</operation>

<operation id="24" st_id="1" stage="1" lat="1">
<core>FIFO</core>
<MemPortIdVec></MemPortIdVec>
<condition id="-1">
<or_exp><and_exp></and_exp></or_exp>
</condition>

<Node id="50" bw="32" op_0_bw="64">
<![CDATA[
:39  %windows_V_pix_2_1 = alloca i32, align 4

]]></Node>
<StgValue><ssdm name="windows_V_pix_2_1"/></StgValue>
</operation>

<operation id="25" st_id="1" stage="1" lat="1">
<core>FIFO</core>
<MemPortIdVec></MemPortIdVec>
<condition id="-1">
<or_exp><and_exp></and_exp></or_exp>
</condition>

<Node id="53" bw="32" op_0_bw="64">
<![CDATA[
:42  %out_image_V = alloca i32, align 4

]]></Node>
<StgValue><ssdm name="out_image_V"/></StgValue>
</operation>

<operation id="26" st_id="1" stage="2" lat="2">
<core></core>
<MemPortIdVec></MemPortIdVec>
<condition id="-1">
<or_exp><and_exp></and_exp></or_exp>
</condition>

<Node id="60" bw="0" op_0_bw="0" op_1_bw="32" op_2_bw="32" op_3_bw="32" op_4_bw="32" op_5_bw="32" op_6_bw="32" op_7_bw="32" op_8_bw="32" op_9_bw="32" op_10_bw="32" op_11_bw="32" op_12_bw="32" op_13_bw="32">
<![CDATA[
:49  call fastcc void @readFromMemory(i32 %width_read, i32 %height_read, i32* %kernalSrc_0, i32* %kernalSrc_1, i32* %kernalSrc_2, i32* %kernalSrc_3, i32* %kernalSrc_4, i32* %kernalSrc_5, [6 x i32]* %kernel, [20736 x i32]* %src, i32* %image_V, i32* %width_c, i32* %height_c)

]]></Node>
<StgValue><ssdm name=""/></StgValue>
</operation>
</state>

<state id="2" st_id="2">

<operation id="27" st_id="2" stage="1" lat="2">
<core></core>
<MemPortIdVec></MemPortIdVec>
<condition id="-1">
<or_exp><and_exp></and_exp></or_exp>
</condition>

<Node id="60" bw="0" op_0_bw="0" op_1_bw="32" op_2_bw="32" op_3_bw="32" op_4_bw="32" op_5_bw="32" op_6_bw="32" op_7_bw="32" op_8_bw="32" op_9_bw="32" op_10_bw="32" op_11_bw="32" op_12_bw="32" op_13_bw="32">
<![CDATA[
:49  call fastcc void @readFromMemory(i32 %width_read, i32 %height_read, i32* %kernalSrc_0, i32* %kernalSrc_1, i32* %kernalSrc_2, i32* %kernalSrc_3, i32* %kernalSrc_4, i32* %kernalSrc_5, [6 x i32]* %kernel, [20736 x i32]* %src, i32* %image_V, i32* %width_c, i32* %height_c)

]]></Node>
<StgValue><ssdm name=""/></StgValue>
</operation>
</state>

<state id="3" st_id="3">

<operation id="28" st_id="3" stage="2" lat="2">
<core></core>
<MemPortIdVec></MemPortIdVec>
<condition id="-1">
<or_exp><and_exp></and_exp></or_exp>
</condition>

<Node id="65" bw="0" op_0_bw="0" op_1_bw="32" op_2_bw="32" op_3_bw="32" op_4_bw="32" op_5_bw="32" op_6_bw="32" op_7_bw="32" op_8_bw="32" op_9_bw="32" op_10_bw="32" op_11_bw="32">
<![CDATA[
:54  call fastcc void @readWindow(i32* nocapture %width_c, i32* nocapture %height_c, i32* %image_V, i32* %windows_V_pix_0_0, i32* %windows_V_pix_0_1, i32* %windows_V_pix_1_0, i32* %windows_V_pix_1_1, i32* %windows_V_pix_2_0, i32* %windows_V_pix_2_1, i32* %width_c17, i32* %height_c18)

]]></Node>
<StgValue><ssdm name=""/></StgValue>
</operation>
</state>

<state id="4" st_id="4">

<operation id="29" st_id="4" stage="1" lat="2">
<core></core>
<MemPortIdVec></MemPortIdVec>
<condition id="-1">
<or_exp><and_exp></and_exp></or_exp>
</condition>

<Node id="65" bw="0" op_0_bw="0" op_1_bw="32" op_2_bw="32" op_3_bw="32" op_4_bw="32" op_5_bw="32" op_6_bw="32" op_7_bw="32" op_8_bw="32" op_9_bw="32" op_10_bw="32" op_11_bw="32">
<![CDATA[
:54  call fastcc void @readWindow(i32* nocapture %width_c, i32* nocapture %height_c, i32* %image_V, i32* %windows_V_pix_0_0, i32* %windows_V_pix_0_1, i32* %windows_V_pix_1_0, i32* %windows_V_pix_1_1, i32* %windows_V_pix_2_0, i32* %windows_V_pix_2_1, i32* %width_c17, i32* %height_c18)

]]></Node>
<StgValue><ssdm name=""/></StgValue>
</operation>
</state>

<state id="5" st_id="5">

<operation id="30" st_id="5" stage="2" lat="2">
<core></core>
<MemPortIdVec></MemPortIdVec>
<condition id="-1">
<or_exp><and_exp></and_exp></or_exp>
</condition>

<Node id="70" bw="0" op_0_bw="0" op_1_bw="32" op_2_bw="32" op_3_bw="32" op_4_bw="32" op_5_bw="32" op_6_bw="32" op_7_bw="32" op_8_bw="32" op_9_bw="32" op_10_bw="32" op_11_bw="32" op_12_bw="32">
<![CDATA[
:59  call fastcc void @processConvolution2d(i32* %width_c17, i32* %height_c18, [6 x i32]* %kernel, i32* %windows_V_pix_0_0, i32* %windows_V_pix_0_1, i32* %windows_V_pix_1_0, i32* %windows_V_pix_1_1, i32* %windows_V_pix_2_0, i32* %windows_V_pix_2_1, i32* %out_image_V, i32* %width_c19, i32* %height_c20)

]]></Node>
<StgValue><ssdm name=""/></StgValue>
</operation>
</state>

<state id="6" st_id="6">

<operation id="31" st_id="6" stage="1" lat="2">
<core></core>
<MemPortIdVec></MemPortIdVec>
<condition id="-1">
<or_exp><and_exp></and_exp></or_exp>
</condition>

<Node id="70" bw="0" op_0_bw="0" op_1_bw="32" op_2_bw="32" op_3_bw="32" op_4_bw="32" op_5_bw="32" op_6_bw="32" op_7_bw="32" op_8_bw="32" op_9_bw="32" op_10_bw="32" op_11_bw="32" op_12_bw="32">
<![CDATA[
:59  call fastcc void @processConvolution2d(i32* %width_c17, i32* %height_c18, [6 x i32]* %kernel, i32* %windows_V_pix_0_0, i32* %windows_V_pix_0_1, i32* %windows_V_pix_1_0, i32* %windows_V_pix_1_1, i32* %windows_V_pix_2_0, i32* %windows_V_pix_2_1, i32* %out_image_V, i32* %width_c19, i32* %height_c20)

]]></Node>
<StgValue><ssdm name=""/></StgValue>
</operation>
</state>

<state id="7" st_id="7">

<operation id="32" st_id="7" stage="2" lat="2">
<core></core>
<MemPortIdVec></MemPortIdVec>
<condition id="-1">
<or_exp><and_exp></and_exp></or_exp>
</condition>

<Node id="71" bw="0" op_0_bw="0" op_1_bw="32" op_2_bw="32" op_3_bw="32" op_4_bw="32">
<![CDATA[
:60  call fastcc void @writeToMemmory(i32* nocapture %width_c19, i32* nocapture %height_c20, i32* %out_image_V, [20736 x i32]* nocapture %dst)

]]></Node>
<StgValue><ssdm name=""/></StgValue>
</operation>
</state>

<state id="8" st_id="8">

<operation id="33" st_id="8" stage="1" lat="1">
<core>NULL</core>
<MemPortIdVec></MemPortIdVec>
<condition id="-1">
<or_exp><and_exp></and_exp></or_exp>
</condition>

<Node id="19" bw="0" op_0_bw="0" op_1_bw="32" op_2_bw="0">
<![CDATA[
:8  call void (...)* @_ssdm_op_SpecDataflowPipeline(i32 -1, [1 x i8]* @p_str4) nounwind

]]></Node>
<StgValue><ssdm name=""/></StgValue>
</operation>

<operation id="34" st_id="8" stage="1" lat="1">
<core>NULL</core>
<MemPortIdVec></MemPortIdVec>
<condition id="-1">
<or_exp><and_exp></and_exp></or_exp>
</condition>

<Node id="20" bw="0" op_0_bw="0" op_1_bw="32">
<![CDATA[
:9  call void (...)* @_ssdm_op_SpecBitsMap(i32* %kernalSrc_5), !map !42

]]></Node>
<StgValue><ssdm name=""/></StgValue>
</operation>

<operation id="35" st_id="8" stage="1" lat="1">
<core>NULL</core>
<MemPortIdVec></MemPortIdVec>
<condition id="-1">
<or_exp><and_exp></and_exp></or_exp>
</condition>

<Node id="21" bw="0" op_0_bw="0" op_1_bw="32">
<![CDATA[
:10  call void (...)* @_ssdm_op_SpecBitsMap(i32* %kernalSrc_4), !map !48

]]></Node>
<StgValue><ssdm name=""/></StgValue>
</operation>

<operation id="36" st_id="8" stage="1" lat="1">
<core>NULL</core>
<MemPortIdVec></MemPortIdVec>
<condition id="-1">
<or_exp><and_exp></and_exp></or_exp>
</condition>

<Node id="22" bw="0" op_0_bw="0" op_1_bw="32">
<![CDATA[
:11  call void (...)* @_ssdm_op_SpecBitsMap(i32* %kernalSrc_3), !map !54

]]></Node>
<StgValue><ssdm name=""/></StgValue>
</operation>

<operation id="37" st_id="8" stage="1" lat="1">
<core>NULL</core>
<MemPortIdVec></MemPortIdVec>
<condition id="-1">
<or_exp><and_exp></and_exp></or_exp>
</condition>

<Node id="23" bw="0" op_0_bw="0" op_1_bw="32">
<![CDATA[
:12  call void (...)* @_ssdm_op_SpecBitsMap(i32* %kernalSrc_2), !map !60

]]></Node>
<StgValue><ssdm name=""/></StgValue>
</operation>

<operation id="38" st_id="8" stage="1" lat="1">
<core>NULL</core>
<MemPortIdVec></MemPortIdVec>
<condition id="-1">
<or_exp><and_exp></and_exp></or_exp>
</condition>

<Node id="24" bw="0" op_0_bw="0" op_1_bw="32">
<![CDATA[
:13  call void (...)* @_ssdm_op_SpecBitsMap(i32* %kernalSrc_1), !map !66

]]></Node>
<StgValue><ssdm name=""/></StgValue>
</operation>

<operation id="39" st_id="8" stage="1" lat="1">
<core>NULL</core>
<MemPortIdVec></MemPortIdVec>
<condition id="-1">
<or_exp><and_exp></and_exp></or_exp>
</condition>

<Node id="25" bw="0" op_0_bw="0" op_1_bw="32">
<![CDATA[
:14  call void (...)* @_ssdm_op_SpecBitsMap(i32* %kernalSrc_0), !map !72

]]></Node>
<StgValue><ssdm name=""/></StgValue>
</operation>

<operation id="40" st_id="8" stage="1" lat="1">
<core>NULL</core>
<MemPortIdVec></MemPortIdVec>
<condition id="-1">
<or_exp><and_exp></and_exp></or_exp>
</condition>

<Node id="26" bw="0" op_0_bw="0" op_1_bw="32">
<![CDATA[
:15  call void (...)* @_ssdm_op_SpecBitsMap(i32 %width) nounwind, !map !78

]]></Node>
<StgValue><ssdm name=""/></StgValue>
</operation>

<operation id="41" st_id="8" stage="1" lat="1">
<core>NULL</core>
<MemPortIdVec></MemPortIdVec>
<condition id="-1">
<or_exp><and_exp></and_exp></or_exp>
</condition>

<Node id="27" bw="0" op_0_bw="0" op_1_bw="32">
<![CDATA[
:16  call void (...)* @_ssdm_op_SpecBitsMap(i32 %height) nounwind, !map !84

]]></Node>
<StgValue><ssdm name=""/></StgValue>
</operation>

<operation id="42" st_id="8" stage="1" lat="1">
<core>NULL</core>
<MemPortIdVec></MemPortIdVec>
<condition id="-1">
<or_exp><and_exp></and_exp></or_exp>
</condition>

<Node id="28" bw="0" op_0_bw="0" op_1_bw="32">
<![CDATA[
:17  call void (...)* @_ssdm_op_SpecBitsMap([20736 x i32]* %src) nounwind, !map !88

]]></Node>
<StgValue><ssdm name=""/></StgValue>
</operation>

<operation id="43" st_id="8" stage="1" lat="1">
<core>NULL</core>
<MemPortIdVec></MemPortIdVec>
<condition id="-1">
<or_exp><and_exp></and_exp></or_exp>
</condition>

<Node id="29" bw="0" op_0_bw="0" op_1_bw="32">
<![CDATA[
:18  call void (...)* @_ssdm_op_SpecBitsMap([20736 x i32]* %dst) nounwind, !map !94

]]></Node>
<StgValue><ssdm name=""/></StgValue>
</operation>

<operation id="44" st_id="8" stage="1" lat="1">
<core>NULL</core>
<MemPortIdVec></MemPortIdVec>
<condition id="-1">
<or_exp><and_exp></and_exp></or_exp>
</condition>

<Node id="30" bw="0" op_0_bw="0" op_1_bw="0">
<![CDATA[
:19  call void (...)* @_ssdm_op_SpecTopModule([14 x i8]* @convolution2d_str) nounwind

]]></Node>
<StgValue><ssdm name=""/></StgValue>
</operation>

<operation id="45" st_id="8" stage="1" lat="1">
<core>NULL</core>
<MemPortIdVec></MemPortIdVec>
<condition id="-1">
<or_exp><and_exp></and_exp></or_exp>
</condition>

<Node id="33" bw="32" op_0_bw="32" op_1_bw="0" op_2_bw="32" op_3_bw="0" op_4_bw="0" op_5_bw="32" op_6_bw="32" op_7_bw="32" op_8_bw="32">
<![CDATA[
:22  %empty = call i32 (...)* @_ssdm_op_SpecChannel([8 x i8]* @image_OC_V_str, i32 1, [1 x i8]* @p_str, [1 x i8]* @p_str, i32 10, i32 10, i32* %image_V, i32* %image_V)

]]></Node>
<StgValue><ssdm name="empty"/></StgValue>
</operation>

<operation id="46" st_id="8" stage="1" lat="1">
<core>NULL</core>
<MemPortIdVec></MemPortIdVec>
<condition id="-1">
<or_exp><and_exp></and_exp></or_exp>
</condition>

<Node id="34" bw="32" op_0_bw="32" op_1_bw="32" op_2_bw="0" op_3_bw="32" op_4_bw="32" op_5_bw="0" op_6_bw="32" op_7_bw="32" op_8_bw="0" op_9_bw="0" op_10_bw="0" op_11_bw="32" op_12_bw="32" op_13_bw="32" op_14_bw="32" op_15_bw="0" op_16_bw="0">
<![CDATA[
:23  %empty_37 = call i32 (...)* @_ssdm_op_SpecInterface(i32* %image_V, [8 x i8]* @ap_fifo_str, i32 0, i32 0, [1 x i8]* @p_str, i32 0, i32 0, [1 x i8]* @p_str, [1 x i8]* @p_str, [1 x i8]* @p_str, i32 2, i32 2, i32 16, i32 16, [1 x i8]* @p_str, [1 x i8]* @p_str)

]]></Node>
<StgValue><ssdm name="empty_37"/></StgValue>
</operation>

<operation id="47" st_id="8" stage="1" lat="1">
<core>NULL</core>
<MemPortIdVec></MemPortIdVec>
<condition id="-1">
<or_exp><and_exp></and_exp></or_exp>
</condition>

<Node id="36" bw="32" op_0_bw="32" op_1_bw="0" op_2_bw="32" op_3_bw="0" op_4_bw="0" op_5_bw="32" op_6_bw="32" op_7_bw="32" op_8_bw="32">
<![CDATA[
:25  %empty_38 = call i32 (...)* @_ssdm_op_SpecChannel([20 x i8]* @windows_OC_V_OC_pix_5, i32 1, [1 x i8]* @p_str, [1 x i8]* @p_str, i32 64, i32 64, i32* %windows_V_pix_0_0, i32* %windows_V_pix_0_0)

]]></Node>
<StgValue><ssdm name="empty_38"/></StgValue>
</operation>

<operation id="48" st_id="8" stage="1" lat="1">
<core>NULL</core>
<MemPortIdVec></MemPortIdVec>
<condition id="-1">
<or_exp><and_exp></and_exp></or_exp>
</condition>

<Node id="37" bw="32" op_0_bw="32" op_1_bw="32" op_2_bw="0" op_3_bw="32" op_4_bw="32" op_5_bw="0" op_6_bw="32" op_7_bw="32" op_8_bw="0" op_9_bw="0" op_10_bw="0" op_11_bw="32" op_12_bw="32" op_13_bw="32" op_14_bw="32" op_15_bw="0" op_16_bw="0">
<![CDATA[
:26  %empty_39 = call i32 (...)* @_ssdm_op_SpecInterface(i32* %windows_V_pix_0_0, [8 x i8]* @ap_fifo_str, i32 0, i32 0, [1 x i8]* @p_str, i32 0, i32 0, [1 x i8]* @p_str, [1 x i8]* @p_str, [1 x i8]* @p_str, i32 2, i32 2, i32 16, i32 16, [1 x i8]* @p_str, [1 x i8]* @p_str)

]]></Node>
<StgValue><ssdm name="empty_39"/></StgValue>
</operation>

<operation id="49" st_id="8" stage="1" lat="1">
<core>NULL</core>
<MemPortIdVec></MemPortIdVec>
<condition id="-1">
<or_exp><and_exp></and_exp></or_exp>
</condition>

<Node id="39" bw="32" op_0_bw="32" op_1_bw="0" op_2_bw="32" op_3_bw="0" op_4_bw="0" op_5_bw="32" op_6_bw="32" op_7_bw="32" op_8_bw="32">
<![CDATA[
:28  %empty_40 = call i32 (...)* @_ssdm_op_SpecChannel([20 x i8]* @windows_OC_V_OC_pix_4, i32 1, [1 x i8]* @p_str, [1 x i8]* @p_str, i32 64, i32 64, i32* %windows_V_pix_0_1, i32* %windows_V_pix_0_1)

]]></Node>
<StgValue><ssdm name="empty_40"/></StgValue>
</operation>

<operation id="50" st_id="8" stage="1" lat="1">
<core>NULL</core>
<MemPortIdVec></MemPortIdVec>
<condition id="-1">
<or_exp><and_exp></and_exp></or_exp>
</condition>

<Node id="40" bw="32" op_0_bw="32" op_1_bw="32" op_2_bw="0" op_3_bw="32" op_4_bw="32" op_5_bw="0" op_6_bw="32" op_7_bw="32" op_8_bw="0" op_9_bw="0" op_10_bw="0" op_11_bw="32" op_12_bw="32" op_13_bw="32" op_14_bw="32" op_15_bw="0" op_16_bw="0">
<![CDATA[
:29  %empty_41 = call i32 (...)* @_ssdm_op_SpecInterface(i32* %windows_V_pix_0_1, [8 x i8]* @ap_fifo_str, i32 0, i32 0, [1 x i8]* @p_str, i32 0, i32 0, [1 x i8]* @p_str, [1 x i8]* @p_str, [1 x i8]* @p_str, i32 2, i32 2, i32 16, i32 16, [1 x i8]* @p_str, [1 x i8]* @p_str)

]]></Node>
<StgValue><ssdm name="empty_41"/></StgValue>
</operation>

<operation id="51" st_id="8" stage="1" lat="1">
<core>NULL</core>
<MemPortIdVec></MemPortIdVec>
<condition id="-1">
<or_exp><and_exp></and_exp></or_exp>
</condition>

<Node id="42" bw="32" op_0_bw="32" op_1_bw="0" op_2_bw="32" op_3_bw="0" op_4_bw="0" op_5_bw="32" op_6_bw="32" op_7_bw="32" op_8_bw="32">
<![CDATA[
:31  %empty_42 = call i32 (...)* @_ssdm_op_SpecChannel([20 x i8]* @windows_OC_V_OC_pix_3, i32 1, [1 x i8]* @p_str, [1 x i8]* @p_str, i32 64, i32 64, i32* %windows_V_pix_1_0, i32* %windows_V_pix_1_0)

]]></Node>
<StgValue><ssdm name="empty_42"/></StgValue>
</operation>

<operation id="52" st_id="8" stage="1" lat="1">
<core>NULL</core>
<MemPortIdVec></MemPortIdVec>
<condition id="-1">
<or_exp><and_exp></and_exp></or_exp>
</condition>

<Node id="43" bw="32" op_0_bw="32" op_1_bw="32" op_2_bw="0" op_3_bw="32" op_4_bw="32" op_5_bw="0" op_6_bw="32" op_7_bw="32" op_8_bw="0" op_9_bw="0" op_10_bw="0" op_11_bw="32" op_12_bw="32" op_13_bw="32" op_14_bw="32" op_15_bw="0" op_16_bw="0">
<![CDATA[
:32  %empty_43 = call i32 (...)* @_ssdm_op_SpecInterface(i32* %windows_V_pix_1_0, [8 x i8]* @ap_fifo_str, i32 0, i32 0, [1 x i8]* @p_str, i32 0, i32 0, [1 x i8]* @p_str, [1 x i8]* @p_str, [1 x i8]* @p_str, i32 2, i32 2, i32 16, i32 16, [1 x i8]* @p_str, [1 x i8]* @p_str)

]]></Node>
<StgValue><ssdm name="empty_43"/></StgValue>
</operation>

<operation id="53" st_id="8" stage="1" lat="1">
<core>NULL</core>
<MemPortIdVec></MemPortIdVec>
<condition id="-1">
<or_exp><and_exp></and_exp></or_exp>
</condition>

<Node id="45" bw="32" op_0_bw="32" op_1_bw="0" op_2_bw="32" op_3_bw="0" op_4_bw="0" op_5_bw="32" op_6_bw="32" op_7_bw="32" op_8_bw="32">
<![CDATA[
:34  %empty_44 = call i32 (...)* @_ssdm_op_SpecChannel([20 x i8]* @windows_OC_V_OC_pix_2, i32 1, [1 x i8]* @p_str, [1 x i8]* @p_str, i32 64, i32 64, i32* %windows_V_pix_1_1, i32* %windows_V_pix_1_1)

]]></Node>
<StgValue><ssdm name="empty_44"/></StgValue>
</operation>

<operation id="54" st_id="8" stage="1" lat="1">
<core>NULL</core>
<MemPortIdVec></MemPortIdVec>
<condition id="-1">
<or_exp><and_exp></and_exp></or_exp>
</condition>

<Node id="46" bw="32" op_0_bw="32" op_1_bw="32" op_2_bw="0" op_3_bw="32" op_4_bw="32" op_5_bw="0" op_6_bw="32" op_7_bw="32" op_8_bw="0" op_9_bw="0" op_10_bw="0" op_11_bw="32" op_12_bw="32" op_13_bw="32" op_14_bw="32" op_15_bw="0" op_16_bw="0">
<![CDATA[
:35  %empty_45 = call i32 (...)* @_ssdm_op_SpecInterface(i32* %windows_V_pix_1_1, [8 x i8]* @ap_fifo_str, i32 0, i32 0, [1 x i8]* @p_str, i32 0, i32 0, [1 x i8]* @p_str, [1 x i8]* @p_str, [1 x i8]* @p_str, i32 2, i32 2, i32 16, i32 16, [1 x i8]* @p_str, [1 x i8]* @p_str)

]]></Node>
<StgValue><ssdm name="empty_45"/></StgValue>
</operation>

<operation id="55" st_id="8" stage="1" lat="1">
<core>NULL</core>
<MemPortIdVec></MemPortIdVec>
<condition id="-1">
<or_exp><and_exp></and_exp></or_exp>
</condition>

<Node id="48" bw="32" op_0_bw="32" op_1_bw="0" op_2_bw="32" op_3_bw="0" op_4_bw="0" op_5_bw="32" op_6_bw="32" op_7_bw="32" op_8_bw="32">
<![CDATA[
:37  %empty_46 = call i32 (...)* @_ssdm_op_SpecChannel([20 x i8]* @windows_OC_V_OC_pix_1, i32 1, [1 x i8]* @p_str, [1 x i8]* @p_str, i32 64, i32 64, i32* %windows_V_pix_2_0, i32* %windows_V_pix_2_0)

]]></Node>
<StgValue><ssdm name="empty_46"/></StgValue>
</operation>

<operation id="56" st_id="8" stage="1" lat="1">
<core>NULL</core>
<MemPortIdVec></MemPortIdVec>
<condition id="-1">
<or_exp><and_exp></and_exp></or_exp>
</condition>

<Node id="49" bw="32" op_0_bw="32" op_1_bw="32" op_2_bw="0" op_3_bw="32" op_4_bw="32" op_5_bw="0" op_6_bw="32" op_7_bw="32" op_8_bw="0" op_9_bw="0" op_10_bw="0" op_11_bw="32" op_12_bw="32" op_13_bw="32" op_14_bw="32" op_15_bw="0" op_16_bw="0">
<![CDATA[
:38  %empty_47 = call i32 (...)* @_ssdm_op_SpecInterface(i32* %windows_V_pix_2_0, [8 x i8]* @ap_fifo_str, i32 0, i32 0, [1 x i8]* @p_str, i32 0, i32 0, [1 x i8]* @p_str, [1 x i8]* @p_str, [1 x i8]* @p_str, i32 2, i32 2, i32 16, i32 16, [1 x i8]* @p_str, [1 x i8]* @p_str)

]]></Node>
<StgValue><ssdm name="empty_47"/></StgValue>
</operation>

<operation id="57" st_id="8" stage="1" lat="1">
<core>NULL</core>
<MemPortIdVec></MemPortIdVec>
<condition id="-1">
<or_exp><and_exp></and_exp></or_exp>
</condition>

<Node id="51" bw="32" op_0_bw="32" op_1_bw="0" op_2_bw="32" op_3_bw="0" op_4_bw="0" op_5_bw="32" op_6_bw="32" op_7_bw="32" op_8_bw="32">
<![CDATA[
:40  %empty_48 = call i32 (...)* @_ssdm_op_SpecChannel([20 x i8]* @windows_OC_V_OC_pix_s, i32 1, [1 x i8]* @p_str, [1 x i8]* @p_str, i32 64, i32 64, i32* %windows_V_pix_2_1, i32* %windows_V_pix_2_1)

]]></Node>
<StgValue><ssdm name="empty_48"/></StgValue>
</operation>

<operation id="58" st_id="8" stage="1" lat="1">
<core>NULL</core>
<MemPortIdVec></MemPortIdVec>
<condition id="-1">
<or_exp><and_exp></and_exp></or_exp>
</condition>

<Node id="52" bw="32" op_0_bw="32" op_1_bw="32" op_2_bw="0" op_3_bw="32" op_4_bw="32" op_5_bw="0" op_6_bw="32" op_7_bw="32" op_8_bw="0" op_9_bw="0" op_10_bw="0" op_11_bw="32" op_12_bw="32" op_13_bw="32" op_14_bw="32" op_15_bw="0" op_16_bw="0">
<![CDATA[
:41  %empty_49 = call i32 (...)* @_ssdm_op_SpecInterface(i32* %windows_V_pix_2_1, [8 x i8]* @ap_fifo_str, i32 0, i32 0, [1 x i8]* @p_str, i32 0, i32 0, [1 x i8]* @p_str, [1 x i8]* @p_str, [1 x i8]* @p_str, i32 2, i32 2, i32 16, i32 16, [1 x i8]* @p_str, [1 x i8]* @p_str)

]]></Node>
<StgValue><ssdm name="empty_49"/></StgValue>
</operation>

<operation id="59" st_id="8" stage="1" lat="1">
<core>NULL</core>
<MemPortIdVec></MemPortIdVec>
<condition id="-1">
<or_exp><and_exp></and_exp></or_exp>
</condition>

<Node id="54" bw="32" op_0_bw="32" op_1_bw="0" op_2_bw="32" op_3_bw="0" op_4_bw="0" op_5_bw="32" op_6_bw="32" op_7_bw="32" op_8_bw="32">
<![CDATA[
:43  %empty_50 = call i32 (...)* @_ssdm_op_SpecChannel([12 x i8]* @out_image_OC_V_str, i32 1, [1 x i8]* @p_str, [1 x i8]* @p_str, i32 10, i32 10, i32* %out_image_V, i32* %out_image_V)

]]></Node>
<StgValue><ssdm name="empty_50"/></StgValue>
</operation>

<operation id="60" st_id="8" stage="1" lat="1">
<core>NULL</core>
<MemPortIdVec></MemPortIdVec>
<condition id="-1">
<or_exp><and_exp></and_exp></or_exp>
</condition>

<Node id="55" bw="32" op_0_bw="32" op_1_bw="32" op_2_bw="0" op_3_bw="32" op_4_bw="32" op_5_bw="0" op_6_bw="32" op_7_bw="32" op_8_bw="0" op_9_bw="0" op_10_bw="0" op_11_bw="32" op_12_bw="32" op_13_bw="32" op_14_bw="32" op_15_bw="0" op_16_bw="0">
<![CDATA[
:44  %empty_51 = call i32 (...)* @_ssdm_op_SpecInterface(i32* %out_image_V, [8 x i8]* @ap_fifo_str, i32 0, i32 0, [1 x i8]* @p_str, i32 0, i32 0, [1 x i8]* @p_str, [1 x i8]* @p_str, [1 x i8]* @p_str, i32 2, i32 2, i32 16, i32 16, [1 x i8]* @p_str, [1 x i8]* @p_str)

]]></Node>
<StgValue><ssdm name="empty_51"/></StgValue>
</operation>

<operation id="61" st_id="8" stage="1" lat="1">
<core>NULL</core>
<MemPortIdVec></MemPortIdVec>
<condition id="-1">
<or_exp><and_exp></and_exp></or_exp>
</condition>

<Node id="56" bw="32" op_0_bw="32" op_1_bw="0" op_2_bw="32" op_3_bw="0" op_4_bw="0" op_5_bw="32" op_6_bw="32" op_7_bw="32" op_8_bw="32">
<![CDATA[
:45  %empty_52 = call i32 (...)* @_ssdm_op_SpecChannel([8 x i8]* @width_c_str, i32 1, [1 x i8]* @p_str, [1 x i8]* @p_str, i32 2, i32 0, i32* %width_c, i32* %width_c)

]]></Node>
<StgValue><ssdm name="empty_52"/></StgValue>
</operation>

<operation id="62" st_id="8" stage="1" lat="1">
<core>NULL</core>
<MemPortIdVec></MemPortIdVec>
<condition id="-1">
<or_exp><and_exp></and_exp></or_exp>
</condition>

<Node id="57" bw="32" op_0_bw="32" op_1_bw="32" op_2_bw="0" op_3_bw="32" op_4_bw="32" op_5_bw="0" op_6_bw="32" op_7_bw="32" op_8_bw="0" op_9_bw="0" op_10_bw="0" op_11_bw="32" op_12_bw="32" op_13_bw="32" op_14_bw="32" op_15_bw="0" op_16_bw="0">
<![CDATA[
:46  %empty_53 = call i32 (...)* @_ssdm_op_SpecInterface(i32* %width_c, [8 x i8]* @ap_fifo_str, i32 0, i32 0, [1 x i8]* @p_str, i32 0, i32 0, [1 x i8]* @p_str, [1 x i8]* @p_str, [1 x i8]* @p_str, i32 2, i32 2, i32 16, i32 16, [1 x i8]* @p_str, [1 x i8]* @p_str)

]]></Node>
<StgValue><ssdm name="empty_53"/></StgValue>
</operation>

<operation id="63" st_id="8" stage="1" lat="1">
<core>NULL</core>
<MemPortIdVec></MemPortIdVec>
<condition id="-1">
<or_exp><and_exp></and_exp></or_exp>
</condition>

<Node id="58" bw="32" op_0_bw="32" op_1_bw="0" op_2_bw="32" op_3_bw="0" op_4_bw="0" op_5_bw="32" op_6_bw="32" op_7_bw="32" op_8_bw="32">
<![CDATA[
:47  %empty_54 = call i32 (...)* @_ssdm_op_SpecChannel([9 x i8]* @height_c_str, i32 1, [1 x i8]* @p_str, [1 x i8]* @p_str, i32 2, i32 0, i32* %height_c, i32* %height_c)

]]></Node>
<StgValue><ssdm name="empty_54"/></StgValue>
</operation>

<operation id="64" st_id="8" stage="1" lat="1">
<core>NULL</core>
<MemPortIdVec></MemPortIdVec>
<condition id="-1">
<or_exp><and_exp></and_exp></or_exp>
</condition>

<Node id="59" bw="32" op_0_bw="32" op_1_bw="32" op_2_bw="0" op_3_bw="32" op_4_bw="32" op_5_bw="0" op_6_bw="32" op_7_bw="32" op_8_bw="0" op_9_bw="0" op_10_bw="0" op_11_bw="32" op_12_bw="32" op_13_bw="32" op_14_bw="32" op_15_bw="0" op_16_bw="0">
<![CDATA[
:48  %empty_55 = call i32 (...)* @_ssdm_op_SpecInterface(i32* %height_c, [8 x i8]* @ap_fifo_str, i32 0, i32 0, [1 x i8]* @p_str, i32 0, i32 0, [1 x i8]* @p_str, [1 x i8]* @p_str, [1 x i8]* @p_str, i32 2, i32 2, i32 16, i32 16, [1 x i8]* @p_str, [1 x i8]* @p_str)

]]></Node>
<StgValue><ssdm name="empty_55"/></StgValue>
</operation>

<operation id="65" st_id="8" stage="1" lat="1">
<core>NULL</core>
<MemPortIdVec></MemPortIdVec>
<condition id="-1">
<or_exp><and_exp></and_exp></or_exp>
</condition>

<Node id="61" bw="32" op_0_bw="32" op_1_bw="0" op_2_bw="32" op_3_bw="0" op_4_bw="0" op_5_bw="32" op_6_bw="32" op_7_bw="32" op_8_bw="32">
<![CDATA[
:50  %empty_56 = call i32 (...)* @_ssdm_op_SpecChannel([10 x i8]* @width_c17_str, i32 1, [1 x i8]* @p_str, [1 x i8]* @p_str, i32 2, i32 0, i32* %width_c17, i32* %width_c17)

]]></Node>
<StgValue><ssdm name="empty_56"/></StgValue>
</operation>

<operation id="66" st_id="8" stage="1" lat="1">
<core>NULL</core>
<MemPortIdVec></MemPortIdVec>
<condition id="-1">
<or_exp><and_exp></and_exp></or_exp>
</condition>

<Node id="62" bw="32" op_0_bw="32" op_1_bw="32" op_2_bw="0" op_3_bw="32" op_4_bw="32" op_5_bw="0" op_6_bw="32" op_7_bw="32" op_8_bw="0" op_9_bw="0" op_10_bw="0" op_11_bw="32" op_12_bw="32" op_13_bw="32" op_14_bw="32" op_15_bw="0" op_16_bw="0">
<![CDATA[
:51  %empty_57 = call i32 (...)* @_ssdm_op_SpecInterface(i32* %width_c17, [8 x i8]* @ap_fifo_str, i32 0, i32 0, [1 x i8]* @p_str, i32 0, i32 0, [1 x i8]* @p_str, [1 x i8]* @p_str, [1 x i8]* @p_str, i32 2, i32 2, i32 16, i32 16, [1 x i8]* @p_str, [1 x i8]* @p_str)

]]></Node>
<StgValue><ssdm name="empty_57"/></StgValue>
</operation>

<operation id="67" st_id="8" stage="1" lat="1">
<core>NULL</core>
<MemPortIdVec></MemPortIdVec>
<condition id="-1">
<or_exp><and_exp></and_exp></or_exp>
</condition>

<Node id="63" bw="32" op_0_bw="32" op_1_bw="0" op_2_bw="32" op_3_bw="0" op_4_bw="0" op_5_bw="32" op_6_bw="32" op_7_bw="32" op_8_bw="32">
<![CDATA[
:52  %empty_58 = call i32 (...)* @_ssdm_op_SpecChannel([11 x i8]* @height_c18_str, i32 1, [1 x i8]* @p_str, [1 x i8]* @p_str, i32 2, i32 0, i32* %height_c18, i32* %height_c18)

]]></Node>
<StgValue><ssdm name="empty_58"/></StgValue>
</operation>

<operation id="68" st_id="8" stage="1" lat="1">
<core>NULL</core>
<MemPortIdVec></MemPortIdVec>
<condition id="-1">
<or_exp><and_exp></and_exp></or_exp>
</condition>

<Node id="64" bw="32" op_0_bw="32" op_1_bw="32" op_2_bw="0" op_3_bw="32" op_4_bw="32" op_5_bw="0" op_6_bw="32" op_7_bw="32" op_8_bw="0" op_9_bw="0" op_10_bw="0" op_11_bw="32" op_12_bw="32" op_13_bw="32" op_14_bw="32" op_15_bw="0" op_16_bw="0">
<![CDATA[
:53  %empty_59 = call i32 (...)* @_ssdm_op_SpecInterface(i32* %height_c18, [8 x i8]* @ap_fifo_str, i32 0, i32 0, [1 x i8]* @p_str, i32 0, i32 0, [1 x i8]* @p_str, [1 x i8]* @p_str, [1 x i8]* @p_str, i32 2, i32 2, i32 16, i32 16, [1 x i8]* @p_str, [1 x i8]* @p_str)

]]></Node>
<StgValue><ssdm name="empty_59"/></StgValue>
</operation>

<operation id="69" st_id="8" stage="1" lat="1">
<core>NULL</core>
<MemPortIdVec></MemPortIdVec>
<condition id="-1">
<or_exp><and_exp></and_exp></or_exp>
</condition>

<Node id="66" bw="32" op_0_bw="32" op_1_bw="0" op_2_bw="32" op_3_bw="0" op_4_bw="0" op_5_bw="32" op_6_bw="32" op_7_bw="32" op_8_bw="32">
<![CDATA[
:55  %empty_60 = call i32 (...)* @_ssdm_op_SpecChannel([10 x i8]* @width_c19_str, i32 1, [1 x i8]* @p_str, [1 x i8]* @p_str, i32 2, i32 0, i32* %width_c19, i32* %width_c19)

]]></Node>
<StgValue><ssdm name="empty_60"/></StgValue>
</operation>

<operation id="70" st_id="8" stage="1" lat="1">
<core>NULL</core>
<MemPortIdVec></MemPortIdVec>
<condition id="-1">
<or_exp><and_exp></and_exp></or_exp>
</condition>

<Node id="67" bw="32" op_0_bw="32" op_1_bw="32" op_2_bw="0" op_3_bw="32" op_4_bw="32" op_5_bw="0" op_6_bw="32" op_7_bw="32" op_8_bw="0" op_9_bw="0" op_10_bw="0" op_11_bw="32" op_12_bw="32" op_13_bw="32" op_14_bw="32" op_15_bw="0" op_16_bw="0">
<![CDATA[
:56  %empty_61 = call i32 (...)* @_ssdm_op_SpecInterface(i32* %width_c19, [8 x i8]* @ap_fifo_str, i32 0, i32 0, [1 x i8]* @p_str, i32 0, i32 0, [1 x i8]* @p_str, [1 x i8]* @p_str, [1 x i8]* @p_str, i32 2, i32 2, i32 16, i32 16, [1 x i8]* @p_str, [1 x i8]* @p_str)

]]></Node>
<StgValue><ssdm name="empty_61"/></StgValue>
</operation>

<operation id="71" st_id="8" stage="1" lat="1">
<core>NULL</core>
<MemPortIdVec></MemPortIdVec>
<condition id="-1">
<or_exp><and_exp></and_exp></or_exp>
</condition>

<Node id="68" bw="32" op_0_bw="32" op_1_bw="0" op_2_bw="32" op_3_bw="0" op_4_bw="0" op_5_bw="32" op_6_bw="32" op_7_bw="32" op_8_bw="32">
<![CDATA[
:57  %empty_62 = call i32 (...)* @_ssdm_op_SpecChannel([11 x i8]* @height_c20_str, i32 1, [1 x i8]* @p_str, [1 x i8]* @p_str, i32 2, i32 0, i32* %height_c20, i32* %height_c20)

]]></Node>
<StgValue><ssdm name="empty_62"/></StgValue>
</operation>

<operation id="72" st_id="8" stage="1" lat="1">
<core>NULL</core>
<MemPortIdVec></MemPortIdVec>
<condition id="-1">
<or_exp><and_exp></and_exp></or_exp>
</condition>

<Node id="69" bw="32" op_0_bw="32" op_1_bw="32" op_2_bw="0" op_3_bw="32" op_4_bw="32" op_5_bw="0" op_6_bw="32" op_7_bw="32" op_8_bw="0" op_9_bw="0" op_10_bw="0" op_11_bw="32" op_12_bw="32" op_13_bw="32" op_14_bw="32" op_15_bw="0" op_16_bw="0">
<![CDATA[
:58  %empty_63 = call i32 (...)* @_ssdm_op_SpecInterface(i32* %height_c20, [8 x i8]* @ap_fifo_str, i32 0, i32 0, [1 x i8]* @p_str, i32 0, i32 0, [1 x i8]* @p_str, [1 x i8]* @p_str, [1 x i8]* @p_str, i32 2, i32 2, i32 16, i32 16, [1 x i8]* @p_str, [1 x i8]* @p_str)

]]></Node>
<StgValue><ssdm name="empty_63"/></StgValue>
</operation>

<operation id="73" st_id="8" stage="1" lat="2">
<core></core>
<MemPortIdVec></MemPortIdVec>
<condition id="-1">
<or_exp><and_exp></and_exp></or_exp>
</condition>

<Node id="71" bw="0" op_0_bw="0" op_1_bw="32" op_2_bw="32" op_3_bw="32" op_4_bw="32">
<![CDATA[
:60  call fastcc void @writeToMemmory(i32* nocapture %width_c19, i32* nocapture %height_c20, i32* %out_image_V, [20736 x i32]* nocapture %dst)

]]></Node>
<StgValue><ssdm name=""/></StgValue>
</operation>

<operation id="74" st_id="8" stage="1" lat="1">
<core>NULL</core>
<MemPortIdVec></MemPortIdVec>
<condition id="-1">
<or_exp><and_exp></and_exp></or_exp>
</condition>

<Node id="72" bw="0">
<![CDATA[
:61  ret void

]]></Node>
<StgValue><ssdm name=""/></StgValue>
</operation>
</state>
</state_list>


<ports>
<port id="83" name="kernalSrc_0" dir="0" iftype="0">
<core>NULL</core><StgValue><ssdm name="kernalSrc_0"/></StgValue>
</port>
<port id="84" name="kernalSrc_1" dir="0" iftype="0">
<core>NULL</core><StgValue><ssdm name="kernalSrc_1"/></StgValue>
</port>
<port id="85" name="kernalSrc_2" dir="0" iftype="0">
<core>NULL</core><StgValue><ssdm name="kernalSrc_2"/></StgValue>
</port>
<port id="86" name="kernalSrc_3" dir="0" iftype="0">
<core>NULL</core><StgValue><ssdm name="kernalSrc_3"/></StgValue>
</port>
<port id="87" name="kernalSrc_4" dir="0" iftype="0">
<core>NULL</core><StgValue><ssdm name="kernalSrc_4"/></StgValue>
</port>
<port id="88" name="kernalSrc_5" dir="0" iftype="0">
<core>NULL</core><StgValue><ssdm name="kernalSrc_5"/></StgValue>
</port>
<port id="89" name="width" dir="0" iftype="0">
<core>NULL</core><StgValue><ssdm name="width"/></StgValue>
</port>
<port id="90" name="height" dir="0" iftype="0">
<core>NULL</core><StgValue><ssdm name="height"/></StgValue>
</port>
<port id="91" name="src" dir="0" iftype="1">
<core>RAM</core><StgValue><ssdm name="src"/><MemPortTyVec>1 3 </MemPortTyVec>
</StgValue>
</port>
<port id="92" name="dst" dir="1" iftype="1">
<core>RAM</core><StgValue><ssdm name="dst"/><MemPortTyVec>0 3 </MemPortTyVec>
</StgValue>
</port>
</ports>


<dataflows>
<dataflow id="94" from="_ssdm_op_Read.ap_auto.i32" to="height_read" fromId="93" toId="9">
</dataflow>
<dataflow id="95" from="height" to="height_read" fromId="90" toId="9">
</dataflow>
<dataflow id="96" from="_ssdm_op_Read.ap_auto.i32" to="width_read" fromId="93" toId="10">
</dataflow>
<dataflow id="97" from="width" to="width_read" fromId="89" toId="10">
</dataflow>
<dataflow id="99" from="StgValue_98" to="height_c20" fromId="98" toId="11">
</dataflow>
<dataflow id="100" from="StgValue_98" to="width_c19" fromId="98" toId="12">
</dataflow>
<dataflow id="101" from="StgValue_98" to="height_c18" fromId="98" toId="13">
</dataflow>
<dataflow id="102" from="StgValue_98" to="width_c17" fromId="98" toId="14">
</dataflow>
<dataflow id="103" from="StgValue_98" to="height_c" fromId="98" toId="15">
</dataflow>
<dataflow id="104" from="StgValue_98" to="width_c" fromId="98" toId="16">
</dataflow>
<dataflow id="105" from="StgValue_98" to="kernel" fromId="98" toId="17">
</dataflow>
<dataflow id="106" from="StgValue_98" to="image_V" fromId="98" toId="18">
</dataflow>
<dataflow id="107" from="StgValue_98" to="windows_V_pix_0_0" fromId="98" toId="19">
</dataflow>
<dataflow id="108" from="StgValue_98" to="windows_V_pix_0_1" fromId="98" toId="20">
</dataflow>
<dataflow id="109" from="StgValue_98" to="windows_V_pix_1_0" fromId="98" toId="21">
</dataflow>
<dataflow id="110" from="StgValue_98" to="windows_V_pix_1_1" fromId="98" toId="22">
</dataflow>
<dataflow id="111" from="StgValue_98" to="windows_V_pix_2_0" fromId="98" toId="23">
</dataflow>
<dataflow id="112" from="StgValue_98" to="windows_V_pix_2_1" fromId="98" toId="24">
</dataflow>
<dataflow id="113" from="StgValue_98" to="out_image_V" fromId="98" toId="25">
</dataflow>
<dataflow id="115" from="readFromMemory" to="StgValue_26" fromId="114" toId="26">
</dataflow>
<dataflow id="116" from="width_read" to="StgValue_26" fromId="10" toId="26">
</dataflow>
<dataflow id="117" from="height_read" to="StgValue_26" fromId="9" toId="26">
</dataflow>
<dataflow id="118" from="kernalSrc_0" to="StgValue_26" fromId="83" toId="26">
</dataflow>
<dataflow id="119" from="kernalSrc_1" to="StgValue_26" fromId="84" toId="26">
</dataflow>
<dataflow id="120" from="kernalSrc_2" to="StgValue_26" fromId="85" toId="26">
</dataflow>
<dataflow id="121" from="kernalSrc_3" to="StgValue_26" fromId="86" toId="26">
</dataflow>
<dataflow id="122" from="kernalSrc_4" to="StgValue_26" fromId="87" toId="26">
</dataflow>
<dataflow id="123" from="kernalSrc_5" to="StgValue_26" fromId="88" toId="26">
</dataflow>
<dataflow id="124" from="kernel" to="StgValue_26" fromId="17" toId="26">
</dataflow>
<dataflow id="125" from="src" to="StgValue_26" fromId="91" toId="26">
</dataflow>
<dataflow id="126" from="image_V" to="StgValue_26" fromId="18" toId="26">
</dataflow>
<dataflow id="127" from="width_c" to="StgValue_26" fromId="16" toId="26">
</dataflow>
<dataflow id="128" from="height_c" to="StgValue_26" fromId="15" toId="26">
</dataflow>
<dataflow id="129" from="readFromMemory" to="StgValue_27" fromId="114" toId="27">
</dataflow>
<dataflow id="130" from="width_read" to="StgValue_27" fromId="10" toId="27">
</dataflow>
<dataflow id="131" from="height_read" to="StgValue_27" fromId="9" toId="27">
</dataflow>
<dataflow id="132" from="kernalSrc_0" to="StgValue_27" fromId="83" toId="27">
</dataflow>
<dataflow id="133" from="kernalSrc_1" to="StgValue_27" fromId="84" toId="27">
</dataflow>
<dataflow id="134" from="kernalSrc_2" to="StgValue_27" fromId="85" toId="27">
</dataflow>
<dataflow id="135" from="kernalSrc_3" to="StgValue_27" fromId="86" toId="27">
</dataflow>
<dataflow id="136" from="kernalSrc_4" to="StgValue_27" fromId="87" toId="27">
</dataflow>
<dataflow id="137" from="kernalSrc_5" to="StgValue_27" fromId="88" toId="27">
</dataflow>
<dataflow id="138" from="kernel" to="StgValue_27" fromId="17" toId="27">
</dataflow>
<dataflow id="139" from="src" to="StgValue_27" fromId="91" toId="27">
</dataflow>
<dataflow id="140" from="image_V" to="StgValue_27" fromId="18" toId="27">
</dataflow>
<dataflow id="141" from="width_c" to="StgValue_27" fromId="16" toId="27">
</dataflow>
<dataflow id="142" from="height_c" to="StgValue_27" fromId="15" toId="27">
</dataflow>
<dataflow id="144" from="readWindow" to="StgValue_28" fromId="143" toId="28">
</dataflow>
<dataflow id="145" from="width_c" to="StgValue_28" fromId="16" toId="28">
</dataflow>
<dataflow id="146" from="height_c" to="StgValue_28" fromId="15" toId="28">
</dataflow>
<dataflow id="147" from="image_V" to="StgValue_28" fromId="18" toId="28">
</dataflow>
<dataflow id="148" from="windows_V_pix_0_0" to="StgValue_28" fromId="19" toId="28">
</dataflow>
<dataflow id="149" from="windows_V_pix_0_1" to="StgValue_28" fromId="20" toId="28">
</dataflow>
<dataflow id="150" from="windows_V_pix_1_0" to="StgValue_28" fromId="21" toId="28">
</dataflow>
<dataflow id="151" from="windows_V_pix_1_1" to="StgValue_28" fromId="22" toId="28">
</dataflow>
<dataflow id="152" from="windows_V_pix_2_0" to="StgValue_28" fromId="23" toId="28">
</dataflow>
<dataflow id="153" from="windows_V_pix_2_1" to="StgValue_28" fromId="24" toId="28">
</dataflow>
<dataflow id="154" from="width_c17" to="StgValue_28" fromId="14" toId="28">
</dataflow>
<dataflow id="155" from="height_c18" to="StgValue_28" fromId="13" toId="28">
</dataflow>
<dataflow id="156" from="readWindow" to="StgValue_29" fromId="143" toId="29">
</dataflow>
<dataflow id="157" from="width_c" to="StgValue_29" fromId="16" toId="29">
</dataflow>
<dataflow id="158" from="height_c" to="StgValue_29" fromId="15" toId="29">
</dataflow>
<dataflow id="159" from="image_V" to="StgValue_29" fromId="18" toId="29">
</dataflow>
<dataflow id="160" from="windows_V_pix_0_0" to="StgValue_29" fromId="19" toId="29">
</dataflow>
<dataflow id="161" from="windows_V_pix_0_1" to="StgValue_29" fromId="20" toId="29">
</dataflow>
<dataflow id="162" from="windows_V_pix_1_0" to="StgValue_29" fromId="21" toId="29">
</dataflow>
<dataflow id="163" from="windows_V_pix_1_1" to="StgValue_29" fromId="22" toId="29">
</dataflow>
<dataflow id="164" from="windows_V_pix_2_0" to="StgValue_29" fromId="23" toId="29">
</dataflow>
<dataflow id="165" from="windows_V_pix_2_1" to="StgValue_29" fromId="24" toId="29">
</dataflow>
<dataflow id="166" from="width_c17" to="StgValue_29" fromId="14" toId="29">
</dataflow>
<dataflow id="167" from="height_c18" to="StgValue_29" fromId="13" toId="29">
</dataflow>
<dataflow id="169" from="processConvolution2d" to="StgValue_30" fromId="168" toId="30">
</dataflow>
<dataflow id="170" from="width_c17" to="StgValue_30" fromId="14" toId="30">
</dataflow>
<dataflow id="171" from="height_c18" to="StgValue_30" fromId="13" toId="30">
</dataflow>
<dataflow id="172" from="kernel" to="StgValue_30" fromId="17" toId="30">
</dataflow>
<dataflow id="173" from="windows_V_pix_0_0" to="StgValue_30" fromId="19" toId="30">
</dataflow>
<dataflow id="174" from="windows_V_pix_0_1" to="StgValue_30" fromId="20" toId="30">
</dataflow>
<dataflow id="175" from="windows_V_pix_1_0" to="StgValue_30" fromId="21" toId="30">
</dataflow>
<dataflow id="176" from="windows_V_pix_1_1" to="StgValue_30" fromId="22" toId="30">
</dataflow>
<dataflow id="177" from="windows_V_pix_2_0" to="StgValue_30" fromId="23" toId="30">
</dataflow>
<dataflow id="178" from="windows_V_pix_2_1" to="StgValue_30" fromId="24" toId="30">
</dataflow>
<dataflow id="179" from="out_image_V" to="StgValue_30" fromId="25" toId="30">
</dataflow>
<dataflow id="180" from="width_c19" to="StgValue_30" fromId="12" toId="30">
</dataflow>
<dataflow id="181" from="height_c20" to="StgValue_30" fromId="11" toId="30">
</dataflow>
<dataflow id="182" from="processConvolution2d" to="StgValue_31" fromId="168" toId="31">
</dataflow>
<dataflow id="183" from="width_c17" to="StgValue_31" fromId="14" toId="31">
</dataflow>
<dataflow id="184" from="height_c18" to="StgValue_31" fromId="13" toId="31">
</dataflow>
<dataflow id="185" from="kernel" to="StgValue_31" fromId="17" toId="31">
</dataflow>
<dataflow id="186" from="windows_V_pix_0_0" to="StgValue_31" fromId="19" toId="31">
</dataflow>
<dataflow id="187" from="windows_V_pix_0_1" to="StgValue_31" fromId="20" toId="31">
</dataflow>
<dataflow id="188" from="windows_V_pix_1_0" to="StgValue_31" fromId="21" toId="31">
</dataflow>
<dataflow id="189" from="windows_V_pix_1_1" to="StgValue_31" fromId="22" toId="31">
</dataflow>
<dataflow id="190" from="windows_V_pix_2_0" to="StgValue_31" fromId="23" toId="31">
</dataflow>
<dataflow id="191" from="windows_V_pix_2_1" to="StgValue_31" fromId="24" toId="31">
</dataflow>
<dataflow id="192" from="out_image_V" to="StgValue_31" fromId="25" toId="31">
</dataflow>
<dataflow id="193" from="width_c19" to="StgValue_31" fromId="12" toId="31">
</dataflow>
<dataflow id="194" from="height_c20" to="StgValue_31" fromId="11" toId="31">
</dataflow>
<dataflow id="196" from="writeToMemmory" to="StgValue_32" fromId="195" toId="32">
</dataflow>
<dataflow id="197" from="width_c19" to="StgValue_32" fromId="12" toId="32">
</dataflow>
<dataflow id="198" from="height_c20" to="StgValue_32" fromId="11" toId="32">
</dataflow>
<dataflow id="199" from="out_image_V" to="StgValue_32" fromId="25" toId="32">
</dataflow>
<dataflow id="200" from="dst" to="StgValue_32" fromId="92" toId="32">
</dataflow>
<dataflow id="202" from="_ssdm_op_SpecDataflowPipeline" to="StgValue_33" fromId="201" toId="33">
</dataflow>
<dataflow id="204" from="StgValue_203" to="StgValue_33" fromId="203" toId="33">
</dataflow>
<dataflow id="206" from="p_str4" to="StgValue_33" fromId="205" toId="33">
</dataflow>
<dataflow id="208" from="_ssdm_op_SpecBitsMap" to="StgValue_34" fromId="207" toId="34">
</dataflow>
<dataflow id="209" from="kernalSrc_5" to="StgValue_34" fromId="88" toId="34">
</dataflow>
<dataflow id="210" from="_ssdm_op_SpecBitsMap" to="StgValue_35" fromId="207" toId="35">
</dataflow>
<dataflow id="211" from="kernalSrc_4" to="StgValue_35" fromId="87" toId="35">
</dataflow>
<dataflow id="212" from="_ssdm_op_SpecBitsMap" to="StgValue_36" fromId="207" toId="36">
</dataflow>
<dataflow id="213" from="kernalSrc_3" to="StgValue_36" fromId="86" toId="36">
</dataflow>
<dataflow id="214" from="_ssdm_op_SpecBitsMap" to="StgValue_37" fromId="207" toId="37">
</dataflow>
<dataflow id="215" from="kernalSrc_2" to="StgValue_37" fromId="85" toId="37">
</dataflow>
<dataflow id="216" from="_ssdm_op_SpecBitsMap" to="StgValue_38" fromId="207" toId="38">
</dataflow>
<dataflow id="217" from="kernalSrc_1" to="StgValue_38" fromId="84" toId="38">
</dataflow>
<dataflow id="218" from="_ssdm_op_SpecBitsMap" to="StgValue_39" fromId="207" toId="39">
</dataflow>
<dataflow id="219" from="kernalSrc_0" to="StgValue_39" fromId="83" toId="39">
</dataflow>
<dataflow id="220" from="_ssdm_op_SpecBitsMap" to="StgValue_40" fromId="207" toId="40">
</dataflow>
<dataflow id="221" from="width" to="StgValue_40" fromId="89" toId="40">
</dataflow>
<dataflow id="222" from="_ssdm_op_SpecBitsMap" to="StgValue_41" fromId="207" toId="41">
</dataflow>
<dataflow id="223" from="height" to="StgValue_41" fromId="90" toId="41">
</dataflow>
<dataflow id="224" from="_ssdm_op_SpecBitsMap" to="StgValue_42" fromId="207" toId="42">
</dataflow>
<dataflow id="225" from="src" to="StgValue_42" fromId="91" toId="42">
</dataflow>
<dataflow id="226" from="_ssdm_op_SpecBitsMap" to="StgValue_43" fromId="207" toId="43">
</dataflow>
<dataflow id="227" from="dst" to="StgValue_43" fromId="92" toId="43">
</dataflow>
<dataflow id="229" from="_ssdm_op_SpecTopModule" to="StgValue_44" fromId="228" toId="44">
</dataflow>
<dataflow id="231" from="convolution2d_str" to="StgValue_44" fromId="230" toId="44">
</dataflow>
<dataflow id="233" from="_ssdm_op_SpecChannel" to="empty" fromId="232" toId="45">
</dataflow>
<dataflow id="235" from="image_OC_V_str" to="empty" fromId="234" toId="45">
</dataflow>
<dataflow id="237" from="StgValue_236" to="empty" fromId="236" toId="45">
</dataflow>
<dataflow id="239" from="p_str" to="empty" fromId="238" toId="45">
</dataflow>
<dataflow id="240" from="p_str" to="empty" fromId="238" toId="45">
</dataflow>
<dataflow id="242" from="StgValue_241" to="empty" fromId="241" toId="45">
</dataflow>
<dataflow id="243" from="StgValue_241" to="empty" fromId="241" toId="45">
</dataflow>
<dataflow id="244" from="image_V" to="empty" fromId="18" toId="45">
</dataflow>
<dataflow id="245" from="image_V" to="empty" fromId="18" toId="45">
</dataflow>
<dataflow id="247" from="_ssdm_op_SpecInterface" to="empty_37" fromId="246" toId="46">
</dataflow>
<dataflow id="248" from="image_V" to="empty_37" fromId="18" toId="46">
</dataflow>
<dataflow id="250" from="ap_fifo_str" to="empty_37" fromId="249" toId="46">
</dataflow>
<dataflow id="252" from="StgValue_251" to="empty_37" fromId="251" toId="46">
</dataflow>
<dataflow id="253" from="StgValue_251" to="empty_37" fromId="251" toId="46">
</dataflow>
<dataflow id="254" from="p_str" to="empty_37" fromId="238" toId="46">
</dataflow>
<dataflow id="255" from="StgValue_251" to="empty_37" fromId="251" toId="46">
</dataflow>
<dataflow id="256" from="StgValue_251" to="empty_37" fromId="251" toId="46">
</dataflow>
<dataflow id="257" from="p_str" to="empty_37" fromId="238" toId="46">
</dataflow>
<dataflow id="258" from="p_str" to="empty_37" fromId="238" toId="46">
</dataflow>
<dataflow id="259" from="p_str" to="empty_37" fromId="238" toId="46">
</dataflow>
<dataflow id="261" from="StgValue_260" to="empty_37" fromId="260" toId="46">
</dataflow>
<dataflow id="262" from="StgValue_260" to="empty_37" fromId="260" toId="46">
</dataflow>
<dataflow id="264" from="StgValue_263" to="empty_37" fromId="263" toId="46">
</dataflow>
<dataflow id="265" from="StgValue_263" to="empty_37" fromId="263" toId="46">
</dataflow>
<dataflow id="266" from="p_str" to="empty_37" fromId="238" toId="46">
</dataflow>
<dataflow id="267" from="p_str" to="empty_37" fromId="238" toId="46">
</dataflow>
<dataflow id="268" from="_ssdm_op_SpecChannel" to="empty_38" fromId="232" toId="47">
</dataflow>
<dataflow id="270" from="windows_OC_V_OC_pix_5" to="empty_38" fromId="269" toId="47">
</dataflow>
<dataflow id="271" from="StgValue_236" to="empty_38" fromId="236" toId="47">
</dataflow>
<dataflow id="272" from="p_str" to="empty_38" fromId="238" toId="47">
</dataflow>
<dataflow id="273" from="p_str" to="empty_38" fromId="238" toId="47">
</dataflow>
<dataflow id="275" from="StgValue_274" to="empty_38" fromId="274" toId="47">
</dataflow>
<dataflow id="276" from="StgValue_274" to="empty_38" fromId="274" toId="47">
</dataflow>
<dataflow id="277" from="windows_V_pix_0_0" to="empty_38" fromId="19" toId="47">
</dataflow>
<dataflow id="278" from="windows_V_pix_0_0" to="empty_38" fromId="19" toId="47">
</dataflow>
<dataflow id="279" from="_ssdm_op_SpecInterface" to="empty_39" fromId="246" toId="48">
</dataflow>
<dataflow id="280" from="windows_V_pix_0_0" to="empty_39" fromId="19" toId="48">
</dataflow>
<dataflow id="281" from="ap_fifo_str" to="empty_39" fromId="249" toId="48">
</dataflow>
<dataflow id="282" from="StgValue_251" to="empty_39" fromId="251" toId="48">
</dataflow>
<dataflow id="283" from="StgValue_251" to="empty_39" fromId="251" toId="48">
</dataflow>
<dataflow id="284" from="p_str" to="empty_39" fromId="238" toId="48">
</dataflow>
<dataflow id="285" from="StgValue_251" to="empty_39" fromId="251" toId="48">
</dataflow>
<dataflow id="286" from="StgValue_251" to="empty_39" fromId="251" toId="48">
</dataflow>
<dataflow id="287" from="p_str" to="empty_39" fromId="238" toId="48">
</dataflow>
<dataflow id="288" from="p_str" to="empty_39" fromId="238" toId="48">
</dataflow>
<dataflow id="289" from="p_str" to="empty_39" fromId="238" toId="48">
</dataflow>
<dataflow id="290" from="StgValue_260" to="empty_39" fromId="260" toId="48">
</dataflow>
<dataflow id="291" from="StgValue_260" to="empty_39" fromId="260" toId="48">
</dataflow>
<dataflow id="292" from="StgValue_263" to="empty_39" fromId="263" toId="48">
</dataflow>
<dataflow id="293" from="StgValue_263" to="empty_39" fromId="263" toId="48">
</dataflow>
<dataflow id="294" from="p_str" to="empty_39" fromId="238" toId="48">
</dataflow>
<dataflow id="295" from="p_str" to="empty_39" fromId="238" toId="48">
</dataflow>
<dataflow id="296" from="_ssdm_op_SpecChannel" to="empty_40" fromId="232" toId="49">
</dataflow>
<dataflow id="298" from="windows_OC_V_OC_pix_4" to="empty_40" fromId="297" toId="49">
</dataflow>
<dataflow id="299" from="StgValue_236" to="empty_40" fromId="236" toId="49">
</dataflow>
<dataflow id="300" from="p_str" to="empty_40" fromId="238" toId="49">
</dataflow>
<dataflow id="301" from="p_str" to="empty_40" fromId="238" toId="49">
</dataflow>
<dataflow id="302" from="StgValue_274" to="empty_40" fromId="274" toId="49">
</dataflow>
<dataflow id="303" from="StgValue_274" to="empty_40" fromId="274" toId="49">
</dataflow>
<dataflow id="304" from="windows_V_pix_0_1" to="empty_40" fromId="20" toId="49">
</dataflow>
<dataflow id="305" from="windows_V_pix_0_1" to="empty_40" fromId="20" toId="49">
</dataflow>
<dataflow id="306" from="_ssdm_op_SpecInterface" to="empty_41" fromId="246" toId="50">
</dataflow>
<dataflow id="307" from="windows_V_pix_0_1" to="empty_41" fromId="20" toId="50">
</dataflow>
<dataflow id="308" from="ap_fifo_str" to="empty_41" fromId="249" toId="50">
</dataflow>
<dataflow id="309" from="StgValue_251" to="empty_41" fromId="251" toId="50">
</dataflow>
<dataflow id="310" from="StgValue_251" to="empty_41" fromId="251" toId="50">
</dataflow>
<dataflow id="311" from="p_str" to="empty_41" fromId="238" toId="50">
</dataflow>
<dataflow id="312" from="StgValue_251" to="empty_41" fromId="251" toId="50">
</dataflow>
<dataflow id="313" from="StgValue_251" to="empty_41" fromId="251" toId="50">
</dataflow>
<dataflow id="314" from="p_str" to="empty_41" fromId="238" toId="50">
</dataflow>
<dataflow id="315" from="p_str" to="empty_41" fromId="238" toId="50">
</dataflow>
<dataflow id="316" from="p_str" to="empty_41" fromId="238" toId="50">
</dataflow>
<dataflow id="317" from="StgValue_260" to="empty_41" fromId="260" toId="50">
</dataflow>
<dataflow id="318" from="StgValue_260" to="empty_41" fromId="260" toId="50">
</dataflow>
<dataflow id="319" from="StgValue_263" to="empty_41" fromId="263" toId="50">
</dataflow>
<dataflow id="320" from="StgValue_263" to="empty_41" fromId="263" toId="50">
</dataflow>
<dataflow id="321" from="p_str" to="empty_41" fromId="238" toId="50">
</dataflow>
<dataflow id="322" from="p_str" to="empty_41" fromId="238" toId="50">
</dataflow>
<dataflow id="323" from="_ssdm_op_SpecChannel" to="empty_42" fromId="232" toId="51">
</dataflow>
<dataflow id="325" from="windows_OC_V_OC_pix_3" to="empty_42" fromId="324" toId="51">
</dataflow>
<dataflow id="326" from="StgValue_236" to="empty_42" fromId="236" toId="51">
</dataflow>
<dataflow id="327" from="p_str" to="empty_42" fromId="238" toId="51">
</dataflow>
<dataflow id="328" from="p_str" to="empty_42" fromId="238" toId="51">
</dataflow>
<dataflow id="329" from="StgValue_274" to="empty_42" fromId="274" toId="51">
</dataflow>
<dataflow id="330" from="StgValue_274" to="empty_42" fromId="274" toId="51">
</dataflow>
<dataflow id="331" from="windows_V_pix_1_0" to="empty_42" fromId="21" toId="51">
</dataflow>
<dataflow id="332" from="windows_V_pix_1_0" to="empty_42" fromId="21" toId="51">
</dataflow>
<dataflow id="333" from="_ssdm_op_SpecInterface" to="empty_43" fromId="246" toId="52">
</dataflow>
<dataflow id="334" from="windows_V_pix_1_0" to="empty_43" fromId="21" toId="52">
</dataflow>
<dataflow id="335" from="ap_fifo_str" to="empty_43" fromId="249" toId="52">
</dataflow>
<dataflow id="336" from="StgValue_251" to="empty_43" fromId="251" toId="52">
</dataflow>
<dataflow id="337" from="StgValue_251" to="empty_43" fromId="251" toId="52">
</dataflow>
<dataflow id="338" from="p_str" to="empty_43" fromId="238" toId="52">
</dataflow>
<dataflow id="339" from="StgValue_251" to="empty_43" fromId="251" toId="52">
</dataflow>
<dataflow id="340" from="StgValue_251" to="empty_43" fromId="251" toId="52">
</dataflow>
<dataflow id="341" from="p_str" to="empty_43" fromId="238" toId="52">
</dataflow>
<dataflow id="342" from="p_str" to="empty_43" fromId="238" toId="52">
</dataflow>
<dataflow id="343" from="p_str" to="empty_43" fromId="238" toId="52">
</dataflow>
<dataflow id="344" from="StgValue_260" to="empty_43" fromId="260" toId="52">
</dataflow>
<dataflow id="345" from="StgValue_260" to="empty_43" fromId="260" toId="52">
</dataflow>
<dataflow id="346" from="StgValue_263" to="empty_43" fromId="263" toId="52">
</dataflow>
<dataflow id="347" from="StgValue_263" to="empty_43" fromId="263" toId="52">
</dataflow>
<dataflow id="348" from="p_str" to="empty_43" fromId="238" toId="52">
</dataflow>
<dataflow id="349" from="p_str" to="empty_43" fromId="238" toId="52">
</dataflow>
<dataflow id="350" from="_ssdm_op_SpecChannel" to="empty_44" fromId="232" toId="53">
</dataflow>
<dataflow id="352" from="windows_OC_V_OC_pix_2" to="empty_44" fromId="351" toId="53">
</dataflow>
<dataflow id="353" from="StgValue_236" to="empty_44" fromId="236" toId="53">
</dataflow>
<dataflow id="354" from="p_str" to="empty_44" fromId="238" toId="53">
</dataflow>
<dataflow id="355" from="p_str" to="empty_44" fromId="238" toId="53">
</dataflow>
<dataflow id="356" from="StgValue_274" to="empty_44" fromId="274" toId="53">
</dataflow>
<dataflow id="357" from="StgValue_274" to="empty_44" fromId="274" toId="53">
</dataflow>
<dataflow id="358" from="windows_V_pix_1_1" to="empty_44" fromId="22" toId="53">
</dataflow>
<dataflow id="359" from="windows_V_pix_1_1" to="empty_44" fromId="22" toId="53">
</dataflow>
<dataflow id="360" from="_ssdm_op_SpecInterface" to="empty_45" fromId="246" toId="54">
</dataflow>
<dataflow id="361" from="windows_V_pix_1_1" to="empty_45" fromId="22" toId="54">
</dataflow>
<dataflow id="362" from="ap_fifo_str" to="empty_45" fromId="249" toId="54">
</dataflow>
<dataflow id="363" from="StgValue_251" to="empty_45" fromId="251" toId="54">
</dataflow>
<dataflow id="364" from="StgValue_251" to="empty_45" fromId="251" toId="54">
</dataflow>
<dataflow id="365" from="p_str" to="empty_45" fromId="238" toId="54">
</dataflow>
<dataflow id="366" from="StgValue_251" to="empty_45" fromId="251" toId="54">
</dataflow>
<dataflow id="367" from="StgValue_251" to="empty_45" fromId="251" toId="54">
</dataflow>
<dataflow id="368" from="p_str" to="empty_45" fromId="238" toId="54">
</dataflow>
<dataflow id="369" from="p_str" to="empty_45" fromId="238" toId="54">
</dataflow>
<dataflow id="370" from="p_str" to="empty_45" fromId="238" toId="54">
</dataflow>
<dataflow id="371" from="StgValue_260" to="empty_45" fromId="260" toId="54">
</dataflow>
<dataflow id="372" from="StgValue_260" to="empty_45" fromId="260" toId="54">
</dataflow>
<dataflow id="373" from="StgValue_263" to="empty_45" fromId="263" toId="54">
</dataflow>
<dataflow id="374" from="StgValue_263" to="empty_45" fromId="263" toId="54">
</dataflow>
<dataflow id="375" from="p_str" to="empty_45" fromId="238" toId="54">
</dataflow>
<dataflow id="376" from="p_str" to="empty_45" fromId="238" toId="54">
</dataflow>
<dataflow id="377" from="_ssdm_op_SpecChannel" to="empty_46" fromId="232" toId="55">
</dataflow>
<dataflow id="379" from="windows_OC_V_OC_pix_1" to="empty_46" fromId="378" toId="55">
</dataflow>
<dataflow id="380" from="StgValue_236" to="empty_46" fromId="236" toId="55">
</dataflow>
<dataflow id="381" from="p_str" to="empty_46" fromId="238" toId="55">
</dataflow>
<dataflow id="382" from="p_str" to="empty_46" fromId="238" toId="55">
</dataflow>
<dataflow id="383" from="StgValue_274" to="empty_46" fromId="274" toId="55">
</dataflow>
<dataflow id="384" from="StgValue_274" to="empty_46" fromId="274" toId="55">
</dataflow>
<dataflow id="385" from="windows_V_pix_2_0" to="empty_46" fromId="23" toId="55">
</dataflow>
<dataflow id="386" from="windows_V_pix_2_0" to="empty_46" fromId="23" toId="55">
</dataflow>
<dataflow id="387" from="_ssdm_op_SpecInterface" to="empty_47" fromId="246" toId="56">
</dataflow>
<dataflow id="388" from="windows_V_pix_2_0" to="empty_47" fromId="23" toId="56">
</dataflow>
<dataflow id="389" from="ap_fifo_str" to="empty_47" fromId="249" toId="56">
</dataflow>
<dataflow id="390" from="StgValue_251" to="empty_47" fromId="251" toId="56">
</dataflow>
<dataflow id="391" from="StgValue_251" to="empty_47" fromId="251" toId="56">
</dataflow>
<dataflow id="392" from="p_str" to="empty_47" fromId="238" toId="56">
</dataflow>
<dataflow id="393" from="StgValue_251" to="empty_47" fromId="251" toId="56">
</dataflow>
<dataflow id="394" from="StgValue_251" to="empty_47" fromId="251" toId="56">
</dataflow>
<dataflow id="395" from="p_str" to="empty_47" fromId="238" toId="56">
</dataflow>
<dataflow id="396" from="p_str" to="empty_47" fromId="238" toId="56">
</dataflow>
<dataflow id="397" from="p_str" to="empty_47" fromId="238" toId="56">
</dataflow>
<dataflow id="398" from="StgValue_260" to="empty_47" fromId="260" toId="56">
</dataflow>
<dataflow id="399" from="StgValue_260" to="empty_47" fromId="260" toId="56">
</dataflow>
<dataflow id="400" from="StgValue_263" to="empty_47" fromId="263" toId="56">
</dataflow>
<dataflow id="401" from="StgValue_263" to="empty_47" fromId="263" toId="56">
</dataflow>
<dataflow id="402" from="p_str" to="empty_47" fromId="238" toId="56">
</dataflow>
<dataflow id="403" from="p_str" to="empty_47" fromId="238" toId="56">
</dataflow>
<dataflow id="404" from="_ssdm_op_SpecChannel" to="empty_48" fromId="232" toId="57">
</dataflow>
<dataflow id="406" from="windows_OC_V_OC_pix_s" to="empty_48" fromId="405" toId="57">
</dataflow>
<dataflow id="407" from="StgValue_236" to="empty_48" fromId="236" toId="57">
</dataflow>
<dataflow id="408" from="p_str" to="empty_48" fromId="238" toId="57">
</dataflow>
<dataflow id="409" from="p_str" to="empty_48" fromId="238" toId="57">
</dataflow>
<dataflow id="410" from="StgValue_274" to="empty_48" fromId="274" toId="57">
</dataflow>
<dataflow id="411" from="StgValue_274" to="empty_48" fromId="274" toId="57">
</dataflow>
<dataflow id="412" from="windows_V_pix_2_1" to="empty_48" fromId="24" toId="57">
</dataflow>
<dataflow id="413" from="windows_V_pix_2_1" to="empty_48" fromId="24" toId="57">
</dataflow>
<dataflow id="414" from="_ssdm_op_SpecInterface" to="empty_49" fromId="246" toId="58">
</dataflow>
<dataflow id="415" from="windows_V_pix_2_1" to="empty_49" fromId="24" toId="58">
</dataflow>
<dataflow id="416" from="ap_fifo_str" to="empty_49" fromId="249" toId="58">
</dataflow>
<dataflow id="417" from="StgValue_251" to="empty_49" fromId="251" toId="58">
</dataflow>
<dataflow id="418" from="StgValue_251" to="empty_49" fromId="251" toId="58">
</dataflow>
<dataflow id="419" from="p_str" to="empty_49" fromId="238" toId="58">
</dataflow>
<dataflow id="420" from="StgValue_251" to="empty_49" fromId="251" toId="58">
</dataflow>
<dataflow id="421" from="StgValue_251" to="empty_49" fromId="251" toId="58">
</dataflow>
<dataflow id="422" from="p_str" to="empty_49" fromId="238" toId="58">
</dataflow>
<dataflow id="423" from="p_str" to="empty_49" fromId="238" toId="58">
</dataflow>
<dataflow id="424" from="p_str" to="empty_49" fromId="238" toId="58">
</dataflow>
<dataflow id="425" from="StgValue_260" to="empty_49" fromId="260" toId="58">
</dataflow>
<dataflow id="426" from="StgValue_260" to="empty_49" fromId="260" toId="58">
</dataflow>
<dataflow id="427" from="StgValue_263" to="empty_49" fromId="263" toId="58">
</dataflow>
<dataflow id="428" from="StgValue_263" to="empty_49" fromId="263" toId="58">
</dataflow>
<dataflow id="429" from="p_str" to="empty_49" fromId="238" toId="58">
</dataflow>
<dataflow id="430" from="p_str" to="empty_49" fromId="238" toId="58">
</dataflow>
<dataflow id="431" from="_ssdm_op_SpecChannel" to="empty_50" fromId="232" toId="59">
</dataflow>
<dataflow id="433" from="out_image_OC_V_str" to="empty_50" fromId="432" toId="59">
</dataflow>
<dataflow id="434" from="StgValue_236" to="empty_50" fromId="236" toId="59">
</dataflow>
<dataflow id="435" from="p_str" to="empty_50" fromId="238" toId="59">
</dataflow>
<dataflow id="436" from="p_str" to="empty_50" fromId="238" toId="59">
</dataflow>
<dataflow id="437" from="StgValue_241" to="empty_50" fromId="241" toId="59">
</dataflow>
<dataflow id="438" from="StgValue_241" to="empty_50" fromId="241" toId="59">
</dataflow>
<dataflow id="439" from="out_image_V" to="empty_50" fromId="25" toId="59">
</dataflow>
<dataflow id="440" from="out_image_V" to="empty_50" fromId="25" toId="59">
</dataflow>
<dataflow id="441" from="_ssdm_op_SpecInterface" to="empty_51" fromId="246" toId="60">
</dataflow>
<dataflow id="442" from="out_image_V" to="empty_51" fromId="25" toId="60">
</dataflow>
<dataflow id="443" from="ap_fifo_str" to="empty_51" fromId="249" toId="60">
</dataflow>
<dataflow id="444" from="StgValue_251" to="empty_51" fromId="251" toId="60">
</dataflow>
<dataflow id="445" from="StgValue_251" to="empty_51" fromId="251" toId="60">
</dataflow>
<dataflow id="446" from="p_str" to="empty_51" fromId="238" toId="60">
</dataflow>
<dataflow id="447" from="StgValue_251" to="empty_51" fromId="251" toId="60">
</dataflow>
<dataflow id="448" from="StgValue_251" to="empty_51" fromId="251" toId="60">
</dataflow>
<dataflow id="449" from="p_str" to="empty_51" fromId="238" toId="60">
</dataflow>
<dataflow id="450" from="p_str" to="empty_51" fromId="238" toId="60">
</dataflow>
<dataflow id="451" from="p_str" to="empty_51" fromId="238" toId="60">
</dataflow>
<dataflow id="452" from="StgValue_260" to="empty_51" fromId="260" toId="60">
</dataflow>
<dataflow id="453" from="StgValue_260" to="empty_51" fromId="260" toId="60">
</dataflow>
<dataflow id="454" from="StgValue_263" to="empty_51" fromId="263" toId="60">
</dataflow>
<dataflow id="455" from="StgValue_263" to="empty_51" fromId="263" toId="60">
</dataflow>
<dataflow id="456" from="p_str" to="empty_51" fromId="238" toId="60">
</dataflow>
<dataflow id="457" from="p_str" to="empty_51" fromId="238" toId="60">
</dataflow>
<dataflow id="458" from="_ssdm_op_SpecChannel" to="empty_52" fromId="232" toId="61">
</dataflow>
<dataflow id="460" from="width_c_str" to="empty_52" fromId="459" toId="61">
</dataflow>
<dataflow id="461" from="StgValue_236" to="empty_52" fromId="236" toId="61">
</dataflow>
<dataflow id="462" from="p_str" to="empty_52" fromId="238" toId="61">
</dataflow>
<dataflow id="463" from="p_str" to="empty_52" fromId="238" toId="61">
</dataflow>
<dataflow id="464" from="StgValue_260" to="empty_52" fromId="260" toId="61">
</dataflow>
<dataflow id="465" from="StgValue_251" to="empty_52" fromId="251" toId="61">
</dataflow>
<dataflow id="466" from="width_c" to="empty_52" fromId="16" toId="61">
</dataflow>
<dataflow id="467" from="width_c" to="empty_52" fromId="16" toId="61">
</dataflow>
<dataflow id="468" from="_ssdm_op_SpecInterface" to="empty_53" fromId="246" toId="62">
</dataflow>
<dataflow id="469" from="width_c" to="empty_53" fromId="16" toId="62">
</dataflow>
<dataflow id="470" from="ap_fifo_str" to="empty_53" fromId="249" toId="62">
</dataflow>
<dataflow id="471" from="StgValue_251" to="empty_53" fromId="251" toId="62">
</dataflow>
<dataflow id="472" from="StgValue_251" to="empty_53" fromId="251" toId="62">
</dataflow>
<dataflow id="473" from="p_str" to="empty_53" fromId="238" toId="62">
</dataflow>
<dataflow id="474" from="StgValue_251" to="empty_53" fromId="251" toId="62">
</dataflow>
<dataflow id="475" from="StgValue_251" to="empty_53" fromId="251" toId="62">
</dataflow>
<dataflow id="476" from="p_str" to="empty_53" fromId="238" toId="62">
</dataflow>
<dataflow id="477" from="p_str" to="empty_53" fromId="238" toId="62">
</dataflow>
<dataflow id="478" from="p_str" to="empty_53" fromId="238" toId="62">
</dataflow>
<dataflow id="479" from="StgValue_260" to="empty_53" fromId="260" toId="62">
</dataflow>
<dataflow id="480" from="StgValue_260" to="empty_53" fromId="260" toId="62">
</dataflow>
<dataflow id="481" from="StgValue_263" to="empty_53" fromId="263" toId="62">
</dataflow>
<dataflow id="482" from="StgValue_263" to="empty_53" fromId="263" toId="62">
</dataflow>
<dataflow id="483" from="p_str" to="empty_53" fromId="238" toId="62">
</dataflow>
<dataflow id="484" from="p_str" to="empty_53" fromId="238" toId="62">
</dataflow>
<dataflow id="485" from="_ssdm_op_SpecChannel" to="empty_54" fromId="232" toId="63">
</dataflow>
<dataflow id="487" from="height_c_str" to="empty_54" fromId="486" toId="63">
</dataflow>
<dataflow id="488" from="StgValue_236" to="empty_54" fromId="236" toId="63">
</dataflow>
<dataflow id="489" from="p_str" to="empty_54" fromId="238" toId="63">
</dataflow>
<dataflow id="490" from="p_str" to="empty_54" fromId="238" toId="63">
</dataflow>
<dataflow id="491" from="StgValue_260" to="empty_54" fromId="260" toId="63">
</dataflow>
<dataflow id="492" from="StgValue_251" to="empty_54" fromId="251" toId="63">
</dataflow>
<dataflow id="493" from="height_c" to="empty_54" fromId="15" toId="63">
</dataflow>
<dataflow id="494" from="height_c" to="empty_54" fromId="15" toId="63">
</dataflow>
<dataflow id="495" from="_ssdm_op_SpecInterface" to="empty_55" fromId="246" toId="64">
</dataflow>
<dataflow id="496" from="height_c" to="empty_55" fromId="15" toId="64">
</dataflow>
<dataflow id="497" from="ap_fifo_str" to="empty_55" fromId="249" toId="64">
</dataflow>
<dataflow id="498" from="StgValue_251" to="empty_55" fromId="251" toId="64">
</dataflow>
<dataflow id="499" from="StgValue_251" to="empty_55" fromId="251" toId="64">
</dataflow>
<dataflow id="500" from="p_str" to="empty_55" fromId="238" toId="64">
</dataflow>
<dataflow id="501" from="StgValue_251" to="empty_55" fromId="251" toId="64">
</dataflow>
<dataflow id="502" from="StgValue_251" to="empty_55" fromId="251" toId="64">
</dataflow>
<dataflow id="503" from="p_str" to="empty_55" fromId="238" toId="64">
</dataflow>
<dataflow id="504" from="p_str" to="empty_55" fromId="238" toId="64">
</dataflow>
<dataflow id="505" from="p_str" to="empty_55" fromId="238" toId="64">
</dataflow>
<dataflow id="506" from="StgValue_260" to="empty_55" fromId="260" toId="64">
</dataflow>
<dataflow id="507" from="StgValue_260" to="empty_55" fromId="260" toId="64">
</dataflow>
<dataflow id="508" from="StgValue_263" to="empty_55" fromId="263" toId="64">
</dataflow>
<dataflow id="509" from="StgValue_263" to="empty_55" fromId="263" toId="64">
</dataflow>
<dataflow id="510" from="p_str" to="empty_55" fromId="238" toId="64">
</dataflow>
<dataflow id="511" from="p_str" to="empty_55" fromId="238" toId="64">
</dataflow>
<dataflow id="512" from="_ssdm_op_SpecChannel" to="empty_56" fromId="232" toId="65">
</dataflow>
<dataflow id="514" from="width_c17_str" to="empty_56" fromId="513" toId="65">
</dataflow>
<dataflow id="515" from="StgValue_236" to="empty_56" fromId="236" toId="65">
</dataflow>
<dataflow id="516" from="p_str" to="empty_56" fromId="238" toId="65">
</dataflow>
<dataflow id="517" from="p_str" to="empty_56" fromId="238" toId="65">
</dataflow>
<dataflow id="518" from="StgValue_260" to="empty_56" fromId="260" toId="65">
</dataflow>
<dataflow id="519" from="StgValue_251" to="empty_56" fromId="251" toId="65">
</dataflow>
<dataflow id="520" from="width_c17" to="empty_56" fromId="14" toId="65">
</dataflow>
<dataflow id="521" from="width_c17" to="empty_56" fromId="14" toId="65">
</dataflow>
<dataflow id="522" from="_ssdm_op_SpecInterface" to="empty_57" fromId="246" toId="66">
</dataflow>
<dataflow id="523" from="width_c17" to="empty_57" fromId="14" toId="66">
</dataflow>
<dataflow id="524" from="ap_fifo_str" to="empty_57" fromId="249" toId="66">
</dataflow>
<dataflow id="525" from="StgValue_251" to="empty_57" fromId="251" toId="66">
</dataflow>
<dataflow id="526" from="StgValue_251" to="empty_57" fromId="251" toId="66">
</dataflow>
<dataflow id="527" from="p_str" to="empty_57" fromId="238" toId="66">
</dataflow>
<dataflow id="528" from="StgValue_251" to="empty_57" fromId="251" toId="66">
</dataflow>
<dataflow id="529" from="StgValue_251" to="empty_57" fromId="251" toId="66">
</dataflow>
<dataflow id="530" from="p_str" to="empty_57" fromId="238" toId="66">
</dataflow>
<dataflow id="531" from="p_str" to="empty_57" fromId="238" toId="66">
</dataflow>
<dataflow id="532" from="p_str" to="empty_57" fromId="238" toId="66">
</dataflow>
<dataflow id="533" from="StgValue_260" to="empty_57" fromId="260" toId="66">
</dataflow>
<dataflow id="534" from="StgValue_260" to="empty_57" fromId="260" toId="66">
</dataflow>
<dataflow id="535" from="StgValue_263" to="empty_57" fromId="263" toId="66">
</dataflow>
<dataflow id="536" from="StgValue_263" to="empty_57" fromId="263" toId="66">
</dataflow>
<dataflow id="537" from="p_str" to="empty_57" fromId="238" toId="66">
</dataflow>
<dataflow id="538" from="p_str" to="empty_57" fromId="238" toId="66">
</dataflow>
<dataflow id="539" from="_ssdm_op_SpecChannel" to="empty_58" fromId="232" toId="67">
</dataflow>
<dataflow id="541" from="height_c18_str" to="empty_58" fromId="540" toId="67">
</dataflow>
<dataflow id="542" from="StgValue_236" to="empty_58" fromId="236" toId="67">
</dataflow>
<dataflow id="543" from="p_str" to="empty_58" fromId="238" toId="67">
</dataflow>
<dataflow id="544" from="p_str" to="empty_58" fromId="238" toId="67">
</dataflow>
<dataflow id="545" from="StgValue_260" to="empty_58" fromId="260" toId="67">
</dataflow>
<dataflow id="546" from="StgValue_251" to="empty_58" fromId="251" toId="67">
</dataflow>
<dataflow id="547" from="height_c18" to="empty_58" fromId="13" toId="67">
</dataflow>
<dataflow id="548" from="height_c18" to="empty_58" fromId="13" toId="67">
</dataflow>
<dataflow id="549" from="_ssdm_op_SpecInterface" to="empty_59" fromId="246" toId="68">
</dataflow>
<dataflow id="550" from="height_c18" to="empty_59" fromId="13" toId="68">
</dataflow>
<dataflow id="551" from="ap_fifo_str" to="empty_59" fromId="249" toId="68">
</dataflow>
<dataflow id="552" from="StgValue_251" to="empty_59" fromId="251" toId="68">
</dataflow>
<dataflow id="553" from="StgValue_251" to="empty_59" fromId="251" toId="68">
</dataflow>
<dataflow id="554" from="p_str" to="empty_59" fromId="238" toId="68">
</dataflow>
<dataflow id="555" from="StgValue_251" to="empty_59" fromId="251" toId="68">
</dataflow>
<dataflow id="556" from="StgValue_251" to="empty_59" fromId="251" toId="68">
</dataflow>
<dataflow id="557" from="p_str" to="empty_59" fromId="238" toId="68">
</dataflow>
<dataflow id="558" from="p_str" to="empty_59" fromId="238" toId="68">
</dataflow>
<dataflow id="559" from="p_str" to="empty_59" fromId="238" toId="68">
</dataflow>
<dataflow id="560" from="StgValue_260" to="empty_59" fromId="260" toId="68">
</dataflow>
<dataflow id="561" from="StgValue_260" to="empty_59" fromId="260" toId="68">
</dataflow>
<dataflow id="562" from="StgValue_263" to="empty_59" fromId="263" toId="68">
</dataflow>
<dataflow id="563" from="StgValue_263" to="empty_59" fromId="263" toId="68">
</dataflow>
<dataflow id="564" from="p_str" to="empty_59" fromId="238" toId="68">
</dataflow>
<dataflow id="565" from="p_str" to="empty_59" fromId="238" toId="68">
</dataflow>
<dataflow id="566" from="_ssdm_op_SpecChannel" to="empty_60" fromId="232" toId="69">
</dataflow>
<dataflow id="568" from="width_c19_str" to="empty_60" fromId="567" toId="69">
</dataflow>
<dataflow id="569" from="StgValue_236" to="empty_60" fromId="236" toId="69">
</dataflow>
<dataflow id="570" from="p_str" to="empty_60" fromId="238" toId="69">
</dataflow>
<dataflow id="571" from="p_str" to="empty_60" fromId="238" toId="69">
</dataflow>
<dataflow id="572" from="StgValue_260" to="empty_60" fromId="260" toId="69">
</dataflow>
<dataflow id="573" from="StgValue_251" to="empty_60" fromId="251" toId="69">
</dataflow>
<dataflow id="574" from="width_c19" to="empty_60" fromId="12" toId="69">
</dataflow>
<dataflow id="575" from="width_c19" to="empty_60" fromId="12" toId="69">
</dataflow>
<dataflow id="576" from="_ssdm_op_SpecInterface" to="empty_61" fromId="246" toId="70">
</dataflow>
<dataflow id="577" from="width_c19" to="empty_61" fromId="12" toId="70">
</dataflow>
<dataflow id="578" from="ap_fifo_str" to="empty_61" fromId="249" toId="70">
</dataflow>
<dataflow id="579" from="StgValue_251" to="empty_61" fromId="251" toId="70">
</dataflow>
<dataflow id="580" from="StgValue_251" to="empty_61" fromId="251" toId="70">
</dataflow>
<dataflow id="581" from="p_str" to="empty_61" fromId="238" toId="70">
</dataflow>
<dataflow id="582" from="StgValue_251" to="empty_61" fromId="251" toId="70">
</dataflow>
<dataflow id="583" from="StgValue_251" to="empty_61" fromId="251" toId="70">
</dataflow>
<dataflow id="584" from="p_str" to="empty_61" fromId="238" toId="70">
</dataflow>
<dataflow id="585" from="p_str" to="empty_61" fromId="238" toId="70">
</dataflow>
<dataflow id="586" from="p_str" to="empty_61" fromId="238" toId="70">
</dataflow>
<dataflow id="587" from="StgValue_260" to="empty_61" fromId="260" toId="70">
</dataflow>
<dataflow id="588" from="StgValue_260" to="empty_61" fromId="260" toId="70">
</dataflow>
<dataflow id="589" from="StgValue_263" to="empty_61" fromId="263" toId="70">
</dataflow>
<dataflow id="590" from="StgValue_263" to="empty_61" fromId="263" toId="70">
</dataflow>
<dataflow id="591" from="p_str" to="empty_61" fromId="238" toId="70">
</dataflow>
<dataflow id="592" from="p_str" to="empty_61" fromId="238" toId="70">
</dataflow>
<dataflow id="593" from="_ssdm_op_SpecChannel" to="empty_62" fromId="232" toId="71">
</dataflow>
<dataflow id="595" from="height_c20_str" to="empty_62" fromId="594" toId="71">
</dataflow>
<dataflow id="596" from="StgValue_236" to="empty_62" fromId="236" toId="71">
</dataflow>
<dataflow id="597" from="p_str" to="empty_62" fromId="238" toId="71">
</dataflow>
<dataflow id="598" from="p_str" to="empty_62" fromId="238" toId="71">
</dataflow>
<dataflow id="599" from="StgValue_260" to="empty_62" fromId="260" toId="71">
</dataflow>
<dataflow id="600" from="StgValue_251" to="empty_62" fromId="251" toId="71">
</dataflow>
<dataflow id="601" from="height_c20" to="empty_62" fromId="11" toId="71">
</dataflow>
<dataflow id="602" from="height_c20" to="empty_62" fromId="11" toId="71">
</dataflow>
<dataflow id="603" from="_ssdm_op_SpecInterface" to="empty_63" fromId="246" toId="72">
</dataflow>
<dataflow id="604" from="height_c20" to="empty_63" fromId="11" toId="72">
</dataflow>
<dataflow id="605" from="ap_fifo_str" to="empty_63" fromId="249" toId="72">
</dataflow>
<dataflow id="606" from="StgValue_251" to="empty_63" fromId="251" toId="72">
</dataflow>
<dataflow id="607" from="StgValue_251" to="empty_63" fromId="251" toId="72">
</dataflow>
<dataflow id="608" from="p_str" to="empty_63" fromId="238" toId="72">
</dataflow>
<dataflow id="609" from="StgValue_251" to="empty_63" fromId="251" toId="72">
</dataflow>
<dataflow id="610" from="StgValue_251" to="empty_63" fromId="251" toId="72">
</dataflow>
<dataflow id="611" from="p_str" to="empty_63" fromId="238" toId="72">
</dataflow>
<dataflow id="612" from="p_str" to="empty_63" fromId="238" toId="72">
</dataflow>
<dataflow id="613" from="p_str" to="empty_63" fromId="238" toId="72">
</dataflow>
<dataflow id="614" from="StgValue_260" to="empty_63" fromId="260" toId="72">
</dataflow>
<dataflow id="615" from="StgValue_260" to="empty_63" fromId="260" toId="72">
</dataflow>
<dataflow id="616" from="StgValue_263" to="empty_63" fromId="263" toId="72">
</dataflow>
<dataflow id="617" from="StgValue_263" to="empty_63" fromId="263" toId="72">
</dataflow>
<dataflow id="618" from="p_str" to="empty_63" fromId="238" toId="72">
</dataflow>
<dataflow id="619" from="p_str" to="empty_63" fromId="238" toId="72">
</dataflow>
<dataflow id="620" from="writeToMemmory" to="StgValue_73" fromId="195" toId="73">
</dataflow>
<dataflow id="621" from="width_c19" to="StgValue_73" fromId="12" toId="73">
</dataflow>
<dataflow id="622" from="height_c20" to="StgValue_73" fromId="11" toId="73">
</dataflow>
<dataflow id="623" from="out_image_V" to="StgValue_73" fromId="25" toId="73">
</dataflow>
<dataflow id="624" from="dst" to="StgValue_73" fromId="92" toId="73">
</dataflow>
</dataflows>


</stg>
