<profile>

<section name = "Vivado HLS Report for 'convolution2d'" level="0">
<item name = "Date">Mon Dec 16 22:55:12 2024
</item>
<item name = "Version">2018.1 (Build 2188600 on Wed Apr 04 19:04:02 MDT 2018)</item>
<item name = "Project">Convolution2D</item>
<item name = "Solution">solution1</item>
<item name = "Product family">zynq</item>
<item name = "Target device">xc7z020clg484-1</item>
</section>

<section name = "Performance Estimates" level="0">
<item name = "Timing (ns)">
<section name = "" level="1">
<item name = "Summary"><table name="" hasTotal="0">
<keys size="4">Clock, Target, Estimated, Uncertainty</keys>
<column name="ap_clk">10.00, 8.51, 1.25</column>
</table>
</item>
</section>
</item>
<item name = "Latency (clock cycles)">
<section name = "" level="1">
<item name = "Summary"><table name="" hasTotal="0">
<keys size="6">, min, max, min, max, Type</keys>
<column name="">20817, 3877635, 20739, 3877635, dataflow</column>
</table>
</item>
<item name = "Detail">
<section name = "" level="1">
<item name = "Instance"><table name="" hasTotal="0">
<keys size="7">Instance, Module, min, max, min, max, Type</keys>
<column name="readWindow_U0">readWindow, 2, 3877634, 2, 3877634, none</column>
<column name="processConvolution2d_U0">processConvolution2d, 1, 663769, 1, 663769, none</column>
<column name="readFromMemory_U0">readFromMemory, 14, 41702, 14, 41702, none</column>
<column name="writeToMemmory_U0">writeToMemmory, 20738, 20738, 20738, 20738, none</column>
</table>
</item>
<item name = "Loop"><table name="" hasTotal="0">
<keys size="8">Loop Name, min, max, Latency, achieved, target, Count, Pipelined</keys>
</table>
</item>
</section>
</item>
</section>
</item>
</section>

<section name = "Utilization Estimates" level="0">
<item name = "Summary"><table name="" hasTotal="1">
<keys size="5">Name, BRAM_18K, DSP48E, FF, LUT</keys>
<column name="DSP">-, -, -, -</column>
<column name="Expression">-, -, 0, 2</column>
<column name="FIFO">12, -, 366, 694</column>
<column name="Instance">0, 9, 15112, 2992</column>
<column name="Memory">0, -, 64, 3</column>
<column name="Multiplexer">-, -, -, -</column>
<column name="Register">-, -, -, -</column>
<specialColumn name="Available">280, 220, 106400, 53200</specialColumn>
<specialColumn name="Utilization (%)">4, 4, 14, 6</specialColumn>
</table>
</item>
<item name = "Detail">
<section name = "" level="1">
<item name = "Instance"><table name="" hasTotal="1">
<keys size="6">Instance, Module, BRAM_18K, DSP48E, FF, LUT</keys>
<column name="processConvolution2d_U0">processConvolution2d, 0, 3, 560, 555</column>
<column name="readFromMemory_U0">readFromMemory, 0, 0, 206, 415</column>
<column name="readWindow_U0">readWindow, 0, 3, 14231, 1770</column>
<column name="writeToMemmory_U0">writeToMemmory, 0, 3, 115, 252</column>
</table>
</item>
<item name = "DSP48"><table name="" hasTotal="0">
<keys size="3">Instance, Module, Expression</keys>
</table>
</item>
<item name = "Memory"><table name="" hasTotal="1">
<keys size="9">Memory, Module, BRAM_18K, FF, LUT, Words, Bits, Banks, W*Bits*Banks</keys>
<column name="kernel_U">convolution2d_keribs, 0, 64, 3, 6, 32, 2, 384</column>
</table>
</item>
<item name = "FIFO"><table name="" hasTotal="1">
<keys size="7">Name, BRAM_18K, FF, LUT, Depth, Bits, Size:D*B</keys>
<column name="height_c18_U">0, 5, 44, 2, 32, 64</column>
<column name="height_c20_U">0, 5, 44, 2, 32, 64</column>
<column name="height_c_U">0, 5, 44, 2, 32, 64</column>
<column name="image_V_U">0, 6, 47, 10, 32, 320</column>
<column name="out_image_V_U">0, 6, 47, 10, 32, 320</column>
<column name="width_c17_U">0, 5, 44, 2, 32, 64</column>
<column name="width_c19_U">0, 5, 44, 2, 32, 64</column>
<column name="width_c_U">0, 5, 44, 2, 32, 64</column>
<column name="windows_V_pix_0_0_U">2, 54, 56, 64, 32, 2048</column>
<column name="windows_V_pix_0_1_U">2, 54, 56, 64, 32, 2048</column>
<column name="windows_V_pix_1_0_U">2, 54, 56, 64, 32, 2048</column>
<column name="windows_V_pix_1_1_U">2, 54, 56, 64, 32, 2048</column>
<column name="windows_V_pix_2_0_U">2, 54, 56, 64, 32, 2048</column>
<column name="windows_V_pix_2_1_U">2, 54, 56, 64, 32, 2048</column>
</table>
</item>
<item name = "Expression"><table name="" hasTotal="1">
<keys size="7">Variable Name, Operation, DSP48E, FF, LUT, Bitwidth P0, Bitwidth P1</keys>
<column name="ap_idle">and, 0, 0, 2, 1, 1</column>
</table>
</item>
<item name = "Multiplexer"><table name="" hasTotal="1">
<keys size="5">Name, LUT, Input Size, Bits, Total Bits</keys>
</table>
</item>
<item name = "Register"><table name="" hasTotal="1">
<keys size="5">Name, FF, LUT, Bits, Const Bits</keys>
</table>
</item>
</section>
</item>
</section>

<section name = "Interface" level="0">
<item name = "Summary"><table name="" hasTotal="0">
<keys size="6">RTL Ports, Dir, Bits, Protocol, Source Object, C Type</keys>
<column name="ap_clk">in, 1, ap_ctrl_hs, convolution2d, return value</column>
<column name="ap_rst">in, 1, ap_ctrl_hs, convolution2d, return value</column>
<column name="ap_done">out, 1, ap_ctrl_hs, convolution2d, return value</column>
<column name="ap_start">in, 1, ap_ctrl_hs, convolution2d, return value</column>
<column name="ap_ready">out, 1, ap_ctrl_hs, convolution2d, return value</column>
<column name="ap_idle">out, 1, ap_ctrl_hs, convolution2d, return value</column>
<column name="kernalSrc_0">in, 32, ap_none, kernalSrc_0, pointer</column>
<column name="kernalSrc_1">in, 32, ap_none, kernalSrc_1, pointer</column>
<column name="kernalSrc_2">in, 32, ap_none, kernalSrc_2, pointer</column>
<column name="kernalSrc_3">in, 32, ap_none, kernalSrc_3, pointer</column>
<column name="kernalSrc_4">in, 32, ap_none, kernalSrc_4, pointer</column>
<column name="kernalSrc_5">in, 32, ap_none, kernalSrc_5, pointer</column>
<column name="width">in, 32, ap_none, width, scalar</column>
<column name="height">in, 32, ap_none, height, scalar</column>
<column name="src_address0">out, 15, ap_memory, src, array</column>
<column name="src_ce0">out, 1, ap_memory, src, array</column>
<column name="src_d0">out, 32, ap_memory, src, array</column>
<column name="src_q0">in, 32, ap_memory, src, array</column>
<column name="src_we0">out, 1, ap_memory, src, array</column>
<column name="src_address1">out, 15, ap_memory, src, array</column>
<column name="src_ce1">out, 1, ap_memory, src, array</column>
<column name="src_d1">out, 32, ap_memory, src, array</column>
<column name="src_q1">in, 32, ap_memory, src, array</column>
<column name="src_we1">out, 1, ap_memory, src, array</column>
<column name="dst_address0">out, 15, ap_memory, dst, array</column>
<column name="dst_ce0">out, 1, ap_memory, dst, array</column>
<column name="dst_d0">out, 32, ap_memory, dst, array</column>
<column name="dst_q0">in, 32, ap_memory, dst, array</column>
<column name="dst_we0">out, 1, ap_memory, dst, array</column>
<column name="dst_address1">out, 15, ap_memory, dst, array</column>
<column name="dst_ce1">out, 1, ap_memory, dst, array</column>
<column name="dst_d1">out, 32, ap_memory, dst, array</column>
<column name="dst_q1">in, 32, ap_memory, dst, array</column>
<column name="dst_we1">out, 1, ap_memory, dst, array</column>
</table>
</item>
</section>
</profile>
