<profile>

<section name = "Vivado HLS Report for 'processConvolution2d'" level="0">
<item name = "Date">Mon Dec 16 22:55:12 2024
</item>
<item name = "Version">2018.1 (Build 2188600 on Wed Apr 04 19:04:02 MDT 2018)</item>
<item name = "Project">Convolution2D</item>
<item name = "Solution">solution1</item>
<item name = "Product family">zynq</item>
<item name = "Target device">xc7z020clg484-1</item>
</section>

<section name = "Performance Estimates" level="0">
<item name = "Timing (ns)">
<section name = "" level="1">
<item name = "Summary"><table name="" hasTotal="0">
<keys size="4">Clock, Target, Estimated, Uncertainty</keys>
<column name="ap_clk">10.00, 8.51, 1.25</column>
</table>
</item>
</section>
</item>
<item name = "Latency (clock cycles)">
<section name = "" level="1">
<item name = "Summary"><table name="" hasTotal="0">
<keys size="6">, min, max, min, max, Type</keys>
<column name="">1, 663769, 1, 663769, none</column>
</table>
</item>
<item name = "Detail">
<section name = "" level="1">
<item name = "Instance"><table name="" hasTotal="0">
<keys size="7">Instance, Module, min, max, min, max, Type</keys>
</table>
</item>
<item name = "Loop"><table name="" hasTotal="0">
<keys size="8">Loop Name, min, max, Latency, achieved, target, Count, Pipelined</keys>
<column name="- CONVOLUTION_OUTER_LOOP">0, 663768, 2 ~ 6146, -, -, 0 ~ 108, no</column>
<column name=" + CONVOLUTION_INNER_LOOP">0, 6144, 32, -, -, 0 ~ 192, no</column>
<column name="  ++ CONVOLUTION_KERNEL_OUTER_LOOP">30, 30, 10, -, -, 3, no</column>
<column name="   +++ CONVOLUTION_KERNEL_INNER_LOOP">8, 8, 4, -, -, 2, no</column>
</table>
</item>
</section>
</item>
</section>
</item>
</section>

<section name = "Utilization Estimates" level="0">
<item name = "Summary"><table name="" hasTotal="1">
<keys size="5">Name, BRAM_18K, DSP48E, FF, LUT</keys>
<column name="DSP">-, -, -, -</column>
<column name="Expression">-, 3, 0, 307</column>
<column name="FIFO">-, -, -, -</column>
<column name="Instance">-, -, 0, 33</column>
<column name="Memory">-, -, -, -</column>
<column name="Multiplexer">-, -, -, 215</column>
<column name="Register">-, -, 560, -</column>
<specialColumn name="Available">280, 220, 106400, 53200</specialColumn>
<specialColumn name="Utilization (%)">0, 1, ~0, 1</specialColumn>
</table>
</item>
<item name = "Detail">
<section name = "" level="1">
<item name = "Instance"><table name="" hasTotal="1">
<keys size="6">Instance, Module, BRAM_18K, DSP48E, FF, LUT</keys>
<column name="convolution2d_muxbkb_U36">convolution2d_muxbkb, 0, 0, 0, 33</column>
</table>
</item>
<item name = "DSP48"><table name="" hasTotal="0">
<keys size="3">Instance, Module, Expression</keys>
</table>
</item>
<item name = "Memory"><table name="" hasTotal="1">
<keys size="9">Memory, Module, BRAM_18K, FF, LUT, Words, Bits, Banks, W*Bits*Banks</keys>
</table>
</item>
<item name = "FIFO"><table name="" hasTotal="1">
<keys size="7">Name, BRAM_18K, FF, LUT, Depth, Bits, Size:D*B</keys>
</table>
</item>
<item name = "Expression"><table name="" hasTotal="1">
<keys size="7">Variable Name, Operation, DSP48E, FF, LUT, Bitwidth P0, Bitwidth P1</keys>
<column name="tmp_13_i_fu_367_p2">*, 3, 0, 20, 32, 32</column>
<column name="i_fu_248_p2">+, 0, 0, 38, 31, 1</column>
<column name="ik_fu_299_p2">+, 0, 0, 10, 2, 1</column>
<column name="j_fu_263_p2">+, 0, 0, 38, 31, 1</column>
<column name="jk_fu_323_p2">+, 0, 0, 10, 2, 1</column>
<column name="sum_fu_371_p2">+, 0, 0, 39, 32, 32</column>
<column name="tmp_8_fu_333_p2">+, 0, 0, 13, 4, 4</column>
<column name="tmp_i_32_fu_233_p2">+, 0, 0, 39, 32, 2</column>
<column name="tmp_i_fu_227_p2">+, 0, 0, 39, 32, 3</column>
<column name="ap_block_state3">and, 0, 0, 2, 1, 1</column>
<column name="ap_block_state4">and, 0, 0, 2, 1, 1</column>
<column name="windows_V_pix_0_00_status">and, 0, 0, 2, 1, 1</column>
<column name="exitcond3_i_fu_293_p2">icmp, 0, 0, 8, 2, 2</column>
<column name="exitcond_i_fu_317_p2">icmp, 0, 0, 9, 2, 3</column>
<column name="tmp_10_i_fu_258_p2">icmp, 0, 0, 18, 32, 32</column>
<column name="tmp_9_i_fu_243_p2">icmp, 0, 0, 18, 32, 32</column>
<column name="ap_block_state1">or, 0, 0, 2, 1, 1</column>
</table>
</item>
<item name = "Multiplexer"><table name="" hasTotal="1">
<keys size="5">Name, LUT, Input Size, Bits, Total Bits</keys>
<column name="ap_NS_fsm">44, 9, 1, 9</column>
<column name="ap_done">9, 2, 1, 2</column>
<column name="height_blk_n">9, 2, 1, 2</column>
<column name="height_out_blk_n">9, 2, 1, 2</column>
<column name="i_i_reg_157">9, 2, 31, 62</column>
<column name="ik_i_reg_192">9, 2, 2, 4</column>
<column name="j_i_reg_168">9, 2, 31, 62</column>
<column name="jk_i_reg_216">9, 2, 2, 4</column>
<column name="out_image_V_blk_n">9, 2, 1, 2</column>
<column name="p_01_1_i_reg_204">9, 2, 32, 64</column>
<column name="real_start">9, 2, 1, 2</column>
<column name="tmp_3_reg_179">9, 2, 32, 64</column>
<column name="width_blk_n">9, 2, 1, 2</column>
<column name="width_out_blk_n">9, 2, 1, 2</column>
<column name="windows_V_pix_0_0_blk_n">9, 2, 1, 2</column>
<column name="windows_V_pix_0_1_blk_n">9, 2, 1, 2</column>
<column name="windows_V_pix_1_0_blk_n">9, 2, 1, 2</column>
<column name="windows_V_pix_1_1_blk_n">9, 2, 1, 2</column>
<column name="windows_V_pix_2_0_blk_n">9, 2, 1, 2</column>
<column name="windows_V_pix_2_1_blk_n">9, 2, 1, 2</column>
</table>
</item>
<item name = "Register"><table name="" hasTotal="1">
<keys size="5">Name, FF, LUT, Bits, Const Bits</keys>
<column name="ap_CS_fsm">8, 0, 8, 0</column>
<column name="ap_done_reg">1, 0, 1, 0</column>
<column name="i_i_reg_157">31, 0, 31, 0</column>
<column name="i_reg_389">31, 0, 31, 0</column>
<column name="ik_i_reg_192">2, 0, 2, 0</column>
<column name="ik_reg_435">2, 0, 2, 0</column>
<column name="j_i_reg_168">31, 0, 31, 0</column>
<column name="j_reg_397">31, 0, 31, 0</column>
<column name="jk_i_reg_216">2, 0, 2, 0</column>
<column name="jk_reg_448">2, 0, 2, 0</column>
<column name="kernel_load_reg_463">32, 0, 32, 0</column>
<column name="p_01_1_i_reg_204">32, 0, 32, 0</column>
<column name="start_once_reg">1, 0, 1, 0</column>
<column name="tmp_13_i_reg_468">32, 0, 32, 0</column>
<column name="tmp_3_reg_179">32, 0, 32, 0</column>
<column name="tmp_5_reg_458">32, 0, 32, 0</column>
<column name="tmp_7_cast_reg_440">2, 0, 4, 2</column>
<column name="tmp_i_32_reg_381">32, 0, 32, 0</column>
<column name="tmp_i_reg_376">32, 0, 32, 0</column>
<column name="tmp_pix_0_0_i_reg_402">32, 0, 32, 0</column>
<column name="tmp_pix_0_1_i_reg_407">32, 0, 32, 0</column>
<column name="tmp_pix_1_0_i_reg_412">32, 0, 32, 0</column>
<column name="tmp_pix_1_1_i_reg_417">32, 0, 32, 0</column>
<column name="tmp_pix_2_0_i_reg_422">32, 0, 32, 0</column>
<column name="tmp_pix_2_1_i_reg_427">32, 0, 32, 0</column>
</table>
</item>
</section>
</item>
</section>

<section name = "Interface" level="0">
<item name = "Summary"><table name="" hasTotal="0">
<keys size="6">RTL Ports, Dir, Bits, Protocol, Source Object, C Type</keys>
<column name="ap_clk">in, 1, ap_ctrl_hs, processConvolution2d, return value</column>
<column name="ap_rst">in, 1, ap_ctrl_hs, processConvolution2d, return value</column>
<column name="ap_start">in, 1, ap_ctrl_hs, processConvolution2d, return value</column>
<column name="start_full_n">in, 1, ap_ctrl_hs, processConvolution2d, return value</column>
<column name="ap_done">out, 1, ap_ctrl_hs, processConvolution2d, return value</column>
<column name="ap_continue">in, 1, ap_ctrl_hs, processConvolution2d, return value</column>
<column name="ap_idle">out, 1, ap_ctrl_hs, processConvolution2d, return value</column>
<column name="ap_ready">out, 1, ap_ctrl_hs, processConvolution2d, return value</column>
<column name="start_out">out, 1, ap_ctrl_hs, processConvolution2d, return value</column>
<column name="start_write">out, 1, ap_ctrl_hs, processConvolution2d, return value</column>
<column name="width_dout">in, 32, ap_fifo, width, pointer</column>
<column name="width_empty_n">in, 1, ap_fifo, width, pointer</column>
<column name="width_read">out, 1, ap_fifo, width, pointer</column>
<column name="height_dout">in, 32, ap_fifo, height, pointer</column>
<column name="height_empty_n">in, 1, ap_fifo, height, pointer</column>
<column name="height_read">out, 1, ap_fifo, height, pointer</column>
<column name="kernel_address0">out, 3, ap_memory, kernel, array</column>
<column name="kernel_ce0">out, 1, ap_memory, kernel, array</column>
<column name="kernel_q0">in, 32, ap_memory, kernel, array</column>
<column name="windows_V_pix_0_0_dout">in, 32, ap_fifo, windows_V_pix_0_0, pointer</column>
<column name="windows_V_pix_0_0_empty_n">in, 1, ap_fifo, windows_V_pix_0_0, pointer</column>
<column name="windows_V_pix_0_0_read">out, 1, ap_fifo, windows_V_pix_0_0, pointer</column>
<column name="windows_V_pix_0_1_dout">in, 32, ap_fifo, windows_V_pix_0_1, pointer</column>
<column name="windows_V_pix_0_1_empty_n">in, 1, ap_fifo, windows_V_pix_0_1, pointer</column>
<column name="windows_V_pix_0_1_read">out, 1, ap_fifo, windows_V_pix_0_1, pointer</column>
<column name="windows_V_pix_1_0_dout">in, 32, ap_fifo, windows_V_pix_1_0, pointer</column>
<column name="windows_V_pix_1_0_empty_n">in, 1, ap_fifo, windows_V_pix_1_0, pointer</column>
<column name="windows_V_pix_1_0_read">out, 1, ap_fifo, windows_V_pix_1_0, pointer</column>
<column name="windows_V_pix_1_1_dout">in, 32, ap_fifo, windows_V_pix_1_1, pointer</column>
<column name="windows_V_pix_1_1_empty_n">in, 1, ap_fifo, windows_V_pix_1_1, pointer</column>
<column name="windows_V_pix_1_1_read">out, 1, ap_fifo, windows_V_pix_1_1, pointer</column>
<column name="windows_V_pix_2_0_dout">in, 32, ap_fifo, windows_V_pix_2_0, pointer</column>
<column name="windows_V_pix_2_0_empty_n">in, 1, ap_fifo, windows_V_pix_2_0, pointer</column>
<column name="windows_V_pix_2_0_read">out, 1, ap_fifo, windows_V_pix_2_0, pointer</column>
<column name="windows_V_pix_2_1_dout">in, 32, ap_fifo, windows_V_pix_2_1, pointer</column>
<column name="windows_V_pix_2_1_empty_n">in, 1, ap_fifo, windows_V_pix_2_1, pointer</column>
<column name="windows_V_pix_2_1_read">out, 1, ap_fifo, windows_V_pix_2_1, pointer</column>
<column name="out_image_V_din">out, 32, ap_fifo, out_image_V, pointer</column>
<column name="out_image_V_full_n">in, 1, ap_fifo, out_image_V, pointer</column>
<column name="out_image_V_write">out, 1, ap_fifo, out_image_V, pointer</column>
<column name="width_out_din">out, 32, ap_fifo, width_out, pointer</column>
<column name="width_out_full_n">in, 1, ap_fifo, width_out, pointer</column>
<column name="width_out_write">out, 1, ap_fifo, width_out, pointer</column>
<column name="height_out_din">out, 32, ap_fifo, height_out, pointer</column>
<column name="height_out_full_n">in, 1, ap_fifo, height_out, pointer</column>
<column name="height_out_write">out, 1, ap_fifo, height_out, pointer</column>
</table>
</item>
</section>
</profile>
