<stg><name>readFromMemory</name>


<trans_list>

<trans id="79" from="1" to="2">
<condition id="23">
<or_exp><and_exp></and_exp></or_exp>
</condition>
</trans>

<trans id="80" from="2" to="3">
<condition id="25">
<or_exp><and_exp><literal name="exitcond2_i" val="0"/>
</and_exp></or_exp>
</condition>
</trans>

<trans id="83" from="2" to="4">
<condition id="31">
<or_exp><and_exp><literal name="exitcond2_i" val="1"/>
</and_exp></or_exp>
</condition>
</trans>

<trans id="81" from="3" to="3">
<condition id="27">
<or_exp><and_exp><literal name="exitcond_i" val="0"/>
</and_exp></or_exp>
</condition>
</trans>

<trans id="82" from="3" to="2">
<condition id="29">
<or_exp><and_exp><literal name="exitcond_i" val="1"/>
</and_exp></or_exp>
</condition>
</trans>

<trans id="84" from="4" to="5">
<condition id="33">
<or_exp><and_exp><literal name="tmp_1_i" val="1"/>
</and_exp></or_exp>
</condition>
</trans>

<trans id="85" from="5" to="6">
<condition id="34">
<or_exp><and_exp><literal name="tmp_3_i" val="1"/>
</and_exp></or_exp>
</condition>
</trans>

<trans id="88" from="5" to="4">
<condition id="39">
<or_exp><and_exp><literal name="tmp_3_i" val="0"/>
</and_exp></or_exp>
</condition>
</trans>

<trans id="87" from="6" to="5">
<condition id="37">
<or_exp><and_exp></and_exp></or_exp>
</condition>
</trans>
</trans_list>



<state_list>

<state id="1" st_id="1">

<operation id="7" st_id="1" stage="1" lat="1">
<core>NULL</core>
<MemPortIdVec></MemPortIdVec>
<condition id="0">
<or_exp><and_exp></and_exp></or_exp>
</condition>

<Node id="14" bw="32" op_0_bw="32" op_1_bw="32" op_2_bw="0" op_3_bw="32" op_4_bw="32" op_5_bw="0" op_6_bw="32" op_7_bw="32" op_8_bw="0" op_9_bw="0" op_10_bw="0" op_11_bw="32" op_12_bw="32" op_13_bw="32" op_14_bw="32" op_15_bw="0" op_16_bw="0">
<![CDATA[
entry:0  %empty = call i32 (...)* @_ssdm_op_SpecInterface(i32* %image_V, [8 x i8]* @ap_fifo_str, i32 0, i32 0, [1 x i8]* @p_str, i32 0, i32 0, [1 x i8]* @p_str, [1 x i8]* @p_str, [1 x i8]* @p_str, i32 2, i32 2, i32 16, i32 16, [1 x i8]* @p_str, [1 x i8]* @p_str)

]]></Node>
<StgValue><ssdm name="empty"/></StgValue>
</operation>

<operation id="8" st_id="1" stage="1" lat="1">
<core>NULL</core>
<MemPortIdVec></MemPortIdVec>
<condition id="0">
<or_exp><and_exp></and_exp></or_exp>
</condition>

<Node id="15" bw="32" op_0_bw="32" op_1_bw="32" op_2_bw="0" op_3_bw="32" op_4_bw="32" op_5_bw="0" op_6_bw="32" op_7_bw="32" op_8_bw="0" op_9_bw="0" op_10_bw="0" op_11_bw="32" op_12_bw="32" op_13_bw="32" op_14_bw="32" op_15_bw="0" op_16_bw="0">
<![CDATA[
entry:1  %empty_17 = call i32 (...)* @_ssdm_op_SpecInterface(i32* %width_out, [8 x i8]* @ap_fifo_str, i32 0, i32 0, [1 x i8]* @p_str, i32 0, i32 0, [1 x i8]* @p_str, [1 x i8]* @p_str, [1 x i8]* @p_str, i32 2, i32 2, i32 16, i32 16, [1 x i8]* @p_str, [1 x i8]* @p_str)

]]></Node>
<StgValue><ssdm name="empty_17"/></StgValue>
</operation>

<operation id="9" st_id="1" stage="1" lat="1">
<core>NULL</core>
<MemPortIdVec></MemPortIdVec>
<condition id="0">
<or_exp><and_exp></and_exp></or_exp>
</condition>

<Node id="16" bw="32" op_0_bw="32" op_1_bw="32">
<![CDATA[
entry:2  %height_read = call i32 @_ssdm_op_Read.ap_auto.i32(i32 %height)

]]></Node>
<StgValue><ssdm name="height_read"/></StgValue>
</operation>

<operation id="10" st_id="1" stage="1" lat="1">
<core>NULL</core>
<MemPortIdVec></MemPortIdVec>
<condition id="0">
<or_exp><and_exp></and_exp></or_exp>
</condition>

<Node id="17" bw="32" op_0_bw="32" op_1_bw="32">
<![CDATA[
entry:3  %width_read = call i32 @_ssdm_op_Read.ap_auto.i32(i32 %width)

]]></Node>
<StgValue><ssdm name="width_read"/></StgValue>
</operation>

<operation id="11" st_id="1" stage="1" lat="1">
<core>FIFO</core>
<MemPortIdVec></MemPortIdVec>
<condition id="0">
<or_exp><and_exp></and_exp></or_exp>
</condition>

<Node id="18" bw="0" op_0_bw="0" op_1_bw="32" op_2_bw="32">
<![CDATA[
entry:4  call void @_ssdm_op_Write.ap_fifo.i32P(i32* %width_out, i32 %width_read)

]]></Node>
<StgValue><ssdm name=""/></StgValue>
</operation>

<operation id="12" st_id="1" stage="1" lat="1">
<core>NULL</core>
<MemPortIdVec></MemPortIdVec>
<condition id="0">
<or_exp><and_exp></and_exp></or_exp>
</condition>

<Node id="19" bw="32" op_0_bw="32" op_1_bw="32" op_2_bw="0" op_3_bw="32" op_4_bw="32" op_5_bw="0" op_6_bw="32" op_7_bw="32" op_8_bw="0" op_9_bw="0" op_10_bw="0" op_11_bw="32" op_12_bw="32" op_13_bw="32" op_14_bw="32" op_15_bw="0" op_16_bw="0">
<![CDATA[
entry:5  %empty_18 = call i32 (...)* @_ssdm_op_SpecInterface(i32* %height_out, [8 x i8]* @ap_fifo_str, i32 0, i32 0, [1 x i8]* @p_str, i32 0, i32 0, [1 x i8]* @p_str, [1 x i8]* @p_str, [1 x i8]* @p_str, i32 2, i32 2, i32 16, i32 16, [1 x i8]* @p_str, [1 x i8]* @p_str)

]]></Node>
<StgValue><ssdm name="empty_18"/></StgValue>
</operation>

<operation id="13" st_id="1" stage="1" lat="1">
<core>FIFO</core>
<MemPortIdVec></MemPortIdVec>
<condition id="0">
<or_exp><and_exp></and_exp></or_exp>
</condition>

<Node id="20" bw="0" op_0_bw="0" op_1_bw="32" op_2_bw="32">
<![CDATA[
entry:6  call void @_ssdm_op_Write.ap_fifo.i32P(i32* %height_out, i32 %height_read)

]]></Node>
<StgValue><ssdm name=""/></StgValue>
</operation>

<operation id="14" st_id="1" stage="1" lat="1">
<core>NULL</core>
<MemPortIdVec></MemPortIdVec>
<condition id="0">
<or_exp><and_exp></and_exp></or_exp>
</condition>

<Node id="21" bw="0" op_0_bw="0">
<![CDATA[
entry:7  br label %0

]]></Node>
<StgValue><ssdm name=""/></StgValue>
</operation>
</state>

<state id="2" st_id="2">

<operation id="15" st_id="2" stage="1" lat="1">
<core>NULL</core>
<MemPortIdVec></MemPortIdVec>
<condition id="1">
<or_exp><and_exp></and_exp></or_exp>
</condition>

<Node id="23" bw="2" op_0_bw="2" op_1_bw="0">
<![CDATA[
:0  %ik_i = phi i2 [ 0, %entry ], [ %ik, %4 ]

]]></Node>
<StgValue><ssdm name="ik_i"/></StgValue>
</operation>

<operation id="16" st_id="2" stage="1" lat="1">
<core>Cmp</core>
<MemPortIdVec></MemPortIdVec>
<condition id="1">
<or_exp><and_exp></and_exp></or_exp>
</condition>

<Node id="24" bw="1" op_0_bw="2" op_1_bw="2">
<![CDATA[
:1  %exitcond2_i = icmp eq i2 %ik_i, -1

]]></Node>
<StgValue><ssdm name="exitcond2_i"/></StgValue>
</operation>

<operation id="17" st_id="2" stage="1" lat="1">
<core>NULL</core>
<MemPortIdVec></MemPortIdVec>
<condition id="1">
<or_exp><and_exp></and_exp></or_exp>
</condition>

<Node id="25" bw="0" op_0_bw="0" op_1_bw="64" op_2_bw="64" op_3_bw="64">
<![CDATA[
:2  call void (...)* @_ssdm_op_SpecLoopTripCount(i64 3, i64 3, i64 3)

]]></Node>
<StgValue><ssdm name=""/></StgValue>
</operation>

<operation id="18" st_id="2" stage="1" lat="1">
<core>AddSub</core>
<MemPortIdVec></MemPortIdVec>
<condition id="1">
<or_exp><and_exp></and_exp></or_exp>
</condition>

<Node id="26" bw="2" op_0_bw="2" op_1_bw="2">
<![CDATA[
:3  %ik = add i2 %ik_i, 1

]]></Node>
<StgValue><ssdm name="ik"/></StgValue>
</operation>

<operation id="19" st_id="2" stage="1" lat="1">
<core>NULL</core>
<MemPortIdVec></MemPortIdVec>
<condition id="1">
<or_exp><and_exp></and_exp></or_exp>
</condition>

<Node id="27" bw="0" op_0_bw="1" op_1_bw="0" op_2_bw="0">
<![CDATA[
:4  br i1 %exitcond2_i, label %.preheader.i.preheader, label %1

]]></Node>
<StgValue><ssdm name=""/></StgValue>
</operation>

<operation id="20" st_id="2" stage="1" lat="1">
<core>NULL</core>
<MemPortIdVec></MemPortIdVec>
<condition id="3">
<or_exp><and_exp><literal name="exitcond2_i" val="0"/>
</and_exp></or_exp>
</condition>

<Node id="29" bw="0" op_0_bw="0" op_1_bw="0">
<![CDATA[
:0  call void (...)* @_ssdm_op_SpecLoopName([18 x i8]* @p_str1) nounwind

]]></Node>
<StgValue><ssdm name=""/></StgValue>
</operation>

<operation id="21" st_id="2" stage="1" lat="1">
<core>NULL</core>
<MemPortIdVec></MemPortIdVec>
<condition id="3">
<or_exp><and_exp><literal name="exitcond2_i" val="0"/>
</and_exp></or_exp>
</condition>

<Node id="30" bw="32" op_0_bw="32" op_1_bw="0">
<![CDATA[
:1  %tmp_13_i = call i32 (...)* @_ssdm_op_SpecRegionBegin([18 x i8]* @p_str1)

]]></Node>
<StgValue><ssdm name="tmp_13_i"/></StgValue>
</operation>

<operation id="22" st_id="2" stage="1" lat="1">
<core>NULL</core>
<MemPortIdVec></MemPortIdVec>
<condition id="3">
<or_exp><and_exp><literal name="exitcond2_i" val="0"/>
</and_exp></or_exp>
</condition>

<Node id="31" bw="3" op_0_bw="3" op_1_bw="2" op_2_bw="1">
<![CDATA[
:2  %tmp = call i3 @_ssdm_op_BitConcatenate.i3.i2.i1(i2 %ik_i, i1 false)

]]></Node>
<StgValue><ssdm name="tmp"/></StgValue>
</operation>

<operation id="23" st_id="2" stage="1" lat="1">
<core>NULL</core>
<MemPortIdVec></MemPortIdVec>
<condition id="3">
<or_exp><and_exp><literal name="exitcond2_i" val="0"/>
</and_exp></or_exp>
</condition>

<Node id="32" bw="4" op_0_bw="3">
<![CDATA[
:3  %tmp_2_cast = zext i3 %tmp to i4

]]></Node>
<StgValue><ssdm name="tmp_2_cast"/></StgValue>
</operation>

<operation id="24" st_id="2" stage="1" lat="1">
<core>NULL</core>
<MemPortIdVec></MemPortIdVec>
<condition id="3">
<or_exp><and_exp><literal name="exitcond2_i" val="0"/>
</and_exp></or_exp>
</condition>

<Node id="33" bw="0" op_0_bw="0">
<![CDATA[
:4  br label %2

]]></Node>
<StgValue><ssdm name=""/></StgValue>
</operation>

<operation id="25" st_id="2" stage="1" lat="1">
<core>NULL</core>
<MemPortIdVec></MemPortIdVec>
<condition id="5">
<or_exp><and_exp><literal name="exitcond2_i" val="1"/>
</and_exp></or_exp>
</condition>

<Node id="61" bw="0" op_0_bw="0">
<![CDATA[
.preheader.i.preheader:0  br label %.preheader.i

]]></Node>
<StgValue><ssdm name=""/></StgValue>
</operation>
</state>

<state id="3" st_id="3">

<operation id="26" st_id="3" stage="1" lat="1">
<core>NULL</core>
<MemPortIdVec></MemPortIdVec>
<condition id="6">
<or_exp><and_exp></and_exp></or_exp>
</condition>

<Node id="35" bw="2" op_0_bw="2" op_1_bw="0">
<![CDATA[
:0  %jk_i = phi i2 [ 0, %1 ], [ %jk, %3 ]

]]></Node>
<StgValue><ssdm name="jk_i"/></StgValue>
</operation>

<operation id="27" st_id="3" stage="1" lat="1">
<core>Cmp</core>
<MemPortIdVec></MemPortIdVec>
<condition id="6">
<or_exp><and_exp></and_exp></or_exp>
</condition>

<Node id="36" bw="1" op_0_bw="2" op_1_bw="2">
<![CDATA[
:1  %exitcond_i = icmp eq i2 %jk_i, -2

]]></Node>
<StgValue><ssdm name="exitcond_i"/></StgValue>
</operation>

<operation id="28" st_id="3" stage="1" lat="1">
<core>NULL</core>
<MemPortIdVec></MemPortIdVec>
<condition id="6">
<or_exp><and_exp></and_exp></or_exp>
</condition>

<Node id="37" bw="0" op_0_bw="0" op_1_bw="64" op_2_bw="64" op_3_bw="64">
<![CDATA[
:2  call void (...)* @_ssdm_op_SpecLoopTripCount(i64 2, i64 2, i64 2)

]]></Node>
<StgValue><ssdm name=""/></StgValue>
</operation>

<operation id="29" st_id="3" stage="1" lat="1">
<core>AddSub</core>
<MemPortIdVec></MemPortIdVec>
<condition id="6">
<or_exp><and_exp></and_exp></or_exp>
</condition>

<Node id="38" bw="2" op_0_bw="2" op_1_bw="2">
<![CDATA[
:3  %jk = add i2 %jk_i, 1

]]></Node>
<StgValue><ssdm name="jk"/></StgValue>
</operation>

<operation id="30" st_id="3" stage="1" lat="1">
<core>NULL</core>
<MemPortIdVec></MemPortIdVec>
<condition id="6">
<or_exp><and_exp></and_exp></or_exp>
</condition>

<Node id="39" bw="0" op_0_bw="1" op_1_bw="0" op_2_bw="0">
<![CDATA[
:4  br i1 %exitcond_i, label %4, label %3

]]></Node>
<StgValue><ssdm name=""/></StgValue>
</operation>

<operation id="31" st_id="3" stage="1" lat="1">
<core>NULL</core>
<MemPortIdVec></MemPortIdVec>
<condition id="8">
<or_exp><and_exp><literal name="exitcond_i" val="0"/>
</and_exp></or_exp>
</condition>

<Node id="41" bw="0" op_0_bw="0" op_1_bw="0">
<![CDATA[
:0  call void (...)* @_ssdm_op_SpecLoopName([18 x i8]* @p_str2) nounwind

]]></Node>
<StgValue><ssdm name=""/></StgValue>
</operation>

<operation id="32" st_id="3" stage="1" lat="1">
<core>NULL</core>
<MemPortIdVec></MemPortIdVec>
<condition id="8">
<or_exp><and_exp><literal name="exitcond_i" val="0"/>
</and_exp></or_exp>
</condition>

<Node id="42" bw="3" op_0_bw="2">
<![CDATA[
:1  %tmp_15_i = zext i2 %jk_i to i3

]]></Node>
<StgValue><ssdm name="tmp_15_i"/></StgValue>
</operation>

<operation id="33" st_id="3" stage="1" lat="1">
<core>AddSub</core>
<MemPortIdVec></MemPortIdVec>
<condition id="8">
<or_exp><and_exp><literal name="exitcond_i" val="0"/>
</and_exp></or_exp>
</condition>

<Node id="43" bw="3" op_0_bw="3" op_1_bw="3">
<![CDATA[
:2  %tmp_16_t_i = add i3 %tmp_15_i, %tmp

]]></Node>
<StgValue><ssdm name="tmp_16_t_i"/></StgValue>
</operation>

<operation id="34" st_id="3" stage="1" lat="1">
<core>NULL</core>
<MemPortIdVec></MemPortIdVec>
<condition id="8">
<or_exp><and_exp><literal name="exitcond_i" val="0"/>
</and_exp></or_exp>
</condition>

<Node id="44" bw="32" op_0_bw="32" op_1_bw="32">
<![CDATA[
:3  %kernelSrc_0_read = call i32 @_ssdm_op_Read.ap_auto.i32P(i32* %kernelSrc_0)

]]></Node>
<StgValue><ssdm name="kernelSrc_0_read"/></StgValue>
</operation>

<operation id="35" st_id="3" stage="1" lat="1">
<core>NULL</core>
<MemPortIdVec></MemPortIdVec>
<condition id="8">
<or_exp><and_exp><literal name="exitcond_i" val="0"/>
</and_exp></or_exp>
</condition>

<Node id="45" bw="32" op_0_bw="32" op_1_bw="32">
<![CDATA[
:4  %kernelSrc_1_read = call i32 @_ssdm_op_Read.ap_auto.i32P(i32* %kernelSrc_1)

]]></Node>
<StgValue><ssdm name="kernelSrc_1_read"/></StgValue>
</operation>

<operation id="36" st_id="3" stage="1" lat="1">
<core>NULL</core>
<MemPortIdVec></MemPortIdVec>
<condition id="8">
<or_exp><and_exp><literal name="exitcond_i" val="0"/>
</and_exp></or_exp>
</condition>

<Node id="46" bw="32" op_0_bw="32" op_1_bw="32">
<![CDATA[
:5  %kernelSrc_2_read = call i32 @_ssdm_op_Read.ap_auto.i32P(i32* %kernelSrc_2)

]]></Node>
<StgValue><ssdm name="kernelSrc_2_read"/></StgValue>
</operation>

<operation id="37" st_id="3" stage="1" lat="1">
<core>NULL</core>
<MemPortIdVec></MemPortIdVec>
<condition id="8">
<or_exp><and_exp><literal name="exitcond_i" val="0"/>
</and_exp></or_exp>
</condition>

<Node id="47" bw="32" op_0_bw="32" op_1_bw="32">
<![CDATA[
:6  %kernelSrc_3_read = call i32 @_ssdm_op_Read.ap_auto.i32P(i32* %kernelSrc_3)

]]></Node>
<StgValue><ssdm name="kernelSrc_3_read"/></StgValue>
</operation>

<operation id="38" st_id="3" stage="1" lat="1">
<core>NULL</core>
<MemPortIdVec></MemPortIdVec>
<condition id="8">
<or_exp><and_exp><literal name="exitcond_i" val="0"/>
</and_exp></or_exp>
</condition>

<Node id="48" bw="32" op_0_bw="32" op_1_bw="32">
<![CDATA[
:7  %kernelSrc_4_read = call i32 @_ssdm_op_Read.ap_auto.i32P(i32* %kernelSrc_4)

]]></Node>
<StgValue><ssdm name="kernelSrc_4_read"/></StgValue>
</operation>

<operation id="39" st_id="3" stage="1" lat="1">
<core>NULL</core>
<MemPortIdVec></MemPortIdVec>
<condition id="8">
<or_exp><and_exp><literal name="exitcond_i" val="0"/>
</and_exp></or_exp>
</condition>

<Node id="49" bw="32" op_0_bw="32" op_1_bw="32">
<![CDATA[
:8  %kernelSrc_5_read = call i32 @_ssdm_op_Read.ap_auto.i32P(i32* %kernelSrc_5)

]]></Node>
<StgValue><ssdm name="kernelSrc_5_read"/></StgValue>
</operation>

<operation id="40" st_id="3" stage="1" lat="1">
<core>MuxnS</core>
<MemPortIdVec></MemPortIdVec>
<condition id="8">
<or_exp><and_exp><literal name="exitcond_i" val="0"/>
</and_exp></or_exp>
</condition>

<Node id="50" bw="32" op_0_bw="32" op_1_bw="32" op_2_bw="32" op_3_bw="32" op_4_bw="32" op_5_bw="32" op_6_bw="32" op_7_bw="3">
<![CDATA[
:9  %value = call i32 @_ssdm_op_Mux.ap_auto.6i32.i3(i32 %kernelSrc_0_read, i32 %kernelSrc_1_read, i32 %kernelSrc_2_read, i32 %kernelSrc_3_read, i32 %kernelSrc_4_read, i32 %kernelSrc_5_read, i3 %tmp_16_t_i)

]]></Node>
<StgValue><ssdm name="value"/></StgValue>
</operation>

<operation id="41" st_id="3" stage="1" lat="1">
<core>NULL</core>
<MemPortIdVec></MemPortIdVec>
<condition id="8">
<or_exp><and_exp><literal name="exitcond_i" val="0"/>
</and_exp></or_exp>
</condition>

<Node id="51" bw="4" op_0_bw="2">
<![CDATA[
:10  %tmp_4_i_cast = zext i2 %jk_i to i4

]]></Node>
<StgValue><ssdm name="tmp_4_i_cast"/></StgValue>
</operation>

<operation id="42" st_id="3" stage="1" lat="1">
<core>AddSub</core>
<MemPortIdVec></MemPortIdVec>
<condition id="8">
<or_exp><and_exp><literal name="exitcond_i" val="0"/>
</and_exp></or_exp>
</condition>

<Node id="52" bw="4" op_0_bw="4" op_1_bw="4">
<![CDATA[
:11  %tmp_3 = add i4 %tmp_2_cast, %tmp_4_i_cast

]]></Node>
<StgValue><ssdm name="tmp_3"/></StgValue>
</operation>

<operation id="43" st_id="3" stage="1" lat="1">
<core>NULL</core>
<MemPortIdVec></MemPortIdVec>
<condition id="8">
<or_exp><and_exp><literal name="exitcond_i" val="0"/>
</and_exp></or_exp>
</condition>

<Node id="53" bw="64" op_0_bw="4">
<![CDATA[
:12  %tmp_3_cast = zext i4 %tmp_3 to i64

]]></Node>
<StgValue><ssdm name="tmp_3_cast"/></StgValue>
</operation>

<operation id="44" st_id="3" stage="1" lat="1">
<core>NULL</core>
<MemPortIdVec></MemPortIdVec>
<condition id="8">
<or_exp><and_exp><literal name="exitcond_i" val="0"/>
</and_exp></or_exp>
</condition>

<Node id="54" bw="3" op_0_bw="32" op_1_bw="64" op_2_bw="64">
<![CDATA[
:13  %kernel_addr = getelementptr [6 x i32]* %kernel, i64 0, i64 %tmp_3_cast

]]></Node>
<StgValue><ssdm name="kernel_addr"/></StgValue>
</operation>

<operation id="45" st_id="3" stage="1" lat="1">
<core>RAM</core>
<MemPortIdVec></MemPortIdVec>
<condition id="8">
<or_exp><and_exp><literal name="exitcond_i" val="0"/>
</and_exp></or_exp>
</condition>

<Node id="55" bw="0" op_0_bw="32" op_1_bw="3">
<![CDATA[
:14  store i32 %value, i32* %kernel_addr, align 4

]]></Node>
<StgValue><ssdm name=""/></StgValue>
</operation>

<operation id="46" st_id="3" stage="1" lat="1">
<core>NULL</core>
<MemPortIdVec></MemPortIdVec>
<condition id="8">
<or_exp><and_exp><literal name="exitcond_i" val="0"/>
</and_exp></or_exp>
</condition>

<Node id="56" bw="0" op_0_bw="0">
<![CDATA[
:15  br label %2

]]></Node>
<StgValue><ssdm name=""/></StgValue>
</operation>

<operation id="47" st_id="3" stage="1" lat="1">
<core>NULL</core>
<MemPortIdVec></MemPortIdVec>
<condition id="10">
<or_exp><and_exp><literal name="exitcond_i" val="1"/>
</and_exp></or_exp>
</condition>

<Node id="58" bw="32" op_0_bw="32" op_1_bw="0" op_2_bw="32">
<![CDATA[
:0  %empty_19 = call i32 (...)* @_ssdm_op_SpecRegionEnd([18 x i8]* @p_str1, i32 %tmp_13_i)

]]></Node>
<StgValue><ssdm name="empty_19"/></StgValue>
</operation>

<operation id="48" st_id="3" stage="1" lat="1">
<core>NULL</core>
<MemPortIdVec></MemPortIdVec>
<condition id="10">
<or_exp><and_exp><literal name="exitcond_i" val="1"/>
</and_exp></or_exp>
</condition>

<Node id="59" bw="0" op_0_bw="0">
<![CDATA[
:1  br label %0

]]></Node>
<StgValue><ssdm name=""/></StgValue>
</operation>
</state>

<state id="4" st_id="4">

<operation id="49" st_id="4" stage="1" lat="1">
<core>NULL</core>
<MemPortIdVec></MemPortIdVec>
<condition id="11">
<or_exp><and_exp></and_exp></or_exp>
</condition>

<Node id="63" bw="31" op_0_bw="31" op_1_bw="0">
<![CDATA[
.preheader.i:0  %i_i = phi i31 [ %i, %8 ], [ 0, %.preheader.i.preheader ]

]]></Node>
<StgValue><ssdm name="i_i"/></StgValue>
</operation>

<operation id="50" st_id="4" stage="1" lat="1">
<core>NULL</core>
<MemPortIdVec></MemPortIdVec>
<condition id="11">
<or_exp><and_exp></and_exp></or_exp>
</condition>

<Node id="64" bw="32" op_0_bw="32" op_1_bw="0">
<![CDATA[
.preheader.i:1  %phi_mul = phi i32 [ %next_mul, %8 ], [ 0, %.preheader.i.preheader ]

]]></Node>
<StgValue><ssdm name="phi_mul"/></StgValue>
</operation>

<operation id="51" st_id="4" stage="1" lat="1">
<core>AddSub</core>
<MemPortIdVec></MemPortIdVec>
<condition id="11">
<or_exp><and_exp></and_exp></or_exp>
</condition>

<Node id="65" bw="32" op_0_bw="32" op_1_bw="32">
<![CDATA[
.preheader.i:2  %next_mul = add i32 %phi_mul, %width_read

]]></Node>
<StgValue><ssdm name="next_mul"/></StgValue>
</operation>

<operation id="52" st_id="4" stage="1" lat="1">
<core>NULL</core>
<MemPortIdVec></MemPortIdVec>
<condition id="11">
<or_exp><and_exp></and_exp></or_exp>
</condition>

<Node id="66" bw="32" op_0_bw="31">
<![CDATA[
.preheader.i:3  %i_cast_i = zext i31 %i_i to i32

]]></Node>
<StgValue><ssdm name="i_cast_i"/></StgValue>
</operation>

<operation id="53" st_id="4" stage="1" lat="1">
<core>Cmp</core>
<MemPortIdVec></MemPortIdVec>
<condition id="11">
<or_exp><and_exp></and_exp></or_exp>
</condition>

<Node id="67" bw="1" op_0_bw="32" op_1_bw="32">
<![CDATA[
.preheader.i:4  %tmp_1_i = icmp slt i32 %i_cast_i, %height_read

]]></Node>
<StgValue><ssdm name="tmp_1_i"/></StgValue>
</operation>

<operation id="54" st_id="4" stage="1" lat="1">
<core>AddSub</core>
<MemPortIdVec></MemPortIdVec>
<condition id="11">
<or_exp><and_exp></and_exp></or_exp>
</condition>

<Node id="68" bw="31" op_0_bw="31" op_1_bw="31">
<![CDATA[
.preheader.i:5  %i = add i31 %i_i, 1

]]></Node>
<StgValue><ssdm name="i"/></StgValue>
</operation>

<operation id="55" st_id="4" stage="1" lat="1">
<core>NULL</core>
<MemPortIdVec></MemPortIdVec>
<condition id="11">
<or_exp><and_exp></and_exp></or_exp>
</condition>

<Node id="69" bw="0" op_0_bw="1" op_1_bw="0" op_2_bw="0">
<![CDATA[
.preheader.i:6  br i1 %tmp_1_i, label %5, label %.exit

]]></Node>
<StgValue><ssdm name=""/></StgValue>
</operation>

<operation id="56" st_id="4" stage="1" lat="1">
<core>NULL</core>
<MemPortIdVec></MemPortIdVec>
<condition id="13">
<or_exp><and_exp><literal name="tmp_1_i" val="1"/>
</and_exp></or_exp>
</condition>

<Node id="71" bw="0" op_0_bw="0" op_1_bw="0">
<![CDATA[
:0  call void (...)* @_ssdm_op_SpecLoopName([17 x i8]* @p_str3) nounwind

]]></Node>
<StgValue><ssdm name=""/></StgValue>
</operation>

<operation id="57" st_id="4" stage="1" lat="1">
<core>NULL</core>
<MemPortIdVec></MemPortIdVec>
<condition id="13">
<or_exp><and_exp><literal name="tmp_1_i" val="1"/>
</and_exp></or_exp>
</condition>

<Node id="72" bw="32" op_0_bw="32" op_1_bw="0">
<![CDATA[
:1  %tmp_14_i = call i32 (...)* @_ssdm_op_SpecRegionBegin([17 x i8]* @p_str3)

]]></Node>
<StgValue><ssdm name="tmp_14_i"/></StgValue>
</operation>

<operation id="58" st_id="4" stage="1" lat="1">
<core>NULL</core>
<MemPortIdVec></MemPortIdVec>
<condition id="13">
<or_exp><and_exp><literal name="tmp_1_i" val="1"/>
</and_exp></or_exp>
</condition>

<Node id="73" bw="0" op_0_bw="0" op_1_bw="32" op_2_bw="32" op_3_bw="32" op_4_bw="0">
<![CDATA[
:2  call void (...)* @_ssdm_op_SpecLoopTripCount(i32 0, i32 108, i32 0, [1 x i8]* @p_str4) nounwind

]]></Node>
<StgValue><ssdm name=""/></StgValue>
</operation>

<operation id="59" st_id="4" stage="1" lat="1">
<core>NULL</core>
<MemPortIdVec></MemPortIdVec>
<condition id="13">
<or_exp><and_exp><literal name="tmp_1_i" val="1"/>
</and_exp></or_exp>
</condition>

<Node id="74" bw="0" op_0_bw="0">
<![CDATA[
:3  br label %6

]]></Node>
<StgValue><ssdm name=""/></StgValue>
</operation>

<operation id="60" st_id="4" stage="1" lat="1">
<core>NULL</core>
<MemPortIdVec></MemPortIdVec>
<condition id="15">
<or_exp><and_exp><literal name="tmp_1_i" val="0"/>
</and_exp></or_exp>
</condition>

<Node id="96" bw="0">
<![CDATA[
.exit:0  ret void

]]></Node>
<StgValue><ssdm name=""/></StgValue>
</operation>
</state>

<state id="5" st_id="5">

<operation id="61" st_id="5" stage="1" lat="1">
<core>NULL</core>
<MemPortIdVec></MemPortIdVec>
<condition id="16">
<or_exp><and_exp></and_exp></or_exp>
</condition>

<Node id="76" bw="31" op_0_bw="31" op_1_bw="0">
<![CDATA[
:0  %j_i = phi i31 [ 0, %5 ], [ %j, %7 ]

]]></Node>
<StgValue><ssdm name="j_i"/></StgValue>
</operation>

<operation id="62" st_id="5" stage="1" lat="1">
<core>NULL</core>
<MemPortIdVec></MemPortIdVec>
<condition id="16">
<or_exp><and_exp></and_exp></or_exp>
</condition>

<Node id="77" bw="32" op_0_bw="31">
<![CDATA[
:1  %j_cast_i = zext i31 %j_i to i32

]]></Node>
<StgValue><ssdm name="j_cast_i"/></StgValue>
</operation>

<operation id="63" st_id="5" stage="1" lat="1">
<core>Cmp</core>
<MemPortIdVec></MemPortIdVec>
<condition id="16">
<or_exp><and_exp></and_exp></or_exp>
</condition>

<Node id="78" bw="1" op_0_bw="32" op_1_bw="32">
<![CDATA[
:2  %tmp_3_i = icmp slt i32 %j_cast_i, %width_read

]]></Node>
<StgValue><ssdm name="tmp_3_i"/></StgValue>
</operation>

<operation id="64" st_id="5" stage="1" lat="1">
<core>AddSub</core>
<MemPortIdVec></MemPortIdVec>
<condition id="16">
<or_exp><and_exp></and_exp></or_exp>
</condition>

<Node id="79" bw="31" op_0_bw="31" op_1_bw="31">
<![CDATA[
:3  %j = add i31 %j_i, 1

]]></Node>
<StgValue><ssdm name="j"/></StgValue>
</operation>

<operation id="65" st_id="5" stage="1" lat="1">
<core>NULL</core>
<MemPortIdVec></MemPortIdVec>
<condition id="16">
<or_exp><and_exp></and_exp></or_exp>
</condition>

<Node id="80" bw="0" op_0_bw="1" op_1_bw="0" op_2_bw="0">
<![CDATA[
:4  br i1 %tmp_3_i, label %7, label %8

]]></Node>
<StgValue><ssdm name=""/></StgValue>
</operation>

<operation id="66" st_id="5" stage="1" lat="1">
<core>AddSub</core>
<MemPortIdVec></MemPortIdVec>
<condition id="18">
<or_exp><and_exp><literal name="tmp_3_i" val="1"/>
</and_exp></or_exp>
</condition>

<Node id="85" bw="32" op_0_bw="32" op_1_bw="32">
<![CDATA[
:3  %tmp_6_i = add nsw i32 %phi_mul, %j_cast_i

]]></Node>
<StgValue><ssdm name="tmp_6_i"/></StgValue>
</operation>

<operation id="67" st_id="5" stage="1" lat="1">
<core>NULL</core>
<MemPortIdVec></MemPortIdVec>
<condition id="18">
<or_exp><and_exp><literal name="tmp_3_i" val="1"/>
</and_exp></or_exp>
</condition>

<Node id="86" bw="64" op_0_bw="32">
<![CDATA[
:4  %tmp_7_i = sext i32 %tmp_6_i to i64

]]></Node>
<StgValue><ssdm name="tmp_7_i"/></StgValue>
</operation>

<operation id="68" st_id="5" stage="1" lat="1">
<core>NULL</core>
<MemPortIdVec></MemPortIdVec>
<condition id="18">
<or_exp><and_exp><literal name="tmp_3_i" val="1"/>
</and_exp></or_exp>
</condition>

<Node id="87" bw="15" op_0_bw="32" op_1_bw="64" op_2_bw="64">
<![CDATA[
:5  %src_addr = getelementptr [20736 x i32]* %src, i64 0, i64 %tmp_7_i

]]></Node>
<StgValue><ssdm name="src_addr"/></StgValue>
</operation>

<operation id="69" st_id="5" stage="2" lat="2">
<core>RAM</core>
<MemPortIdVec></MemPortIdVec>
<condition id="18">
<or_exp><and_exp><literal name="tmp_3_i" val="1"/>
</and_exp></or_exp>
</condition>

<Node id="88" bw="32" op_0_bw="15">
<![CDATA[
:6  %value_2 = load i32* %src_addr, align 4

]]></Node>
<StgValue><ssdm name="value_2"/></StgValue>
</operation>

<operation id="70" st_id="5" stage="1" lat="1">
<core>NULL</core>
<MemPortIdVec></MemPortIdVec>
<condition id="20">
<or_exp><and_exp><literal name="tmp_3_i" val="0"/>
</and_exp></or_exp>
</condition>

<Node id="93" bw="32" op_0_bw="32" op_1_bw="0" op_2_bw="32">
<![CDATA[
:0  %empty_21 = call i32 (...)* @_ssdm_op_SpecRegionEnd([17 x i8]* @p_str3, i32 %tmp_14_i)

]]></Node>
<StgValue><ssdm name="empty_21"/></StgValue>
</operation>

<operation id="71" st_id="5" stage="1" lat="1">
<core>NULL</core>
<MemPortIdVec></MemPortIdVec>
<condition id="20">
<or_exp><and_exp><literal name="tmp_3_i" val="0"/>
</and_exp></or_exp>
</condition>

<Node id="94" bw="0" op_0_bw="0">
<![CDATA[
:1  br label %.preheader.i

]]></Node>
<StgValue><ssdm name=""/></StgValue>
</operation>
</state>

<state id="6" st_id="6">

<operation id="72" st_id="6" stage="1" lat="1">
<core>NULL</core>
<MemPortIdVec></MemPortIdVec>
<condition id="21">
<or_exp><and_exp></and_exp></or_exp>
</condition>

<Node id="82" bw="0" op_0_bw="0" op_1_bw="0">
<![CDATA[
:0  call void (...)* @_ssdm_op_SpecLoopName([17 x i8]* @p_str5) nounwind

]]></Node>
<StgValue><ssdm name=""/></StgValue>
</operation>

<operation id="73" st_id="6" stage="1" lat="1">
<core>NULL</core>
<MemPortIdVec></MemPortIdVec>
<condition id="21">
<or_exp><and_exp></and_exp></or_exp>
</condition>

<Node id="83" bw="32" op_0_bw="32" op_1_bw="0">
<![CDATA[
:1  %tmp_18_i = call i32 (...)* @_ssdm_op_SpecRegionBegin([17 x i8]* @p_str5)

]]></Node>
<StgValue><ssdm name="tmp_18_i"/></StgValue>
</operation>

<operation id="74" st_id="6" stage="1" lat="1">
<core>NULL</core>
<MemPortIdVec></MemPortIdVec>
<condition id="21">
<or_exp><and_exp></and_exp></or_exp>
</condition>

<Node id="84" bw="0" op_0_bw="0" op_1_bw="32" op_2_bw="32" op_3_bw="32" op_4_bw="0">
<![CDATA[
:2  call void (...)* @_ssdm_op_SpecLoopTripCount(i32 0, i32 192, i32 0, [1 x i8]* @p_str4) nounwind

]]></Node>
<StgValue><ssdm name=""/></StgValue>
</operation>

<operation id="75" st_id="6" stage="1" lat="2">
<core>RAM</core>
<MemPortIdVec></MemPortIdVec>
<condition id="21">
<or_exp><and_exp></and_exp></or_exp>
</condition>

<Node id="88" bw="32" op_0_bw="15">
<![CDATA[
:6  %value_2 = load i32* %src_addr, align 4

]]></Node>
<StgValue><ssdm name="value_2"/></StgValue>
</operation>

<operation id="76" st_id="6" stage="1" lat="1">
<core>FIFO</core>
<MemPortIdVec></MemPortIdVec>
<condition id="21">
<or_exp><and_exp></and_exp></or_exp>
</condition>

<Node id="89" bw="0" op_0_bw="0" op_1_bw="32" op_2_bw="32">
<![CDATA[
:7  call void @_ssdm_op_Write.ap_fifo.volatile.i32P(i32* %image_V, i32 %value_2)

]]></Node>
<StgValue><ssdm name=""/></StgValue>
</operation>

<operation id="77" st_id="6" stage="1" lat="1">
<core>NULL</core>
<MemPortIdVec></MemPortIdVec>
<condition id="21">
<or_exp><and_exp></and_exp></or_exp>
</condition>

<Node id="90" bw="32" op_0_bw="32" op_1_bw="0" op_2_bw="32">
<![CDATA[
:8  %empty_20 = call i32 (...)* @_ssdm_op_SpecRegionEnd([17 x i8]* @p_str5, i32 %tmp_18_i)

]]></Node>
<StgValue><ssdm name="empty_20"/></StgValue>
</operation>

<operation id="78" st_id="6" stage="1" lat="1">
<core>NULL</core>
<MemPortIdVec></MemPortIdVec>
<condition id="21">
<or_exp><and_exp></and_exp></or_exp>
</condition>

<Node id="91" bw="0" op_0_bw="0">
<![CDATA[
:9  br label %6

]]></Node>
<StgValue><ssdm name=""/></StgValue>
</operation>
</state>
</state_list>


<ports>
</ports>


<dataflows>
</dataflows>


</stg>
