<profile>

<section name = "Vivado HLS Report for 'readFromMemory'" level="0">
<item name = "Date">Mon Dec 16 22:55:07 2024
</item>
<item name = "Version">2018.1 (Build 2188600 on Wed Apr 04 19:04:02 MDT 2018)</item>
<item name = "Project">Convolution2D</item>
<item name = "Solution">solution1</item>
<item name = "Product family">zynq</item>
<item name = "Target device">xc7z020clg484-1</item>
</section>

<section name = "Performance Estimates" level="0">
<item name = "Timing (ns)">
<section name = "" level="1">
<item name = "Summary"><table name="" hasTotal="0">
<keys size="4">Clock, Target, Estimated, Uncertainty</keys>
<column name="ap_clk">10.00, 6.89, 1.25</column>
</table>
</item>
</section>
</item>
<item name = "Latency (clock cycles)">
<section name = "" level="1">
<item name = "Summary"><table name="" hasTotal="0">
<keys size="6">, min, max, min, max, Type</keys>
<column name="">14, 41702, 14, 41702, none</column>
</table>
</item>
<item name = "Detail">
<section name = "" level="1">
<item name = "Instance"><table name="" hasTotal="0">
<keys size="7">Instance, Module, min, max, min, max, Type</keys>
</table>
</item>
<item name = "Loop"><table name="" hasTotal="0">
<keys size="8">Loop Name, min, max, Latency, achieved, target, Count, Pipelined</keys>
<column name="- READ_KERNEL_OUTER">12, 12, 4, -, -, 3, no</column>
<column name=" + READ_KERNEL_INNER">2, 2, 1, -, -, 2, no</column>
<column name="- READ_IMAGE_OUTER">0, 41688, 2 ~ 386, -, -, 0 ~ 108, no</column>
<column name=" + READ_IMAGE_INNER">0, 384, 2, -, -, 0 ~ 192, no</column>
</table>
</item>
</section>
</item>
</section>
</item>
</section>
</profile>
