<stg><name>readFromMemory</name>


<trans_list>

<trans id="79" from="1" to="2">
<condition id="23">
<or_exp><and_exp></and_exp></or_exp>
</condition>
</trans>

<trans id="80" from="2" to="3">
<condition id="25">
<or_exp><and_exp><literal name="exitcond2_i" val="0"/>
</and_exp></or_exp>
</condition>
</trans>

<trans id="83" from="2" to="4">
<condition id="31">
<or_exp><and_exp><literal name="exitcond2_i" val="1"/>
</and_exp></or_exp>
</condition>
</trans>

<trans id="81" from="3" to="3">
<condition id="27">
<or_exp><and_exp><literal name="exitcond_i" val="0"/>
</and_exp></or_exp>
</condition>
</trans>

<trans id="82" from="3" to="2">
<condition id="29">
<or_exp><and_exp><literal name="exitcond_i" val="1"/>
</and_exp></or_exp>
</condition>
</trans>

<trans id="84" from="4" to="5">
<condition id="33">
<or_exp><and_exp><literal name="tmp_1_i" val="1"/>
</and_exp></or_exp>
</condition>
</trans>

<trans id="85" from="5" to="6">
<condition id="34">
<or_exp><and_exp><literal name="tmp_3_i" val="1"/>
</and_exp></or_exp>
</condition>
</trans>

<trans id="88" from="5" to="4">
<condition id="39">
<or_exp><and_exp><literal name="tmp_3_i" val="0"/>
</and_exp></or_exp>
</condition>
</trans>

<trans id="87" from="6" to="5">
<condition id="37">
<or_exp><and_exp></and_exp></or_exp>
</condition>
</trans>
</trans_list>



<state_list>

<state id="1" st_id="1">

<operation id="7" st_id="1" stage="1" lat="1">
<core>NULL</core>
<MemPortIdVec></MemPortIdVec>
<condition id="0">
<or_exp><and_exp></and_exp></or_exp>
</condition>

<Node id="14" bw="32" op_0_bw="32" op_1_bw="32" op_2_bw="0" op_3_bw="32" op_4_bw="32" op_5_bw="0" op_6_bw="32" op_7_bw="32" op_8_bw="0" op_9_bw="0" op_10_bw="0" op_11_bw="32" op_12_bw="32" op_13_bw="32" op_14_bw="32" op_15_bw="0" op_16_bw="0">
<![CDATA[
entry:0  %empty = call i32 (...)* @_ssdm_op_SpecInterface(i32* %image_V, [8 x i8]* @ap_fifo_str, i32 0, i32 0, [1 x i8]* @p_str, i32 0, i32 0, [1 x i8]* @p_str, [1 x i8]* @p_str, [1 x i8]* @p_str, i32 2, i32 2, i32 16, i32 16, [1 x i8]* @p_str, [1 x i8]* @p_str)

]]></Node>
<StgValue><ssdm name="empty"/></StgValue>
</operation>

<operation id="8" st_id="1" stage="1" lat="1">
<core>NULL</core>
<MemPortIdVec></MemPortIdVec>
<condition id="0">
<or_exp><and_exp></and_exp></or_exp>
</condition>

<Node id="15" bw="32" op_0_bw="32" op_1_bw="32" op_2_bw="0" op_3_bw="32" op_4_bw="32" op_5_bw="0" op_6_bw="32" op_7_bw="32" op_8_bw="0" op_9_bw="0" op_10_bw="0" op_11_bw="32" op_12_bw="32" op_13_bw="32" op_14_bw="32" op_15_bw="0" op_16_bw="0">
<![CDATA[
entry:1  %empty_17 = call i32 (...)* @_ssdm_op_SpecInterface(i32* %width_out, [8 x i8]* @ap_fifo_str, i32 0, i32 0, [1 x i8]* @p_str, i32 0, i32 0, [1 x i8]* @p_str, [1 x i8]* @p_str, [1 x i8]* @p_str, i32 2, i32 2, i32 16, i32 16, [1 x i8]* @p_str, [1 x i8]* @p_str)

]]></Node>
<StgValue><ssdm name="empty_17"/></StgValue>
</operation>

<operation id="9" st_id="1" stage="1" lat="1">
<core>NULL</core>
<MemPortIdVec></MemPortIdVec>
<condition id="0">
<or_exp><and_exp></and_exp></or_exp>
</condition>

<Node id="16" bw="32" op_0_bw="32" op_1_bw="32">
<![CDATA[
entry:2  %height_read = call i32 @_ssdm_op_Read.ap_auto.i32(i32 %height)

]]></Node>
<StgValue><ssdm name="height_read"/></StgValue>
</operation>

<operation id="10" st_id="1" stage="1" lat="1">
<core>NULL</core>
<MemPortIdVec></MemPortIdVec>
<condition id="0">
<or_exp><and_exp></and_exp></or_exp>
</condition>

<Node id="17" bw="32" op_0_bw="32" op_1_bw="32">
<![CDATA[
entry:3  %width_read = call i32 @_ssdm_op_Read.ap_auto.i32(i32 %width)

]]></Node>
<StgValue><ssdm name="width_read"/></StgValue>
</operation>

<operation id="11" st_id="1" stage="1" lat="1">
<core>FIFO</core>
<MemPortIdVec></MemPortIdVec>
<condition id="0">
<or_exp><and_exp></and_exp></or_exp>
</condition>

<Node id="18" bw="0" op_0_bw="0" op_1_bw="32" op_2_bw="32">
<![CDATA[
entry:4  call void @_ssdm_op_Write.ap_fifo.i32P(i32* %width_out, i32 %width_read)

]]></Node>
<StgValue><ssdm name=""/></StgValue>
</operation>

<operation id="12" st_id="1" stage="1" lat="1">
<core>NULL</core>
<MemPortIdVec></MemPortIdVec>
<condition id="0">
<or_exp><and_exp></and_exp></or_exp>
</condition>

<Node id="19" bw="32" op_0_bw="32" op_1_bw="32" op_2_bw="0" op_3_bw="32" op_4_bw="32" op_5_bw="0" op_6_bw="32" op_7_bw="32" op_8_bw="0" op_9_bw="0" op_10_bw="0" op_11_bw="32" op_12_bw="32" op_13_bw="32" op_14_bw="32" op_15_bw="0" op_16_bw="0">
<![CDATA[
entry:5  %empty_18 = call i32 (...)* @_ssdm_op_SpecInterface(i32* %height_out, [8 x i8]* @ap_fifo_str, i32 0, i32 0, [1 x i8]* @p_str, i32 0, i32 0, [1 x i8]* @p_str, [1 x i8]* @p_str, [1 x i8]* @p_str, i32 2, i32 2, i32 16, i32 16, [1 x i8]* @p_str, [1 x i8]* @p_str)

]]></Node>
<StgValue><ssdm name="empty_18"/></StgValue>
</operation>

<operation id="13" st_id="1" stage="1" lat="1">
<core>FIFO</core>
<MemPortIdVec></MemPortIdVec>
<condition id="0">
<or_exp><and_exp></and_exp></or_exp>
</condition>

<Node id="20" bw="0" op_0_bw="0" op_1_bw="32" op_2_bw="32">
<![CDATA[
entry:6  call void @_ssdm_op_Write.ap_fifo.i32P(i32* %height_out, i32 %height_read)

]]></Node>
<StgValue><ssdm name=""/></StgValue>
</operation>

<operation id="14" st_id="1" stage="1" lat="1">
<core>NULL</core>
<MemPortIdVec></MemPortIdVec>
<condition id="0">
<or_exp><and_exp></and_exp></or_exp>
</condition>

<Node id="21" bw="0" op_0_bw="0">
<![CDATA[
entry:7  br label %0

]]></Node>
<StgValue><ssdm name=""/></StgValue>
</operation>
</state>

<state id="2" st_id="2">

<operation id="15" st_id="2" stage="1" lat="1">
<core>NULL</core>
<MemPortIdVec></MemPortIdVec>
<condition id="1">
<or_exp><and_exp></and_exp></or_exp>
</condition>

<Node id="23" bw="2" op_0_bw="2" op_1_bw="0">
<![CDATA[
:0  %ik_i = phi i2 [ 0, %entry ], [ %ik, %4 ]

]]></Node>
<StgValue><ssdm name="ik_i"/></StgValue>
</operation>

<operation id="16" st_id="2" stage="1" lat="1">
<core>Cmp</core>
<MemPortIdVec></MemPortIdVec>
<condition id="1">
<or_exp><and_exp></and_exp></or_exp>
</condition>

<Node id="24" bw="1" op_0_bw="2" op_1_bw="2">
<![CDATA[
:1  %exitcond2_i = icmp eq i2 %ik_i, -1

]]></Node>
<StgValue><ssdm name="exitcond2_i"/></StgValue>
</operation>

<operation id="17" st_id="2" stage="1" lat="1">
<core>NULL</core>
<MemPortIdVec></MemPortIdVec>
<condition id="1">
<or_exp><and_exp></and_exp></or_exp>
</condition>

<Node id="25" bw="0" op_0_bw="0" op_1_bw="64" op_2_bw="64" op_3_bw="64">
<![CDATA[
:2  call void (...)* @_ssdm_op_SpecLoopTripCount(i64 3, i64 3, i64 3)

]]></Node>
<StgValue><ssdm name=""/></StgValue>
</operation>

<operation id="18" st_id="2" stage="1" lat="1">
<core>AddSub</core>
<MemPortIdVec></MemPortIdVec>
<condition id="1">
<or_exp><and_exp></and_exp></or_exp>
</condition>

<Node id="26" bw="2" op_0_bw="2" op_1_bw="2">
<![CDATA[
:3  %ik = add i2 %ik_i, 1

]]></Node>
<StgValue><ssdm name="ik"/></StgValue>
</operation>

<operation id="19" st_id="2" stage="1" lat="1">
<core>NULL</core>
<MemPortIdVec></MemPortIdVec>
<condition id="1">
<or_exp><and_exp></and_exp></or_exp>
</condition>

<Node id="27" bw="0" op_0_bw="1" op_1_bw="0" op_2_bw="0">
<![CDATA[
:4  br i1 %exitcond2_i, label %.preheader.i.preheader, label %1

]]></Node>
<StgValue><ssdm name=""/></StgValue>
</operation>

<operation id="20" st_id="2" stage="1" lat="1">
<core>NULL</core>
<MemPortIdVec></MemPortIdVec>
<condition id="3">
<or_exp><and_exp><literal name="exitcond2_i" val="0"/>
</and_exp></or_exp>
</condition>

<Node id="29" bw="0" op_0_bw="0" op_1_bw="0">
<![CDATA[
:0  call void (...)* @_ssdm_op_SpecLoopName([18 x i8]* @p_str1) nounwind

]]></Node>
<StgValue><ssdm name=""/></StgValue>
</operation>

<operation id="21" st_id="2" stage="1" lat="1">
<core>NULL</core>
<MemPortIdVec></MemPortIdVec>
<condition id="3">
<or_exp><and_exp><literal name="exitcond2_i" val="0"/>
</and_exp></or_exp>
</condition>

<Node id="30" bw="32" op_0_bw="32" op_1_bw="0">
<![CDATA[
:1  %tmp_13_i = call i32 (...)* @_ssdm_op_SpecRegionBegin([18 x i8]* @p_str1)

]]></Node>
<StgValue><ssdm name="tmp_13_i"/></StgValue>
</operation>

<operation id="22" st_id="2" stage="1" lat="1">
<core>NULL</core>
<MemPortIdVec></MemPortIdVec>
<condition id="3">
<or_exp><and_exp><literal name="exitcond2_i" val="0"/>
</and_exp></or_exp>
</condition>

<Node id="31" bw="3" op_0_bw="3" op_1_bw="2" op_2_bw="1">
<![CDATA[
:2  %tmp = call i3 @_ssdm_op_BitConcatenate.i3.i2.i1(i2 %ik_i, i1 false)

]]></Node>
<StgValue><ssdm name="tmp"/></StgValue>
</operation>

<operation id="23" st_id="2" stage="1" lat="1">
<core>NULL</core>
<MemPortIdVec></MemPortIdVec>
<condition id="3">
<or_exp><and_exp><literal name="exitcond2_i" val="0"/>
</and_exp></or_exp>
</condition>

<Node id="32" bw="4" op_0_bw="3">
<![CDATA[
:3  %tmp_2_cast = zext i3 %tmp to i4

]]></Node>
<StgValue><ssdm name="tmp_2_cast"/></StgValue>
</operation>

<operation id="24" st_id="2" stage="1" lat="1">
<core>NULL</core>
<MemPortIdVec></MemPortIdVec>
<condition id="3">
<or_exp><and_exp><literal name="exitcond2_i" val="0"/>
</and_exp></or_exp>
</condition>

<Node id="33" bw="0" op_0_bw="0">
<![CDATA[
:4  br label %2

]]></Node>
<StgValue><ssdm name=""/></StgValue>
</operation>

<operation id="25" st_id="2" stage="1" lat="1">
<core>NULL</core>
<MemPortIdVec></MemPortIdVec>
<condition id="5">
<or_exp><and_exp><literal name="exitcond2_i" val="1"/>
</and_exp></or_exp>
</condition>

<Node id="61" bw="0" op_0_bw="0">
<![CDATA[
.preheader.i.preheader:0  br label %.preheader.i

]]></Node>
<StgValue><ssdm name=""/></StgValue>
</operation>
</state>

<state id="3" st_id="3">

<operation id="26" st_id="3" stage="1" lat="1">
<core>NULL</core>
<MemPortIdVec></MemPortIdVec>
<condition id="6">
<or_exp><and_exp></and_exp></or_exp>
</condition>

<Node id="35" bw="2" op_0_bw="2" op_1_bw="0">
<![CDATA[
:0  %jk_i = phi i2 [ 0, %1 ], [ %jk, %3 ]

]]></Node>
<StgValue><ssdm name="jk_i"/></StgValue>
</operation>

<operation id="27" st_id="3" stage="1" lat="1">
<core>Cmp</core>
<MemPortIdVec></MemPortIdVec>
<condition id="6">
<or_exp><and_exp></and_exp></or_exp>
</condition>

<Node id="36" bw="1" op_0_bw="2" op_1_bw="2">
<![CDATA[
:1  %exitcond_i = icmp eq i2 %jk_i, -2

]]></Node>
<StgValue><ssdm name="exitcond_i"/></StgValue>
</operation>

<operation id="28" st_id="3" stage="1" lat="1">
<core>NULL</core>
<MemPortIdVec></MemPortIdVec>
<condition id="6">
<or_exp><and_exp></and_exp></or_exp>
</condition>

<Node id="37" bw="0" op_0_bw="0" op_1_bw="64" op_2_bw="64" op_3_bw="64">
<![CDATA[
:2  call void (...)* @_ssdm_op_SpecLoopTripCount(i64 2, i64 2, i64 2)

]]></Node>
<StgValue><ssdm name=""/></StgValue>
</operation>

<operation id="29" st_id="3" stage="1" lat="1">
<core>AddSub</core>
<MemPortIdVec></MemPortIdVec>
<condition id="6">
<or_exp><and_exp></and_exp></or_exp>
</condition>

<Node id="38" bw="2" op_0_bw="2" op_1_bw="2">
<![CDATA[
:3  %jk = add i2 %jk_i, 1

]]></Node>
<StgValue><ssdm name="jk"/></StgValue>
</operation>

<operation id="30" st_id="3" stage="1" lat="1">
<core>NULL</core>
<MemPortIdVec></MemPortIdVec>
<condition id="6">
<or_exp><and_exp></and_exp></or_exp>
</condition>

<Node id="39" bw="0" op_0_bw="1" op_1_bw="0" op_2_bw="0">
<![CDATA[
:4  br i1 %exitcond_i, label %4, label %3

]]></Node>
<StgValue><ssdm name=""/></StgValue>
</operation>

<operation id="31" st_id="3" stage="1" lat="1">
<core>NULL</core>
<MemPortIdVec></MemPortIdVec>
<condition id="8">
<or_exp><and_exp><literal name="exitcond_i" val="0"/>
</and_exp></or_exp>
</condition>

<Node id="41" bw="0" op_0_bw="0" op_1_bw="0">
<![CDATA[
:0  call void (...)* @_ssdm_op_SpecLoopName([18 x i8]* @p_str2) nounwind

]]></Node>
<StgValue><ssdm name=""/></StgValue>
</operation>

<operation id="32" st_id="3" stage="1" lat="1">
<core>NULL</core>
<MemPortIdVec></MemPortIdVec>
<condition id="8">
<or_exp><and_exp><literal name="exitcond_i" val="0"/>
</and_exp></or_exp>
</condition>

<Node id="42" bw="3" op_0_bw="2">
<![CDATA[
:1  %tmp_15_i = zext i2 %jk_i to i3

]]></Node>
<StgValue><ssdm name="tmp_15_i"/></StgValue>
</operation>

<operation id="33" st_id="3" stage="1" lat="1">
<core>AddSub</core>
<MemPortIdVec></MemPortIdVec>
<condition id="8">
<or_exp><and_exp><literal name="exitcond_i" val="0"/>
</and_exp></or_exp>
</condition>

<Node id="43" bw="3" op_0_bw="3" op_1_bw="3">
<![CDATA[
:2  %tmp_16_t_i = add i3 %tmp_15_i, %tmp

]]></Node>
<StgValue><ssdm name="tmp_16_t_i"/></StgValue>
</operation>

<operation id="34" st_id="3" stage="1" lat="1">
<core>NULL</core>
<MemPortIdVec></MemPortIdVec>
<condition id="8">
<or_exp><and_exp><literal name="exitcond_i" val="0"/>
</and_exp></or_exp>
</condition>

<Node id="44" bw="32" op_0_bw="32" op_1_bw="32">
<![CDATA[
:3  %kernelSrc_0_read = call i32 @_ssdm_op_Read.ap_auto.i32P(i32* %kernelSrc_0)

]]></Node>
<StgValue><ssdm name="kernelSrc_0_read"/></StgValue>
</operation>

<operation id="35" st_id="3" stage="1" lat="1">
<core>NULL</core>
<MemPortIdVec></MemPortIdVec>
<condition id="8">
<or_exp><and_exp><literal name="exitcond_i" val="0"/>
</and_exp></or_exp>
</condition>

<Node id="45" bw="32" op_0_bw="32" op_1_bw="32">
<![CDATA[
:4  %kernelSrc_1_read = call i32 @_ssdm_op_Read.ap_auto.i32P(i32* %kernelSrc_1)

]]></Node>
<StgValue><ssdm name="kernelSrc_1_read"/></StgValue>
</operation>

<operation id="36" st_id="3" stage="1" lat="1">
<core>NULL</core>
<MemPortIdVec></MemPortIdVec>
<condition id="8">
<or_exp><and_exp><literal name="exitcond_i" val="0"/>
</and_exp></or_exp>
</condition>

<Node id="46" bw="32" op_0_bw="32" op_1_bw="32">
<![CDATA[
:5  %kernelSrc_2_read = call i32 @_ssdm_op_Read.ap_auto.i32P(i32* %kernelSrc_2)

]]></Node>
<StgValue><ssdm name="kernelSrc_2_read"/></StgValue>
</operation>

<operation id="37" st_id="3" stage="1" lat="1">
<core>NULL</core>
<MemPortIdVec></MemPortIdVec>
<condition id="8">
<or_exp><and_exp><literal name="exitcond_i" val="0"/>
</and_exp></or_exp>
</condition>

<Node id="47" bw="32" op_0_bw="32" op_1_bw="32">
<![CDATA[
:6  %kernelSrc_3_read = call i32 @_ssdm_op_Read.ap_auto.i32P(i32* %kernelSrc_3)

]]></Node>
<StgValue><ssdm name="kernelSrc_3_read"/></StgValue>
</operation>

<operation id="38" st_id="3" stage="1" lat="1">
<core>NULL</core>
<MemPortIdVec></MemPortIdVec>
<condition id="8">
<or_exp><and_exp><literal name="exitcond_i" val="0"/>
</and_exp></or_exp>
</condition>

<Node id="48" bw="32" op_0_bw="32" op_1_bw="32">
<![CDATA[
:7  %kernelSrc_4_read = call i32 @_ssdm_op_Read.ap_auto.i32P(i32* %kernelSrc_4)

]]></Node>
<StgValue><ssdm name="kernelSrc_4_read"/></StgValue>
</operation>

<operation id="39" st_id="3" stage="1" lat="1">
<core>NULL</core>
<MemPortIdVec></MemPortIdVec>
<condition id="8">
<or_exp><and_exp><literal name="exitcond_i" val="0"/>
</and_exp></or_exp>
</condition>

<Node id="49" bw="32" op_0_bw="32" op_1_bw="32">
<![CDATA[
:8  %kernelSrc_5_read = call i32 @_ssdm_op_Read.ap_auto.i32P(i32* %kernelSrc_5)

]]></Node>
<StgValue><ssdm name="kernelSrc_5_read"/></StgValue>
</operation>

<operation id="40" st_id="3" stage="1" lat="1">
<core>MuxnS</core>
<MemPortIdVec></MemPortIdVec>
<condition id="8">
<or_exp><and_exp><literal name="exitcond_i" val="0"/>
</and_exp></or_exp>
</condition>

<Node id="50" bw="32" op_0_bw="32" op_1_bw="32" op_2_bw="32" op_3_bw="32" op_4_bw="32" op_5_bw="32" op_6_bw="32" op_7_bw="3">
<![CDATA[
:9  %value = call i32 @_ssdm_op_Mux.ap_auto.6i32.i3(i32 %kernelSrc_0_read, i32 %kernelSrc_1_read, i32 %kernelSrc_2_read, i32 %kernelSrc_3_read, i32 %kernelSrc_4_read, i32 %kernelSrc_5_read, i3 %tmp_16_t_i)

]]></Node>
<StgValue><ssdm name="value"/></StgValue>
</operation>

<operation id="41" st_id="3" stage="1" lat="1">
<core>NULL</core>
<MemPortIdVec></MemPortIdVec>
<condition id="8">
<or_exp><and_exp><literal name="exitcond_i" val="0"/>
</and_exp></or_exp>
</condition>

<Node id="51" bw="4" op_0_bw="2">
<![CDATA[
:10  %tmp_4_i_cast = zext i2 %jk_i to i4

]]></Node>
<StgValue><ssdm name="tmp_4_i_cast"/></StgValue>
</operation>

<operation id="42" st_id="3" stage="1" lat="1">
<core>AddSub</core>
<MemPortIdVec></MemPortIdVec>
<condition id="8">
<or_exp><and_exp><literal name="exitcond_i" val="0"/>
</and_exp></or_exp>
</condition>

<Node id="52" bw="4" op_0_bw="4" op_1_bw="4">
<![CDATA[
:11  %tmp_3 = add i4 %tmp_2_cast, %tmp_4_i_cast

]]></Node>
<StgValue><ssdm name="tmp_3"/></StgValue>
</operation>

<operation id="43" st_id="3" stage="1" lat="1">
<core>NULL</core>
<MemPortIdVec></MemPortIdVec>
<condition id="8">
<or_exp><and_exp><literal name="exitcond_i" val="0"/>
</and_exp></or_exp>
</condition>

<Node id="53" bw="64" op_0_bw="4">
<![CDATA[
:12  %tmp_3_cast = zext i4 %tmp_3 to i64

]]></Node>
<StgValue><ssdm name="tmp_3_cast"/></StgValue>
</operation>

<operation id="44" st_id="3" stage="1" lat="1">
<core>NULL</core>
<MemPortIdVec></MemPortIdVec>
<condition id="8">
<or_exp><and_exp><literal name="exitcond_i" val="0"/>
</and_exp></or_exp>
</condition>

<Node id="54" bw="3" op_0_bw="32" op_1_bw="64" op_2_bw="64">
<![CDATA[
:13  %kernel_addr = getelementptr [6 x i32]* %kernel, i64 0, i64 %tmp_3_cast

]]></Node>
<StgValue><ssdm name="kernel_addr"/></StgValue>
</operation>

<operation id="45" st_id="3" stage="1" lat="1">
<core>RAM</core>
<MemPortIdVec>0 </MemPortIdVec>
<condition id="8">
<or_exp><and_exp><literal name="exitcond_i" val="0"/>
</and_exp></or_exp>
</condition>

<Node id="55" bw="0" op_0_bw="32" op_1_bw="3">
<![CDATA[
:14  store i32 %value, i32* %kernel_addr, align 4

]]></Node>
<StgValue><ssdm name=""/></StgValue>
</operation>

<operation id="46" st_id="3" stage="1" lat="1">
<core>NULL</core>
<MemPortIdVec></MemPortIdVec>
<condition id="8">
<or_exp><and_exp><literal name="exitcond_i" val="0"/>
</and_exp></or_exp>
</condition>

<Node id="56" bw="0" op_0_bw="0">
<![CDATA[
:15  br label %2

]]></Node>
<StgValue><ssdm name=""/></StgValue>
</operation>

<operation id="47" st_id="3" stage="1" lat="1">
<core>NULL</core>
<MemPortIdVec></MemPortIdVec>
<condition id="10">
<or_exp><and_exp><literal name="exitcond_i" val="1"/>
</and_exp></or_exp>
</condition>

<Node id="58" bw="32" op_0_bw="32" op_1_bw="0" op_2_bw="32">
<![CDATA[
:0  %empty_19 = call i32 (...)* @_ssdm_op_SpecRegionEnd([18 x i8]* @p_str1, i32 %tmp_13_i)

]]></Node>
<StgValue><ssdm name="empty_19"/></StgValue>
</operation>

<operation id="48" st_id="3" stage="1" lat="1">
<core>NULL</core>
<MemPortIdVec></MemPortIdVec>
<condition id="10">
<or_exp><and_exp><literal name="exitcond_i" val="1"/>
</and_exp></or_exp>
</condition>

<Node id="59" bw="0" op_0_bw="0">
<![CDATA[
:1  br label %0

]]></Node>
<StgValue><ssdm name=""/></StgValue>
</operation>
</state>

<state id="4" st_id="4">

<operation id="49" st_id="4" stage="1" lat="1">
<core>NULL</core>
<MemPortIdVec></MemPortIdVec>
<condition id="11">
<or_exp><and_exp></and_exp></or_exp>
</condition>

<Node id="63" bw="31" op_0_bw="31" op_1_bw="0">
<![CDATA[
.preheader.i:0  %i_i = phi i31 [ %i, %8 ], [ 0, %.preheader.i.preheader ]

]]></Node>
<StgValue><ssdm name="i_i"/></StgValue>
</operation>

<operation id="50" st_id="4" stage="1" lat="1">
<core>NULL</core>
<MemPortIdVec></MemPortIdVec>
<condition id="11">
<or_exp><and_exp></and_exp></or_exp>
</condition>

<Node id="64" bw="32" op_0_bw="32" op_1_bw="0">
<![CDATA[
.preheader.i:1  %phi_mul = phi i32 [ %next_mul, %8 ], [ 0, %.preheader.i.preheader ]

]]></Node>
<StgValue><ssdm name="phi_mul"/></StgValue>
</operation>

<operation id="51" st_id="4" stage="1" lat="1">
<core>AddSub</core>
<MemPortIdVec></MemPortIdVec>
<condition id="11">
<or_exp><and_exp></and_exp></or_exp>
</condition>

<Node id="65" bw="32" op_0_bw="32" op_1_bw="32">
<![CDATA[
.preheader.i:2  %next_mul = add i32 %phi_mul, %width_read

]]></Node>
<StgValue><ssdm name="next_mul"/></StgValue>
</operation>

<operation id="52" st_id="4" stage="1" lat="1">
<core>NULL</core>
<MemPortIdVec></MemPortIdVec>
<condition id="11">
<or_exp><and_exp></and_exp></or_exp>
</condition>

<Node id="66" bw="32" op_0_bw="31">
<![CDATA[
.preheader.i:3  %i_cast_i = zext i31 %i_i to i32

]]></Node>
<StgValue><ssdm name="i_cast_i"/></StgValue>
</operation>

<operation id="53" st_id="4" stage="1" lat="1">
<core>Cmp</core>
<MemPortIdVec></MemPortIdVec>
<condition id="11">
<or_exp><and_exp></and_exp></or_exp>
</condition>

<Node id="67" bw="1" op_0_bw="32" op_1_bw="32">
<![CDATA[
.preheader.i:4  %tmp_1_i = icmp slt i32 %i_cast_i, %height_read

]]></Node>
<StgValue><ssdm name="tmp_1_i"/></StgValue>
</operation>

<operation id="54" st_id="4" stage="1" lat="1">
<core>AddSub</core>
<MemPortIdVec></MemPortIdVec>
<condition id="11">
<or_exp><and_exp></and_exp></or_exp>
</condition>

<Node id="68" bw="31" op_0_bw="31" op_1_bw="31">
<![CDATA[
.preheader.i:5  %i = add i31 %i_i, 1

]]></Node>
<StgValue><ssdm name="i"/></StgValue>
</operation>

<operation id="55" st_id="4" stage="1" lat="1">
<core>NULL</core>
<MemPortIdVec></MemPortIdVec>
<condition id="11">
<or_exp><and_exp></and_exp></or_exp>
</condition>

<Node id="69" bw="0" op_0_bw="1" op_1_bw="0" op_2_bw="0">
<![CDATA[
.preheader.i:6  br i1 %tmp_1_i, label %5, label %.exit

]]></Node>
<StgValue><ssdm name=""/></StgValue>
</operation>

<operation id="56" st_id="4" stage="1" lat="1">
<core>NULL</core>
<MemPortIdVec></MemPortIdVec>
<condition id="13">
<or_exp><and_exp><literal name="tmp_1_i" val="1"/>
</and_exp></or_exp>
</condition>

<Node id="71" bw="0" op_0_bw="0" op_1_bw="0">
<![CDATA[
:0  call void (...)* @_ssdm_op_SpecLoopName([17 x i8]* @p_str3) nounwind

]]></Node>
<StgValue><ssdm name=""/></StgValue>
</operation>

<operation id="57" st_id="4" stage="1" lat="1">
<core>NULL</core>
<MemPortIdVec></MemPortIdVec>
<condition id="13">
<or_exp><and_exp><literal name="tmp_1_i" val="1"/>
</and_exp></or_exp>
</condition>

<Node id="72" bw="32" op_0_bw="32" op_1_bw="0">
<![CDATA[
:1  %tmp_14_i = call i32 (...)* @_ssdm_op_SpecRegionBegin([17 x i8]* @p_str3)

]]></Node>
<StgValue><ssdm name="tmp_14_i"/></StgValue>
</operation>

<operation id="58" st_id="4" stage="1" lat="1">
<core>NULL</core>
<MemPortIdVec></MemPortIdVec>
<condition id="13">
<or_exp><and_exp><literal name="tmp_1_i" val="1"/>
</and_exp></or_exp>
</condition>

<Node id="73" bw="0" op_0_bw="0" op_1_bw="32" op_2_bw="32" op_3_bw="32" op_4_bw="0">
<![CDATA[
:2  call void (...)* @_ssdm_op_SpecLoopTripCount(i32 0, i32 108, i32 0, [1 x i8]* @p_str4) nounwind

]]></Node>
<StgValue><ssdm name=""/></StgValue>
</operation>

<operation id="59" st_id="4" stage="1" lat="1">
<core>NULL</core>
<MemPortIdVec></MemPortIdVec>
<condition id="13">
<or_exp><and_exp><literal name="tmp_1_i" val="1"/>
</and_exp></or_exp>
</condition>

<Node id="74" bw="0" op_0_bw="0">
<![CDATA[
:3  br label %6

]]></Node>
<StgValue><ssdm name=""/></StgValue>
</operation>

<operation id="60" st_id="4" stage="1" lat="1">
<core>NULL</core>
<MemPortIdVec></MemPortIdVec>
<condition id="15">
<or_exp><and_exp><literal name="tmp_1_i" val="0"/>
</and_exp></or_exp>
</condition>

<Node id="96" bw="0">
<![CDATA[
.exit:0  ret void

]]></Node>
<StgValue><ssdm name=""/></StgValue>
</operation>
</state>

<state id="5" st_id="5">

<operation id="61" st_id="5" stage="1" lat="1">
<core>NULL</core>
<MemPortIdVec></MemPortIdVec>
<condition id="16">
<or_exp><and_exp></and_exp></or_exp>
</condition>

<Node id="76" bw="31" op_0_bw="31" op_1_bw="0">
<![CDATA[
:0  %j_i = phi i31 [ 0, %5 ], [ %j, %7 ]

]]></Node>
<StgValue><ssdm name="j_i"/></StgValue>
</operation>

<operation id="62" st_id="5" stage="1" lat="1">
<core>NULL</core>
<MemPortIdVec></MemPortIdVec>
<condition id="16">
<or_exp><and_exp></and_exp></or_exp>
</condition>

<Node id="77" bw="32" op_0_bw="31">
<![CDATA[
:1  %j_cast_i = zext i31 %j_i to i32

]]></Node>
<StgValue><ssdm name="j_cast_i"/></StgValue>
</operation>

<operation id="63" st_id="5" stage="1" lat="1">
<core>Cmp</core>
<MemPortIdVec></MemPortIdVec>
<condition id="16">
<or_exp><and_exp></and_exp></or_exp>
</condition>

<Node id="78" bw="1" op_0_bw="32" op_1_bw="32">
<![CDATA[
:2  %tmp_3_i = icmp slt i32 %j_cast_i, %width_read

]]></Node>
<StgValue><ssdm name="tmp_3_i"/></StgValue>
</operation>

<operation id="64" st_id="5" stage="1" lat="1">
<core>AddSub</core>
<MemPortIdVec></MemPortIdVec>
<condition id="16">
<or_exp><and_exp></and_exp></or_exp>
</condition>

<Node id="79" bw="31" op_0_bw="31" op_1_bw="31">
<![CDATA[
:3  %j = add i31 %j_i, 1

]]></Node>
<StgValue><ssdm name="j"/></StgValue>
</operation>

<operation id="65" st_id="5" stage="1" lat="1">
<core>NULL</core>
<MemPortIdVec></MemPortIdVec>
<condition id="16">
<or_exp><and_exp></and_exp></or_exp>
</condition>

<Node id="80" bw="0" op_0_bw="1" op_1_bw="0" op_2_bw="0">
<![CDATA[
:4  br i1 %tmp_3_i, label %7, label %8

]]></Node>
<StgValue><ssdm name=""/></StgValue>
</operation>

<operation id="66" st_id="5" stage="1" lat="1">
<core>AddSub</core>
<MemPortIdVec></MemPortIdVec>
<condition id="18">
<or_exp><and_exp><literal name="tmp_3_i" val="1"/>
</and_exp></or_exp>
</condition>

<Node id="85" bw="32" op_0_bw="32" op_1_bw="32">
<![CDATA[
:3  %tmp_6_i = add nsw i32 %phi_mul, %j_cast_i

]]></Node>
<StgValue><ssdm name="tmp_6_i"/></StgValue>
</operation>

<operation id="67" st_id="5" stage="1" lat="1">
<core>NULL</core>
<MemPortIdVec></MemPortIdVec>
<condition id="18">
<or_exp><and_exp><literal name="tmp_3_i" val="1"/>
</and_exp></or_exp>
</condition>

<Node id="86" bw="64" op_0_bw="32">
<![CDATA[
:4  %tmp_7_i = sext i32 %tmp_6_i to i64

]]></Node>
<StgValue><ssdm name="tmp_7_i"/></StgValue>
</operation>

<operation id="68" st_id="5" stage="1" lat="1">
<core>NULL</core>
<MemPortIdVec></MemPortIdVec>
<condition id="18">
<or_exp><and_exp><literal name="tmp_3_i" val="1"/>
</and_exp></or_exp>
</condition>

<Node id="87" bw="15" op_0_bw="32" op_1_bw="64" op_2_bw="64">
<![CDATA[
:5  %src_addr = getelementptr [20736 x i32]* %src, i64 0, i64 %tmp_7_i

]]></Node>
<StgValue><ssdm name="src_addr"/></StgValue>
</operation>

<operation id="69" st_id="5" stage="2" lat="2">
<core>RAM</core>
<MemPortIdVec>0 </MemPortIdVec>
<condition id="18">
<or_exp><and_exp><literal name="tmp_3_i" val="1"/>
</and_exp></or_exp>
</condition>

<Node id="88" bw="32" op_0_bw="15">
<![CDATA[
:6  %value_2 = load i32* %src_addr, align 4

]]></Node>
<StgValue><ssdm name="value_2"/></StgValue>
</operation>

<operation id="70" st_id="5" stage="1" lat="1">
<core>NULL</core>
<MemPortIdVec></MemPortIdVec>
<condition id="20">
<or_exp><and_exp><literal name="tmp_3_i" val="0"/>
</and_exp></or_exp>
</condition>

<Node id="93" bw="32" op_0_bw="32" op_1_bw="0" op_2_bw="32">
<![CDATA[
:0  %empty_21 = call i32 (...)* @_ssdm_op_SpecRegionEnd([17 x i8]* @p_str3, i32 %tmp_14_i)

]]></Node>
<StgValue><ssdm name="empty_21"/></StgValue>
</operation>

<operation id="71" st_id="5" stage="1" lat="1">
<core>NULL</core>
<MemPortIdVec></MemPortIdVec>
<condition id="20">
<or_exp><and_exp><literal name="tmp_3_i" val="0"/>
</and_exp></or_exp>
</condition>

<Node id="94" bw="0" op_0_bw="0">
<![CDATA[
:1  br label %.preheader.i

]]></Node>
<StgValue><ssdm name=""/></StgValue>
</operation>
</state>

<state id="6" st_id="6">

<operation id="72" st_id="6" stage="1" lat="1">
<core>NULL</core>
<MemPortIdVec></MemPortIdVec>
<condition id="21">
<or_exp><and_exp></and_exp></or_exp>
</condition>

<Node id="82" bw="0" op_0_bw="0" op_1_bw="0">
<![CDATA[
:0  call void (...)* @_ssdm_op_SpecLoopName([17 x i8]* @p_str5) nounwind

]]></Node>
<StgValue><ssdm name=""/></StgValue>
</operation>

<operation id="73" st_id="6" stage="1" lat="1">
<core>NULL</core>
<MemPortIdVec></MemPortIdVec>
<condition id="21">
<or_exp><and_exp></and_exp></or_exp>
</condition>

<Node id="83" bw="32" op_0_bw="32" op_1_bw="0">
<![CDATA[
:1  %tmp_18_i = call i32 (...)* @_ssdm_op_SpecRegionBegin([17 x i8]* @p_str5)

]]></Node>
<StgValue><ssdm name="tmp_18_i"/></StgValue>
</operation>

<operation id="74" st_id="6" stage="1" lat="1">
<core>NULL</core>
<MemPortIdVec></MemPortIdVec>
<condition id="21">
<or_exp><and_exp></and_exp></or_exp>
</condition>

<Node id="84" bw="0" op_0_bw="0" op_1_bw="32" op_2_bw="32" op_3_bw="32" op_4_bw="0">
<![CDATA[
:2  call void (...)* @_ssdm_op_SpecLoopTripCount(i32 0, i32 192, i32 0, [1 x i8]* @p_str4) nounwind

]]></Node>
<StgValue><ssdm name=""/></StgValue>
</operation>

<operation id="75" st_id="6" stage="1" lat="2">
<core>RAM</core>
<MemPortIdVec>0 </MemPortIdVec>
<condition id="21">
<or_exp><and_exp></and_exp></or_exp>
</condition>

<Node id="88" bw="32" op_0_bw="15">
<![CDATA[
:6  %value_2 = load i32* %src_addr, align 4

]]></Node>
<StgValue><ssdm name="value_2"/></StgValue>
</operation>

<operation id="76" st_id="6" stage="1" lat="1">
<core>FIFO</core>
<MemPortIdVec></MemPortIdVec>
<condition id="21">
<or_exp><and_exp></and_exp></or_exp>
</condition>

<Node id="89" bw="0" op_0_bw="0" op_1_bw="32" op_2_bw="32">
<![CDATA[
:7  call void @_ssdm_op_Write.ap_fifo.volatile.i32P(i32* %image_V, i32 %value_2)

]]></Node>
<StgValue><ssdm name=""/></StgValue>
</operation>

<operation id="77" st_id="6" stage="1" lat="1">
<core>NULL</core>
<MemPortIdVec></MemPortIdVec>
<condition id="21">
<or_exp><and_exp></and_exp></or_exp>
</condition>

<Node id="90" bw="32" op_0_bw="32" op_1_bw="0" op_2_bw="32">
<![CDATA[
:8  %empty_20 = call i32 (...)* @_ssdm_op_SpecRegionEnd([17 x i8]* @p_str5, i32 %tmp_18_i)

]]></Node>
<StgValue><ssdm name="empty_20"/></StgValue>
</operation>

<operation id="78" st_id="6" stage="1" lat="1">
<core>NULL</core>
<MemPortIdVec></MemPortIdVec>
<condition id="21">
<or_exp><and_exp></and_exp></or_exp>
</condition>

<Node id="91" bw="0" op_0_bw="0">
<![CDATA[
:9  br label %6

]]></Node>
<StgValue><ssdm name=""/></StgValue>
</operation>
</state>
</state_list>


<ports>
<port id="89" name="width" dir="0" iftype="0">
<core>NULL</core><StgValue><ssdm name="width"/></StgValue>
</port>
<port id="90" name="height" dir="0" iftype="0">
<core>NULL</core><StgValue><ssdm name="height"/></StgValue>
</port>
<port id="91" name="kernelSrc_0" dir="0" iftype="0">
<core>NULL</core><StgValue><ssdm name="kernelSrc_0"/></StgValue>
</port>
<port id="92" name="kernelSrc_1" dir="0" iftype="0">
<core>NULL</core><StgValue><ssdm name="kernelSrc_1"/></StgValue>
</port>
<port id="93" name="kernelSrc_2" dir="0" iftype="0">
<core>NULL</core><StgValue><ssdm name="kernelSrc_2"/></StgValue>
</port>
<port id="94" name="kernelSrc_3" dir="0" iftype="0">
<core>NULL</core><StgValue><ssdm name="kernelSrc_3"/></StgValue>
</port>
<port id="95" name="kernelSrc_4" dir="0" iftype="0">
<core>NULL</core><StgValue><ssdm name="kernelSrc_4"/></StgValue>
</port>
<port id="96" name="kernelSrc_5" dir="0" iftype="0">
<core>NULL</core><StgValue><ssdm name="kernelSrc_5"/></StgValue>
</port>
<port id="97" name="kernel" dir="1" iftype="1">
<core>RAM</core><StgValue><ssdm name="kernel"/><MemPortTyVec>0 3 </MemPortTyVec>
</StgValue>
</port>
<port id="98" name="src" dir="0" iftype="1">
<core>RAM</core><StgValue><ssdm name="src"/><MemPortTyVec>1 3 </MemPortTyVec>
</StgValue>
</port>
<port id="99" name="image_V" dir="1" iftype="3">
<core>FIFO</core><StgValue><ssdm name="image_V"/></StgValue>
</port>
<port id="100" name="width_out" dir="1" iftype="3">
<core>FIFO</core><StgValue><ssdm name="width_out"/></StgValue>
</port>
<port id="101" name="height_out" dir="1" iftype="3">
<core>FIFO</core><StgValue><ssdm name="height_out"/></StgValue>
</port>
</ports>


<dataflows>
<dataflow id="103" from="_ssdm_op_SpecInterface" to="empty" fromId="102" toId="7">
</dataflow>
<dataflow id="104" from="image_V" to="empty" fromId="99" toId="7">
</dataflow>
<dataflow id="106" from="ap_fifo_str" to="empty" fromId="105" toId="7">
</dataflow>
<dataflow id="108" from="StgValue_107" to="empty" fromId="107" toId="7">
</dataflow>
<dataflow id="109" from="StgValue_107" to="empty" fromId="107" toId="7">
</dataflow>
<dataflow id="111" from="p_str" to="empty" fromId="110" toId="7">
</dataflow>
<dataflow id="112" from="StgValue_107" to="empty" fromId="107" toId="7">
</dataflow>
<dataflow id="113" from="StgValue_107" to="empty" fromId="107" toId="7">
</dataflow>
<dataflow id="114" from="p_str" to="empty" fromId="110" toId="7">
</dataflow>
<dataflow id="115" from="p_str" to="empty" fromId="110" toId="7">
</dataflow>
<dataflow id="116" from="p_str" to="empty" fromId="110" toId="7">
</dataflow>
<dataflow id="118" from="StgValue_117" to="empty" fromId="117" toId="7">
</dataflow>
<dataflow id="119" from="StgValue_117" to="empty" fromId="117" toId="7">
</dataflow>
<dataflow id="121" from="StgValue_120" to="empty" fromId="120" toId="7">
</dataflow>
<dataflow id="122" from="StgValue_120" to="empty" fromId="120" toId="7">
</dataflow>
<dataflow id="123" from="p_str" to="empty" fromId="110" toId="7">
</dataflow>
<dataflow id="124" from="p_str" to="empty" fromId="110" toId="7">
</dataflow>
<dataflow id="125" from="_ssdm_op_SpecInterface" to="empty_17" fromId="102" toId="8">
</dataflow>
<dataflow id="126" from="width_out" to="empty_17" fromId="100" toId="8">
</dataflow>
<dataflow id="127" from="ap_fifo_str" to="empty_17" fromId="105" toId="8">
</dataflow>
<dataflow id="128" from="StgValue_107" to="empty_17" fromId="107" toId="8">
</dataflow>
<dataflow id="129" from="StgValue_107" to="empty_17" fromId="107" toId="8">
</dataflow>
<dataflow id="130" from="p_str" to="empty_17" fromId="110" toId="8">
</dataflow>
<dataflow id="131" from="StgValue_107" to="empty_17" fromId="107" toId="8">
</dataflow>
<dataflow id="132" from="StgValue_107" to="empty_17" fromId="107" toId="8">
</dataflow>
<dataflow id="133" from="p_str" to="empty_17" fromId="110" toId="8">
</dataflow>
<dataflow id="134" from="p_str" to="empty_17" fromId="110" toId="8">
</dataflow>
<dataflow id="135" from="p_str" to="empty_17" fromId="110" toId="8">
</dataflow>
<dataflow id="136" from="StgValue_117" to="empty_17" fromId="117" toId="8">
</dataflow>
<dataflow id="137" from="StgValue_117" to="empty_17" fromId="117" toId="8">
</dataflow>
<dataflow id="138" from="StgValue_120" to="empty_17" fromId="120" toId="8">
</dataflow>
<dataflow id="139" from="StgValue_120" to="empty_17" fromId="120" toId="8">
</dataflow>
<dataflow id="140" from="p_str" to="empty_17" fromId="110" toId="8">
</dataflow>
<dataflow id="141" from="p_str" to="empty_17" fromId="110" toId="8">
</dataflow>
<dataflow id="143" from="_ssdm_op_Read.ap_auto.i32" to="height_read" fromId="142" toId="9">
</dataflow>
<dataflow id="144" from="height" to="height_read" fromId="90" toId="9">
</dataflow>
<dataflow id="145" from="_ssdm_op_Read.ap_auto.i32" to="width_read" fromId="142" toId="10">
</dataflow>
<dataflow id="146" from="width" to="width_read" fromId="89" toId="10">
</dataflow>
<dataflow id="148" from="_ssdm_op_Write.ap_fifo.i32P" to="StgValue_11" fromId="147" toId="11">
</dataflow>
<dataflow id="149" from="width_out" to="StgValue_11" fromId="100" toId="11">
</dataflow>
<dataflow id="150" from="width_read" to="StgValue_11" fromId="10" toId="11">
</dataflow>
<dataflow id="151" from="_ssdm_op_SpecInterface" to="empty_18" fromId="102" toId="12">
</dataflow>
<dataflow id="152" from="height_out" to="empty_18" fromId="101" toId="12">
</dataflow>
<dataflow id="153" from="ap_fifo_str" to="empty_18" fromId="105" toId="12">
</dataflow>
<dataflow id="154" from="StgValue_107" to="empty_18" fromId="107" toId="12">
</dataflow>
<dataflow id="155" from="StgValue_107" to="empty_18" fromId="107" toId="12">
</dataflow>
<dataflow id="156" from="p_str" to="empty_18" fromId="110" toId="12">
</dataflow>
<dataflow id="157" from="StgValue_107" to="empty_18" fromId="107" toId="12">
</dataflow>
<dataflow id="158" from="StgValue_107" to="empty_18" fromId="107" toId="12">
</dataflow>
<dataflow id="159" from="p_str" to="empty_18" fromId="110" toId="12">
</dataflow>
<dataflow id="160" from="p_str" to="empty_18" fromId="110" toId="12">
</dataflow>
<dataflow id="161" from="p_str" to="empty_18" fromId="110" toId="12">
</dataflow>
<dataflow id="162" from="StgValue_117" to="empty_18" fromId="117" toId="12">
</dataflow>
<dataflow id="163" from="StgValue_117" to="empty_18" fromId="117" toId="12">
</dataflow>
<dataflow id="164" from="StgValue_120" to="empty_18" fromId="120" toId="12">
</dataflow>
<dataflow id="165" from="StgValue_120" to="empty_18" fromId="120" toId="12">
</dataflow>
<dataflow id="166" from="p_str" to="empty_18" fromId="110" toId="12">
</dataflow>
<dataflow id="167" from="p_str" to="empty_18" fromId="110" toId="12">
</dataflow>
<dataflow id="168" from="_ssdm_op_Write.ap_fifo.i32P" to="StgValue_13" fromId="147" toId="13">
</dataflow>
<dataflow id="169" from="height_out" to="StgValue_13" fromId="101" toId="13">
</dataflow>
<dataflow id="170" from="height_read" to="StgValue_13" fromId="9" toId="13">
</dataflow>
<dataflow id="172" from="StgValue_171" to="ik_i" fromId="171" toId="15">
<condition id="53">
<or_exp><and_exp></and_exp></or_exp>
</condition>
</dataflow>
<dataflow id="173" from="StgValue_14" to="ik_i" fromId="14" toId="15">
</dataflow>
<dataflow id="174" from="ik" to="ik_i" fromId="18" toId="15">
<BackEdge/>
<condition id="54">
<or_exp><and_exp><literal name="exitcond_i" val="1"/>
</and_exp></or_exp>
</condition>
</dataflow>
<dataflow id="175" from="StgValue_48" to="ik_i" fromId="48" toId="15">
<BackEdge/>
</dataflow>
<dataflow id="176" from="ik_i" to="exitcond2_i" fromId="15" toId="16">
</dataflow>
<dataflow id="178" from="StgValue_177" to="exitcond2_i" fromId="177" toId="16">
</dataflow>
<dataflow id="180" from="_ssdm_op_SpecLoopTripCount" to="StgValue_17" fromId="179" toId="17">
</dataflow>
<dataflow id="182" from="StgValue_181" to="StgValue_17" fromId="181" toId="17">
</dataflow>
<dataflow id="183" from="StgValue_181" to="StgValue_17" fromId="181" toId="17">
</dataflow>
<dataflow id="184" from="StgValue_181" to="StgValue_17" fromId="181" toId="17">
</dataflow>
<dataflow id="185" from="ik_i" to="ik" fromId="15" toId="18">
</dataflow>
<dataflow id="187" from="StgValue_186" to="ik" fromId="186" toId="18">
</dataflow>
<dataflow id="188" from="exitcond2_i" to="StgValue_19" fromId="16" toId="19">
</dataflow>
<dataflow id="190" from="_ssdm_op_SpecLoopName" to="StgValue_20" fromId="189" toId="20">
</dataflow>
<dataflow id="192" from="p_str1" to="StgValue_20" fromId="191" toId="20">
</dataflow>
<dataflow id="194" from="_ssdm_op_SpecRegionBegin" to="tmp_13_i" fromId="193" toId="21">
</dataflow>
<dataflow id="195" from="p_str1" to="tmp_13_i" fromId="191" toId="21">
</dataflow>
<dataflow id="197" from="_ssdm_op_BitConcatenate.i3.i2.i1" to="tmp" fromId="196" toId="22">
</dataflow>
<dataflow id="198" from="ik_i" to="tmp" fromId="15" toId="22">
</dataflow>
<dataflow id="200" from="StgValue_199" to="tmp" fromId="199" toId="22">
</dataflow>
<dataflow id="201" from="tmp" to="tmp_2_cast" fromId="22" toId="23">
</dataflow>
<dataflow id="202" from="StgValue_171" to="jk_i" fromId="171" toId="26">
<condition id="55">
<or_exp><and_exp><literal name="exitcond2_i" val="0"/>
</and_exp></or_exp>
</condition>
</dataflow>
<dataflow id="203" from="StgValue_24" to="jk_i" fromId="24" toId="26">
</dataflow>
<dataflow id="204" from="jk" to="jk_i" fromId="29" toId="26">
<BackEdge/>
<condition id="56">
<or_exp><and_exp><literal name="exitcond_i" val="0"/>
</and_exp></or_exp>
</condition>
</dataflow>
<dataflow id="205" from="StgValue_46" to="jk_i" fromId="46" toId="26">
<BackEdge/>
</dataflow>
<dataflow id="206" from="jk_i" to="exitcond_i" fromId="26" toId="27">
</dataflow>
<dataflow id="208" from="StgValue_207" to="exitcond_i" fromId="207" toId="27">
</dataflow>
<dataflow id="209" from="_ssdm_op_SpecLoopTripCount" to="StgValue_28" fromId="179" toId="28">
</dataflow>
<dataflow id="211" from="StgValue_210" to="StgValue_28" fromId="210" toId="28">
</dataflow>
<dataflow id="212" from="StgValue_210" to="StgValue_28" fromId="210" toId="28">
</dataflow>
<dataflow id="213" from="StgValue_210" to="StgValue_28" fromId="210" toId="28">
</dataflow>
<dataflow id="214" from="jk_i" to="jk" fromId="26" toId="29">
</dataflow>
<dataflow id="215" from="StgValue_186" to="jk" fromId="186" toId="29">
</dataflow>
<dataflow id="216" from="exitcond_i" to="StgValue_30" fromId="27" toId="30">
</dataflow>
<dataflow id="217" from="_ssdm_op_SpecLoopName" to="StgValue_31" fromId="189" toId="31">
</dataflow>
<dataflow id="219" from="p_str2" to="StgValue_31" fromId="218" toId="31">
</dataflow>
<dataflow id="220" from="jk_i" to="tmp_15_i" fromId="26" toId="32">
</dataflow>
<dataflow id="221" from="tmp_15_i" to="tmp_16_t_i" fromId="32" toId="33">
</dataflow>
<dataflow id="222" from="tmp" to="tmp_16_t_i" fromId="22" toId="33">
</dataflow>
<dataflow id="224" from="_ssdm_op_Read.ap_auto.i32P" to="kernelSrc_0_read" fromId="223" toId="34">
</dataflow>
<dataflow id="225" from="kernelSrc_0" to="kernelSrc_0_read" fromId="91" toId="34">
</dataflow>
<dataflow id="226" from="_ssdm_op_Read.ap_auto.i32P" to="kernelSrc_1_read" fromId="223" toId="35">
</dataflow>
<dataflow id="227" from="kernelSrc_1" to="kernelSrc_1_read" fromId="92" toId="35">
</dataflow>
<dataflow id="228" from="_ssdm_op_Read.ap_auto.i32P" to="kernelSrc_2_read" fromId="223" toId="36">
</dataflow>
<dataflow id="229" from="kernelSrc_2" to="kernelSrc_2_read" fromId="93" toId="36">
</dataflow>
<dataflow id="230" from="_ssdm_op_Read.ap_auto.i32P" to="kernelSrc_3_read" fromId="223" toId="37">
</dataflow>
<dataflow id="231" from="kernelSrc_3" to="kernelSrc_3_read" fromId="94" toId="37">
</dataflow>
<dataflow id="232" from="_ssdm_op_Read.ap_auto.i32P" to="kernelSrc_4_read" fromId="223" toId="38">
</dataflow>
<dataflow id="233" from="kernelSrc_4" to="kernelSrc_4_read" fromId="95" toId="38">
</dataflow>
<dataflow id="234" from="_ssdm_op_Read.ap_auto.i32P" to="kernelSrc_5_read" fromId="223" toId="39">
</dataflow>
<dataflow id="235" from="kernelSrc_5" to="kernelSrc_5_read" fromId="96" toId="39">
</dataflow>
<dataflow id="237" from="_ssdm_op_Mux.ap_auto.6i32.i3" to="value" fromId="236" toId="40">
</dataflow>
<dataflow id="238" from="kernelSrc_0_read" to="value" fromId="34" toId="40">
</dataflow>
<dataflow id="239" from="kernelSrc_1_read" to="value" fromId="35" toId="40">
</dataflow>
<dataflow id="240" from="kernelSrc_2_read" to="value" fromId="36" toId="40">
</dataflow>
<dataflow id="241" from="kernelSrc_3_read" to="value" fromId="37" toId="40">
</dataflow>
<dataflow id="242" from="kernelSrc_4_read" to="value" fromId="38" toId="40">
</dataflow>
<dataflow id="243" from="kernelSrc_5_read" to="value" fromId="39" toId="40">
</dataflow>
<dataflow id="244" from="tmp_16_t_i" to="value" fromId="33" toId="40">
</dataflow>
<dataflow id="245" from="jk_i" to="tmp_4_i_cast" fromId="26" toId="41">
</dataflow>
<dataflow id="246" from="tmp_2_cast" to="tmp_3" fromId="23" toId="42">
</dataflow>
<dataflow id="247" from="tmp_4_i_cast" to="tmp_3" fromId="41" toId="42">
</dataflow>
<dataflow id="248" from="tmp_3" to="tmp_3_cast" fromId="42" toId="43">
</dataflow>
<dataflow id="249" from="kernel" to="kernel_addr" fromId="97" toId="44">
</dataflow>
<dataflow id="251" from="StgValue_250" to="kernel_addr" fromId="250" toId="44">
</dataflow>
<dataflow id="252" from="tmp_3_cast" to="kernel_addr" fromId="43" toId="44">
</dataflow>
<dataflow id="253" from="value" to="StgValue_45" fromId="40" toId="45">
</dataflow>
<dataflow id="254" from="kernel_addr" to="StgValue_45" fromId="44" toId="45">
</dataflow>
<dataflow id="256" from="_ssdm_op_SpecRegionEnd" to="empty_19" fromId="255" toId="47">
</dataflow>
<dataflow id="257" from="p_str1" to="empty_19" fromId="191" toId="47">
</dataflow>
<dataflow id="258" from="tmp_13_i" to="empty_19" fromId="21" toId="47">
</dataflow>
<dataflow id="259" from="i" to="i_i" fromId="54" toId="49">
<BackEdge/>
<condition id="57">
<or_exp><and_exp><literal name="tmp_3_i" val="0"/>
</and_exp></or_exp>
</condition>
</dataflow>
<dataflow id="260" from="StgValue_71" to="i_i" fromId="71" toId="49">
<BackEdge/>
</dataflow>
<dataflow id="262" from="StgValue_261" to="i_i" fromId="261" toId="49">
<condition id="58">
<or_exp><and_exp><literal name="exitcond2_i" val="1"/>
</and_exp></or_exp>
</condition>
</dataflow>
<dataflow id="263" from="StgValue_25" to="i_i" fromId="25" toId="49">
</dataflow>
<dataflow id="264" from="next_mul" to="phi_mul" fromId="51" toId="50">
<BackEdge/>
<condition id="59">
<or_exp><and_exp><literal name="tmp_3_i" val="0"/>
</and_exp></or_exp>
</condition>
</dataflow>
<dataflow id="265" from="StgValue_71" to="phi_mul" fromId="71" toId="50">
<BackEdge/>
</dataflow>
<dataflow id="266" from="StgValue_107" to="phi_mul" fromId="107" toId="50">
<condition id="60">
<or_exp><and_exp><literal name="exitcond2_i" val="1"/>
</and_exp></or_exp>
</condition>
</dataflow>
<dataflow id="267" from="StgValue_25" to="phi_mul" fromId="25" toId="50">
</dataflow>
<dataflow id="268" from="phi_mul" to="next_mul" fromId="50" toId="51">
</dataflow>
<dataflow id="269" from="width_read" to="next_mul" fromId="10" toId="51">
</dataflow>
<dataflow id="270" from="i_i" to="i_cast_i" fromId="49" toId="52">
</dataflow>
<dataflow id="271" from="i_cast_i" to="tmp_1_i" fromId="52" toId="53">
</dataflow>
<dataflow id="272" from="height_read" to="tmp_1_i" fromId="9" toId="53">
</dataflow>
<dataflow id="273" from="i_i" to="i" fromId="49" toId="54">
</dataflow>
<dataflow id="275" from="StgValue_274" to="i" fromId="274" toId="54">
</dataflow>
<dataflow id="276" from="tmp_1_i" to="StgValue_55" fromId="53" toId="55">
</dataflow>
<dataflow id="277" from="_ssdm_op_SpecLoopName" to="StgValue_56" fromId="189" toId="56">
</dataflow>
<dataflow id="279" from="p_str3" to="StgValue_56" fromId="278" toId="56">
</dataflow>
<dataflow id="280" from="_ssdm_op_SpecRegionBegin" to="tmp_14_i" fromId="193" toId="57">
</dataflow>
<dataflow id="281" from="p_str3" to="tmp_14_i" fromId="278" toId="57">
</dataflow>
<dataflow id="282" from="_ssdm_op_SpecLoopTripCount" to="StgValue_58" fromId="179" toId="58">
</dataflow>
<dataflow id="283" from="StgValue_107" to="StgValue_58" fromId="107" toId="58">
</dataflow>
<dataflow id="285" from="StgValue_284" to="StgValue_58" fromId="284" toId="58">
</dataflow>
<dataflow id="286" from="StgValue_107" to="StgValue_58" fromId="107" toId="58">
</dataflow>
<dataflow id="288" from="p_str4" to="StgValue_58" fromId="287" toId="58">
</dataflow>
<dataflow id="289" from="StgValue_261" to="j_i" fromId="261" toId="61">
<condition id="61">
<or_exp><and_exp><literal name="tmp_1_i" val="1"/>
</and_exp></or_exp>
</condition>
</dataflow>
<dataflow id="290" from="StgValue_59" to="j_i" fromId="59" toId="61">
</dataflow>
<dataflow id="291" from="j" to="j_i" fromId="64" toId="61">
<BackEdge/>
<condition id="62">
<or_exp><and_exp></and_exp></or_exp>
</condition>
</dataflow>
<dataflow id="292" from="StgValue_78" to="j_i" fromId="78" toId="61">
<BackEdge/>
</dataflow>
<dataflow id="293" from="j_i" to="j_cast_i" fromId="61" toId="62">
</dataflow>
<dataflow id="294" from="j_cast_i" to="tmp_3_i" fromId="62" toId="63">
</dataflow>
<dataflow id="295" from="width_read" to="tmp_3_i" fromId="10" toId="63">
</dataflow>
<dataflow id="296" from="j_i" to="j" fromId="61" toId="64">
</dataflow>
<dataflow id="297" from="StgValue_274" to="j" fromId="274" toId="64">
</dataflow>
<dataflow id="298" from="tmp_3_i" to="StgValue_65" fromId="63" toId="65">
</dataflow>
<dataflow id="299" from="phi_mul" to="tmp_6_i" fromId="50" toId="66">
</dataflow>
<dataflow id="300" from="j_cast_i" to="tmp_6_i" fromId="62" toId="66">
</dataflow>
<dataflow id="301" from="tmp_6_i" to="tmp_7_i" fromId="66" toId="67">
</dataflow>
<dataflow id="302" from="src" to="src_addr" fromId="98" toId="68">
</dataflow>
<dataflow id="303" from="StgValue_250" to="src_addr" fromId="250" toId="68">
</dataflow>
<dataflow id="304" from="tmp_7_i" to="src_addr" fromId="67" toId="68">
</dataflow>
<dataflow id="305" from="src_addr" to="value_2" fromId="68" toId="69">
</dataflow>
<dataflow id="306" from="_ssdm_op_SpecRegionEnd" to="empty_21" fromId="255" toId="70">
</dataflow>
<dataflow id="307" from="p_str3" to="empty_21" fromId="278" toId="70">
</dataflow>
<dataflow id="308" from="tmp_14_i" to="empty_21" fromId="57" toId="70">
</dataflow>
<dataflow id="309" from="_ssdm_op_SpecLoopName" to="StgValue_72" fromId="189" toId="72">
</dataflow>
<dataflow id="311" from="p_str5" to="StgValue_72" fromId="310" toId="72">
</dataflow>
<dataflow id="312" from="_ssdm_op_SpecRegionBegin" to="tmp_18_i" fromId="193" toId="73">
</dataflow>
<dataflow id="313" from="p_str5" to="tmp_18_i" fromId="310" toId="73">
</dataflow>
<dataflow id="314" from="_ssdm_op_SpecLoopTripCount" to="StgValue_74" fromId="179" toId="74">
</dataflow>
<dataflow id="315" from="StgValue_107" to="StgValue_74" fromId="107" toId="74">
</dataflow>
<dataflow id="317" from="StgValue_316" to="StgValue_74" fromId="316" toId="74">
</dataflow>
<dataflow id="318" from="StgValue_107" to="StgValue_74" fromId="107" toId="74">
</dataflow>
<dataflow id="319" from="p_str4" to="StgValue_74" fromId="287" toId="74">
</dataflow>
<dataflow id="320" from="src_addr" to="value_2" fromId="68" toId="75">
</dataflow>
<dataflow id="322" from="_ssdm_op_Write.ap_fifo.volatile.i32P" to="StgValue_76" fromId="321" toId="76">
</dataflow>
<dataflow id="323" from="image_V" to="StgValue_76" fromId="99" toId="76">
</dataflow>
<dataflow id="324" from="value_2" to="StgValue_76" fromId="75" toId="76">
</dataflow>
<dataflow id="325" from="_ssdm_op_SpecRegionEnd" to="empty_20" fromId="255" toId="77">
</dataflow>
<dataflow id="326" from="p_str5" to="empty_20" fromId="310" toId="77">
</dataflow>
<dataflow id="327" from="tmp_18_i" to="empty_20" fromId="73" toId="77">
</dataflow>
<dataflow id="328" from="exitcond2_i" to="StgValue_2" fromId="16" toId="2">
</dataflow>
<dataflow id="329" from="exitcond_i" to="StgValue_3" fromId="27" toId="3">
</dataflow>
<dataflow id="330" from="tmp_1_i" to="StgValue_4" fromId="53" toId="4">
</dataflow>
<dataflow id="331" from="tmp_3_i" to="StgValue_5" fromId="63" toId="5">
</dataflow>
</dataflows>


</stg>
