<profile>

<section name = "Vivado HLS Report for 'readWindow'" level="0">
<item name = "Date">Mon Dec 16 22:55:11 2024
</item>
<item name = "Version">2018.1 (Build 2188600 on Wed Apr 04 19:04:02 MDT 2018)</item>
<item name = "Project">Convolution2D</item>
<item name = "Solution">solution1</item>
<item name = "Product family">zynq</item>
<item name = "Target device">xc7z020clg484-1</item>
</section>

<section name = "Performance Estimates" level="0">
<item name = "Timing (ns)">
<section name = "" level="1">
<item name = "Summary"><table name="" hasTotal="0">
<keys size="4">Clock, Target, Estimated, Uncertainty</keys>
<column name="ap_clk">10.00, 8.51, 1.25</column>
</table>
</item>
</section>
</item>
<item name = "Latency (clock cycles)">
<section name = "" level="1">
<item name = "Summary"><table name="" hasTotal="0">
<keys size="6">, min, max, min, max, Type</keys>
<column name="">2, 3877634, 2, 3877634, none</column>
</table>
</item>
<item name = "Detail">
<section name = "" level="1">
<item name = "Instance"><table name="" hasTotal="0">
<keys size="7">Instance, Module, min, max, min, max, Type</keys>
</table>
</item>
<item name = "Loop"><table name="" hasTotal="0">
<keys size="8">Loop Name, min, max, Latency, achieved, target, Count, Pipelined</keys>
<column name="- READ_WINDOW_LOOP">0, 3877632, 150 ~ 187, -, -, 0 ~ 20736, no</column>
<column name=" + WINDOW_KERNEL_OUTER_LOOP">111, 111, 37, -, -, 3, no</column>
</table>
</item>
</section>
</item>
</section>
</item>
</section>

<section name = "Utilization Estimates" level="0">
<item name = "Summary"><table name="" hasTotal="1">
<keys size="5">Name, BRAM_18K, DSP48E, FF, LUT</keys>
<column name="DSP">-, -, -, -</column>
<column name="Expression">-, 3, 0, 312</column>
<column name="FIFO">-, -, -, -</column>
<column name="Instance">-, -, 1206, 765</column>
<column name="Memory">0, -, 128, 4</column>
<column name="Multiplexer">-, -, -, 689</column>
<column name="Register">-, -, 12897, -</column>
<specialColumn name="Available">280, 220, 106400, 53200</specialColumn>
<specialColumn name="Utilization (%)">0, 1, 13, 3</specialColumn>
</table>
</item>
<item name = "Detail">
<section name = "" level="1">
<item name = "Instance"><table name="" hasTotal="1">
<keys size="6">Instance, Module, BRAM_18K, DSP48E, FF, LUT</keys>
<column name="convolution2d_muxhbi_U19">convolution2d_muxhbi, 0, 0, 0, 33</column>
<column name="convolution2d_sreeOg_U16">convolution2d_sreeOg, 0, 0, 406, 247</column>
<column name="convolution2d_srefYi_U17">convolution2d_srefYi, 0, 0, 394, 238</column>
<column name="convolution2d_sreg8j_U18">convolution2d_sreg8j, 0, 0, 406, 247</column>
</table>
</item>
<item name = "DSP48"><table name="" hasTotal="0">
<keys size="3">Instance, Module, Expression</keys>
</table>
</item>
<item name = "Memory"><table name="" hasTotal="1">
<keys size="9">Memory, Module, BRAM_18K, FF, LUT, Words, Bits, Banks, W*Bits*Banks</keys>
<column name="window_pix_0_U">readWindow_windowcud, 0, 64, 2, 3, 32, 1, 96</column>
<column name="window_pix_1_U">readWindow_windowcud, 0, 64, 2, 3, 32, 1, 96</column>
</table>
</item>
<item name = "FIFO"><table name="" hasTotal="1">
<keys size="7">Name, BRAM_18K, FF, LUT, Depth, Bits, Size:D*B</keys>
</table>
</item>
<item name = "Expression"><table name="" hasTotal="1">
<keys size="7">Variable Name, Operation, DSP48E, FF, LUT, Bitwidth P0, Bitwidth P1</keys>
<column name="num_iterations_fu_2567_p2">*, 3, 0, 20, 32, 32</column>
<column name="bufferSize_fu_2576_p2">+, 0, 0, 39, 2, 32</column>
<column name="grp_fu_4570_p0">+, 0, 0, 32, 32, 32</column>
<column name="i_fu_4548_p2">+, 0, 0, 10, 2, 1</column>
<column name="it_fu_2597_p2">+, 0, 0, 38, 31, 1</column>
<column name="next_mul_fu_4554_p2">+, 0, 0, 39, 32, 32</column>
<column name="tmp1_fu_4559_p2">+, 0, 0, 32, 2, 32</column>
<column name="ap_block_state114">and, 0, 0, 2, 1, 1</column>
<column name="ap_predicate_op1846_write_state114">and, 0, 0, 2, 1, 1</column>
<column name="windows_V_pix_0_01_status">and, 0, 0, 2, 1, 1</column>
<column name="exitcond5_i_fu_4542_p2">icmp, 0, 0, 8, 2, 2</column>
<column name="tmp_1_i_fu_4575_p2">icmp, 0, 0, 18, 32, 32</column>
<column name="tmp_5_i_fu_6528_p2">icmp, 0, 0, 18, 32, 1</column>
<column name="tmp_8_i_fu_2592_p2">icmp, 0, 0, 18, 32, 32</column>
<column name="ap_block_state1">or, 0, 0, 2, 1, 1</column>
<column name="tmp_7_i_fu_2582_p2">or, 0, 0, 32, 32, 1</column>
</table>
</item>
<item name = "Multiplexer"><table name="" hasTotal="1">
<keys size="5">Name, LUT, Input Size, Bits, Total Bits</keys>
<column name="ap_NS_fsm">506, 115, 1, 115</column>
<column name="ap_done">9, 2, 1, 2</column>
<column name="height_blk_n">9, 2, 1, 2</column>
<column name="height_out_blk_n">9, 2, 1, 2</column>
<column name="i_i_reg_2544">9, 2, 2, 4</column>
<column name="image_V_blk_n">9, 2, 1, 2</column>
<column name="it_i_reg_2533">9, 2, 31, 62</column>
<column name="phi_mul_reg_2556">9, 2, 32, 64</column>
<column name="width_blk_n">9, 2, 1, 2</column>
<column name="width_out_blk_n">9, 2, 1, 2</column>
<column name="window_pix_0_address0">21, 4, 2, 8</column>
<column name="window_pix_1_address0">27, 5, 2, 10</column>
<column name="windows_V_pix_0_0_blk_n">9, 2, 1, 2</column>
<column name="windows_V_pix_0_1_blk_n">9, 2, 1, 2</column>
<column name="windows_V_pix_1_0_blk_n">9, 2, 1, 2</column>
<column name="windows_V_pix_1_1_blk_n">9, 2, 1, 2</column>
<column name="windows_V_pix_2_0_blk_n">9, 2, 1, 2</column>
<column name="windows_V_pix_2_1_blk_n">9, 2, 1, 2</column>
</table>
</item>
<item name = "Register"><table name="" hasTotal="1">
<keys size="5">Name, FF, LUT, Bits, Const Bits</keys>
<column name="ap_CS_fsm">114, 0, 114, 0</column>
<column name="ap_done_reg">1, 0, 1, 0</column>
<column name="bufferSize_reg_8868">31, 0, 32, 1</column>
<column name="height_read_reg_8858">32, 0, 32, 0</column>
<column name="i_i_reg_2544">2, 0, 2, 0</column>
<column name="i_reg_8935">2, 0, 2, 0</column>
<column name="index_reg_8964">9, 0, 9, 0</column>
<column name="it_cast_i_reg_8909">31, 0, 32, 1</column>
<column name="it_i_reg_2533">31, 0, 31, 0</column>
<column name="it_reg_8919">31, 0, 31, 0</column>
<column name="next_mul_reg_8940">32, 0, 32, 0</column>
<column name="num_iterations_reg_8863">32, 0, 32, 0</column>
<column name="phi_mul_reg_2556">32, 0, 32, 0</column>
<column name="ptr_reg_8924">32, 0, 32, 0</column>
<column name="tmp_100_fu_1246">32, 0, 32, 0</column>
<column name="tmp_101_fu_1250">32, 0, 32, 0</column>
<column name="tmp_102_fu_1254">32, 0, 32, 0</column>
<column name="tmp_103_fu_1258">32, 0, 32, 0</column>
<column name="tmp_104_fu_1262">32, 0, 32, 0</column>
<column name="tmp_105_fu_1266">32, 0, 32, 0</column>
<column name="tmp_106_fu_1270">32, 0, 32, 0</column>
<column name="tmp_107_fu_1274">32, 0, 32, 0</column>
<column name="tmp_108_fu_1278">32, 0, 32, 0</column>
<column name="tmp_109_fu_1282">32, 0, 32, 0</column>
<column name="tmp_10_fu_886">32, 0, 32, 0</column>
<column name="tmp_110_fu_1286">32, 0, 32, 0</column>
<column name="tmp_111_fu_1290">32, 0, 32, 0</column>
<column name="tmp_112_fu_1294">32, 0, 32, 0</column>
<column name="tmp_113_fu_1298">32, 0, 32, 0</column>
<column name="tmp_114_fu_1302">32, 0, 32, 0</column>
<column name="tmp_115_fu_1306">32, 0, 32, 0</column>
<column name="tmp_116_fu_1310">32, 0, 32, 0</column>
<column name="tmp_117_fu_1314">32, 0, 32, 0</column>
<column name="tmp_118_fu_1318">32, 0, 32, 0</column>
<column name="tmp_119_fu_1322">32, 0, 32, 0</column>
<column name="tmp_11_fu_890">32, 0, 32, 0</column>
<column name="tmp_120_fu_1326">32, 0, 32, 0</column>
<column name="tmp_121_fu_1330">32, 0, 32, 0</column>
<column name="tmp_122_fu_1334">32, 0, 32, 0</column>
<column name="tmp_123_fu_1338">32, 0, 32, 0</column>
<column name="tmp_124_fu_1342">32, 0, 32, 0</column>
<column name="tmp_125_fu_1346">32, 0, 32, 0</column>
<column name="tmp_126_fu_1350">32, 0, 32, 0</column>
<column name="tmp_127_fu_1354">32, 0, 32, 0</column>
<column name="tmp_128_fu_1358">32, 0, 32, 0</column>
<column name="tmp_129_fu_1362">32, 0, 32, 0</column>
<column name="tmp_12_fu_894">32, 0, 32, 0</column>
<column name="tmp_130_fu_1366">32, 0, 32, 0</column>
<column name="tmp_131_fu_1370">32, 0, 32, 0</column>
<column name="tmp_132_fu_1374">32, 0, 32, 0</column>
<column name="tmp_133_fu_1378">32, 0, 32, 0</column>
<column name="tmp_134_fu_1382">32, 0, 32, 0</column>
<column name="tmp_135_fu_1386">32, 0, 32, 0</column>
<column name="tmp_136_fu_1390">32, 0, 32, 0</column>
<column name="tmp_137_fu_1394">32, 0, 32, 0</column>
<column name="tmp_138_fu_1398">32, 0, 32, 0</column>
<column name="tmp_139_fu_1402">32, 0, 32, 0</column>
<column name="tmp_13_fu_898">32, 0, 32, 0</column>
<column name="tmp_140_fu_1406">32, 0, 32, 0</column>
<column name="tmp_141_fu_1410">32, 0, 32, 0</column>
<column name="tmp_142_fu_1414">32, 0, 32, 0</column>
<column name="tmp_143_fu_1418">32, 0, 32, 0</column>
<column name="tmp_144_fu_1422">32, 0, 32, 0</column>
<column name="tmp_145_fu_1426">32, 0, 32, 0</column>
<column name="tmp_146_fu_1430">32, 0, 32, 0</column>
<column name="tmp_147_fu_1434">32, 0, 32, 0</column>
<column name="tmp_148_fu_1438">32, 0, 32, 0</column>
<column name="tmp_149_fu_1442">32, 0, 32, 0</column>
<column name="tmp_14_fu_902">32, 0, 32, 0</column>
<column name="tmp_150_fu_1446">32, 0, 32, 0</column>
<column name="tmp_151_fu_1450">32, 0, 32, 0</column>
<column name="tmp_152_fu_1454">32, 0, 32, 0</column>
<column name="tmp_153_fu_1458">32, 0, 32, 0</column>
<column name="tmp_154_fu_1462">32, 0, 32, 0</column>
<column name="tmp_155_fu_1466">32, 0, 32, 0</column>
<column name="tmp_156_fu_1470">32, 0, 32, 0</column>
<column name="tmp_157_fu_1474">32, 0, 32, 0</column>
<column name="tmp_158_fu_1478">32, 0, 32, 0</column>
<column name="tmp_159_fu_1482">32, 0, 32, 0</column>
<column name="tmp_15_fu_906">32, 0, 32, 0</column>
<column name="tmp_160_fu_1486">32, 0, 32, 0</column>
<column name="tmp_161_fu_1490">32, 0, 32, 0</column>
<column name="tmp_162_fu_1494">32, 0, 32, 0</column>
<column name="tmp_163_fu_1498">32, 0, 32, 0</column>
<column name="tmp_164_fu_1502">32, 0, 32, 0</column>
<column name="tmp_165_fu_1506">32, 0, 32, 0</column>
<column name="tmp_166_fu_1510">32, 0, 32, 0</column>
<column name="tmp_167_fu_1514">32, 0, 32, 0</column>
<column name="tmp_168_fu_1518">32, 0, 32, 0</column>
<column name="tmp_169_fu_1522">32, 0, 32, 0</column>
<column name="tmp_16_fu_910">32, 0, 32, 0</column>
<column name="tmp_170_fu_1526">32, 0, 32, 0</column>
<column name="tmp_171_fu_1530">32, 0, 32, 0</column>
<column name="tmp_172_fu_1534">32, 0, 32, 0</column>
<column name="tmp_173_fu_1538">32, 0, 32, 0</column>
<column name="tmp_174_fu_1542">32, 0, 32, 0</column>
<column name="tmp_175_fu_1546">32, 0, 32, 0</column>
<column name="tmp_176_fu_1550">32, 0, 32, 0</column>
<column name="tmp_177_fu_1554">32, 0, 32, 0</column>
<column name="tmp_178_fu_1558">32, 0, 32, 0</column>
<column name="tmp_179_fu_1562">32, 0, 32, 0</column>
<column name="tmp_17_fu_914">32, 0, 32, 0</column>
<column name="tmp_180_fu_1566">32, 0, 32, 0</column>
<column name="tmp_181_fu_1570">32, 0, 32, 0</column>
<column name="tmp_182_fu_1574">32, 0, 32, 0</column>
<column name="tmp_183_fu_1578">32, 0, 32, 0</column>
<column name="tmp_184_fu_1582">32, 0, 32, 0</column>
<column name="tmp_185_fu_1586">32, 0, 32, 0</column>
<column name="tmp_186_fu_1590">32, 0, 32, 0</column>
<column name="tmp_187_fu_1594">32, 0, 32, 0</column>
<column name="tmp_188_fu_1598">32, 0, 32, 0</column>
<column name="tmp_189_fu_1602">32, 0, 32, 0</column>
<column name="tmp_18_fu_918">32, 0, 32, 0</column>
<column name="tmp_190_fu_1606">32, 0, 32, 0</column>
<column name="tmp_191_fu_1610">32, 0, 32, 0</column>
<column name="tmp_192_fu_1614">32, 0, 32, 0</column>
<column name="tmp_193_fu_1618">32, 0, 32, 0</column>
<column name="tmp_194_fu_1622">32, 0, 32, 0</column>
<column name="tmp_195_fu_1626">32, 0, 32, 0</column>
<column name="tmp_196_fu_1630">32, 0, 32, 0</column>
<column name="tmp_197_fu_1634">32, 0, 32, 0</column>
<column name="tmp_198_fu_1638">32, 0, 32, 0</column>
<column name="tmp_199_fu_1642">32, 0, 32, 0</column>
<column name="tmp_19_fu_922">32, 0, 32, 0</column>
<column name="tmp_1_fu_854">32, 0, 32, 0</column>
<column name="tmp_1_i_reg_8950">1, 0, 1, 0</column>
<column name="tmp_200_fu_1646">32, 0, 32, 0</column>
<column name="tmp_201_fu_1650">32, 0, 32, 0</column>
<column name="tmp_202_fu_1654">32, 0, 32, 0</column>
<column name="tmp_203_fu_1658">32, 0, 32, 0</column>
<column name="tmp_204_fu_1662">32, 0, 32, 0</column>
<column name="tmp_205_fu_1666">32, 0, 32, 0</column>
<column name="tmp_206_fu_1670">32, 0, 32, 0</column>
<column name="tmp_207_fu_1674">32, 0, 32, 0</column>
<column name="tmp_208_fu_1678">32, 0, 32, 0</column>
<column name="tmp_209_fu_1682">32, 0, 32, 0</column>
<column name="tmp_20_fu_926">32, 0, 32, 0</column>
<column name="tmp_210_fu_1686">32, 0, 32, 0</column>
<column name="tmp_211_fu_1690">32, 0, 32, 0</column>
<column name="tmp_212_fu_1694">32, 0, 32, 0</column>
<column name="tmp_213_fu_1698">32, 0, 32, 0</column>
<column name="tmp_214_fu_1702">32, 0, 32, 0</column>
<column name="tmp_215_fu_1706">32, 0, 32, 0</column>
<column name="tmp_216_fu_1710">32, 0, 32, 0</column>
<column name="tmp_217_fu_1714">32, 0, 32, 0</column>
<column name="tmp_218_fu_1718">32, 0, 32, 0</column>
<column name="tmp_219_fu_1722">32, 0, 32, 0</column>
<column name="tmp_21_fu_930">32, 0, 32, 0</column>
<column name="tmp_220_fu_1726">32, 0, 32, 0</column>
<column name="tmp_221_fu_1730">32, 0, 32, 0</column>
<column name="tmp_222_fu_1734">32, 0, 32, 0</column>
<column name="tmp_223_fu_1738">32, 0, 32, 0</column>
<column name="tmp_224_fu_1742">32, 0, 32, 0</column>
<column name="tmp_225_fu_1746">32, 0, 32, 0</column>
<column name="tmp_226_fu_1750">32, 0, 32, 0</column>
<column name="tmp_227_fu_1754">32, 0, 32, 0</column>
<column name="tmp_228_fu_1758">32, 0, 32, 0</column>
<column name="tmp_229_fu_1762">32, 0, 32, 0</column>
<column name="tmp_22_fu_934">32, 0, 32, 0</column>
<column name="tmp_230_fu_1766">32, 0, 32, 0</column>
<column name="tmp_231_fu_1770">32, 0, 32, 0</column>
<column name="tmp_232_fu_1774">32, 0, 32, 0</column>
<column name="tmp_233_fu_1778">32, 0, 32, 0</column>
<column name="tmp_234_fu_1782">32, 0, 32, 0</column>
<column name="tmp_235_fu_1786">32, 0, 32, 0</column>
<column name="tmp_236_fu_1790">32, 0, 32, 0</column>
<column name="tmp_237_fu_1794">32, 0, 32, 0</column>
<column name="tmp_238_fu_1798">32, 0, 32, 0</column>
<column name="tmp_239_fu_1802">32, 0, 32, 0</column>
<column name="tmp_23_fu_938">32, 0, 32, 0</column>
<column name="tmp_240_fu_1806">32, 0, 32, 0</column>
<column name="tmp_241_fu_1810">32, 0, 32, 0</column>
<column name="tmp_242_fu_1814">32, 0, 32, 0</column>
<column name="tmp_243_fu_1818">32, 0, 32, 0</column>
<column name="tmp_244_fu_1822">32, 0, 32, 0</column>
<column name="tmp_245_fu_1826">32, 0, 32, 0</column>
<column name="tmp_246_fu_1830">32, 0, 32, 0</column>
<column name="tmp_247_fu_1834">32, 0, 32, 0</column>
<column name="tmp_248_fu_1838">32, 0, 32, 0</column>
<column name="tmp_249_fu_1842">32, 0, 32, 0</column>
<column name="tmp_24_fu_942">32, 0, 32, 0</column>
<column name="tmp_250_fu_1846">32, 0, 32, 0</column>
<column name="tmp_251_fu_1850">32, 0, 32, 0</column>
<column name="tmp_252_fu_1854">32, 0, 32, 0</column>
<column name="tmp_253_fu_1858">32, 0, 32, 0</column>
<column name="tmp_254_fu_1862">32, 0, 32, 0</column>
<column name="tmp_255_fu_1866">32, 0, 32, 0</column>
<column name="tmp_256_fu_1870">32, 0, 32, 0</column>
<column name="tmp_257_fu_1874">32, 0, 32, 0</column>
<column name="tmp_258_fu_1878">32, 0, 32, 0</column>
<column name="tmp_259_fu_1882">32, 0, 32, 0</column>
<column name="tmp_25_fu_946">32, 0, 32, 0</column>
<column name="tmp_260_fu_1886">32, 0, 32, 0</column>
<column name="tmp_261_fu_1890">32, 0, 32, 0</column>
<column name="tmp_262_fu_1894">32, 0, 32, 0</column>
<column name="tmp_263_fu_1898">32, 0, 32, 0</column>
<column name="tmp_264_fu_1902">32, 0, 32, 0</column>
<column name="tmp_265_fu_1906">32, 0, 32, 0</column>
<column name="tmp_266_fu_1910">32, 0, 32, 0</column>
<column name="tmp_267_fu_1914">32, 0, 32, 0</column>
<column name="tmp_268_fu_1918">32, 0, 32, 0</column>
<column name="tmp_269_fu_1922">32, 0, 32, 0</column>
<column name="tmp_26_fu_950">32, 0, 32, 0</column>
<column name="tmp_270_fu_1926">32, 0, 32, 0</column>
<column name="tmp_271_fu_1930">32, 0, 32, 0</column>
<column name="tmp_272_fu_1934">32, 0, 32, 0</column>
<column name="tmp_273_fu_1938">32, 0, 32, 0</column>
<column name="tmp_274_fu_1942">32, 0, 32, 0</column>
<column name="tmp_275_fu_1946">32, 0, 32, 0</column>
<column name="tmp_276_fu_1950">32, 0, 32, 0</column>
<column name="tmp_277_fu_1954">32, 0, 32, 0</column>
<column name="tmp_278_fu_1958">32, 0, 32, 0</column>
<column name="tmp_279_fu_1962">32, 0, 32, 0</column>
<column name="tmp_27_fu_954">32, 0, 32, 0</column>
<column name="tmp_280_fu_1966">32, 0, 32, 0</column>
<column name="tmp_281_fu_1970">32, 0, 32, 0</column>
<column name="tmp_282_fu_1974">32, 0, 32, 0</column>
<column name="tmp_283_fu_1978">32, 0, 32, 0</column>
<column name="tmp_284_fu_1982">32, 0, 32, 0</column>
<column name="tmp_285_fu_1986">32, 0, 32, 0</column>
<column name="tmp_286_fu_1990">32, 0, 32, 0</column>
<column name="tmp_287_fu_1994">32, 0, 32, 0</column>
<column name="tmp_288_fu_1998">32, 0, 32, 0</column>
<column name="tmp_289_fu_2002">32, 0, 32, 0</column>
<column name="tmp_28_fu_958">32, 0, 32, 0</column>
<column name="tmp_290_fu_2006">32, 0, 32, 0</column>
<column name="tmp_291_fu_2010">32, 0, 32, 0</column>
<column name="tmp_292_fu_2014">32, 0, 32, 0</column>
<column name="tmp_293_fu_2018">32, 0, 32, 0</column>
<column name="tmp_294_fu_2022">32, 0, 32, 0</column>
<column name="tmp_295_fu_2026">32, 0, 32, 0</column>
<column name="tmp_296_fu_2030">32, 0, 32, 0</column>
<column name="tmp_297_fu_2034">32, 0, 32, 0</column>
<column name="tmp_298_fu_2038">32, 0, 32, 0</column>
<column name="tmp_299_fu_2042">32, 0, 32, 0</column>
<column name="tmp_29_fu_962">32, 0, 32, 0</column>
<column name="tmp_2_i_reg_8954">2, 0, 64, 62</column>
<column name="tmp_300_fu_2046">32, 0, 32, 0</column>
<column name="tmp_301_fu_2050">32, 0, 32, 0</column>
<column name="tmp_302_fu_2054">32, 0, 32, 0</column>
<column name="tmp_303_fu_2058">32, 0, 32, 0</column>
<column name="tmp_304_fu_2062">32, 0, 32, 0</column>
<column name="tmp_305_fu_2066">32, 0, 32, 0</column>
<column name="tmp_306_fu_2070">32, 0, 32, 0</column>
<column name="tmp_307_fu_2074">32, 0, 32, 0</column>
<column name="tmp_308_fu_2078">32, 0, 32, 0</column>
<column name="tmp_309_fu_2082">32, 0, 32, 0</column>
<column name="tmp_30_fu_966">32, 0, 32, 0</column>
<column name="tmp_310_fu_2086">32, 0, 32, 0</column>
<column name="tmp_311_fu_2090">32, 0, 32, 0</column>
<column name="tmp_312_fu_2094">32, 0, 32, 0</column>
<column name="tmp_313_fu_2098">32, 0, 32, 0</column>
<column name="tmp_314_fu_2102">32, 0, 32, 0</column>
<column name="tmp_315_fu_2106">32, 0, 32, 0</column>
<column name="tmp_316_fu_2110">32, 0, 32, 0</column>
<column name="tmp_317_fu_2114">32, 0, 32, 0</column>
<column name="tmp_318_fu_2118">32, 0, 32, 0</column>
<column name="tmp_319_fu_2122">32, 0, 32, 0</column>
<column name="tmp_31_fu_970">32, 0, 32, 0</column>
<column name="tmp_320_fu_2126">32, 0, 32, 0</column>
<column name="tmp_321_fu_2130">32, 0, 32, 0</column>
<column name="tmp_322_fu_2134">32, 0, 32, 0</column>
<column name="tmp_323_fu_2138">32, 0, 32, 0</column>
<column name="tmp_324_fu_2142">32, 0, 32, 0</column>
<column name="tmp_325_fu_2146">32, 0, 32, 0</column>
<column name="tmp_326_fu_2150">32, 0, 32, 0</column>
<column name="tmp_327_fu_2154">32, 0, 32, 0</column>
<column name="tmp_328_fu_2158">32, 0, 32, 0</column>
<column name="tmp_329_fu_2162">32, 0, 32, 0</column>
<column name="tmp_32_fu_974">32, 0, 32, 0</column>
<column name="tmp_330_fu_2166">32, 0, 32, 0</column>
<column name="tmp_331_fu_2170">32, 0, 32, 0</column>
<column name="tmp_332_fu_2174">32, 0, 32, 0</column>
<column name="tmp_333_fu_2178">32, 0, 32, 0</column>
<column name="tmp_334_fu_2182">32, 0, 32, 0</column>
<column name="tmp_335_fu_2186">32, 0, 32, 0</column>
<column name="tmp_336_fu_2190">32, 0, 32, 0</column>
<column name="tmp_337_fu_2194">32, 0, 32, 0</column>
<column name="tmp_338_fu_2198">32, 0, 32, 0</column>
<column name="tmp_339_fu_2202">32, 0, 32, 0</column>
<column name="tmp_33_fu_978">32, 0, 32, 0</column>
<column name="tmp_340_fu_2206">32, 0, 32, 0</column>
<column name="tmp_341_fu_2210">32, 0, 32, 0</column>
<column name="tmp_342_fu_2214">32, 0, 32, 0</column>
<column name="tmp_343_fu_2218">32, 0, 32, 0</column>
<column name="tmp_344_fu_2222">32, 0, 32, 0</column>
<column name="tmp_345_fu_2226">32, 0, 32, 0</column>
<column name="tmp_346_fu_2230">32, 0, 32, 0</column>
<column name="tmp_347_fu_2234">32, 0, 32, 0</column>
<column name="tmp_348_fu_2238">32, 0, 32, 0</column>
<column name="tmp_349_fu_2242">32, 0, 32, 0</column>
<column name="tmp_34_fu_982">32, 0, 32, 0</column>
<column name="tmp_350_fu_2246">32, 0, 32, 0</column>
<column name="tmp_351_fu_2250">32, 0, 32, 0</column>
<column name="tmp_352_fu_2254">32, 0, 32, 0</column>
<column name="tmp_353_fu_2258">32, 0, 32, 0</column>
<column name="tmp_354_fu_2262">32, 0, 32, 0</column>
<column name="tmp_355_fu_2266">32, 0, 32, 0</column>
<column name="tmp_356_fu_2270">32, 0, 32, 0</column>
<column name="tmp_357_fu_2274">32, 0, 32, 0</column>
<column name="tmp_358_fu_2278">32, 0, 32, 0</column>
<column name="tmp_359_fu_2282">32, 0, 32, 0</column>
<column name="tmp_35_fu_986">32, 0, 32, 0</column>
<column name="tmp_360_fu_2286">32, 0, 32, 0</column>
<column name="tmp_361_fu_2290">32, 0, 32, 0</column>
<column name="tmp_362_fu_2294">32, 0, 32, 0</column>
<column name="tmp_363_fu_2298">32, 0, 32, 0</column>
<column name="tmp_364_fu_2302">32, 0, 32, 0</column>
<column name="tmp_365_fu_2306">32, 0, 32, 0</column>
<column name="tmp_366_fu_2310">32, 0, 32, 0</column>
<column name="tmp_367_fu_2314">32, 0, 32, 0</column>
<column name="tmp_368_fu_2318">32, 0, 32, 0</column>
<column name="tmp_369_fu_2322">32, 0, 32, 0</column>
<column name="tmp_36_fu_990">32, 0, 32, 0</column>
<column name="tmp_370_fu_2326">32, 0, 32, 0</column>
<column name="tmp_371_fu_2330">32, 0, 32, 0</column>
<column name="tmp_372_fu_2334">32, 0, 32, 0</column>
<column name="tmp_373_fu_2338">32, 0, 32, 0</column>
<column name="tmp_374_fu_2342">32, 0, 32, 0</column>
<column name="tmp_375_fu_2346">32, 0, 32, 0</column>
<column name="tmp_376_fu_2350">32, 0, 32, 0</column>
<column name="tmp_377_fu_2354">32, 0, 32, 0</column>
<column name="tmp_378_fu_2358">32, 0, 32, 0</column>
<column name="tmp_379_fu_2362">32, 0, 32, 0</column>
<column name="tmp_37_fu_994">32, 0, 32, 0</column>
<column name="tmp_380_fu_2366">32, 0, 32, 0</column>
<column name="tmp_381_fu_2370">32, 0, 32, 0</column>
<column name="tmp_382_fu_2374">32, 0, 32, 0</column>
<column name="tmp_383_fu_2378">32, 0, 32, 0</column>
<column name="tmp_384_fu_2382">32, 0, 32, 0</column>
<column name="tmp_385_fu_2386">32, 0, 32, 0</column>
<column name="tmp_386_fu_2390">32, 0, 32, 0</column>
<column name="tmp_38_fu_998">32, 0, 32, 0</column>
<column name="tmp_39_fu_1002">32, 0, 32, 0</column>
<column name="tmp_3_fu_858">32, 0, 32, 0</column>
<column name="tmp_40_fu_1006">32, 0, 32, 0</column>
<column name="tmp_41_fu_1010">32, 0, 32, 0</column>
<column name="tmp_42_fu_1014">32, 0, 32, 0</column>
<column name="tmp_43_fu_1018">32, 0, 32, 0</column>
<column name="tmp_44_fu_1022">32, 0, 32, 0</column>
<column name="tmp_45_fu_1026">32, 0, 32, 0</column>
<column name="tmp_46_fu_1030">32, 0, 32, 0</column>
<column name="tmp_47_fu_1034">32, 0, 32, 0</column>
<column name="tmp_48_fu_1038">32, 0, 32, 0</column>
<column name="tmp_49_fu_1042">32, 0, 32, 0</column>
<column name="tmp_4_fu_862">32, 0, 32, 0</column>
<column name="tmp_50_fu_1046">32, 0, 32, 0</column>
<column name="tmp_51_fu_1050">32, 0, 32, 0</column>
<column name="tmp_52_fu_1054">32, 0, 32, 0</column>
<column name="tmp_53_fu_1058">32, 0, 32, 0</column>
<column name="tmp_54_fu_1062">32, 0, 32, 0</column>
<column name="tmp_55_fu_1066">32, 0, 32, 0</column>
<column name="tmp_56_fu_1070">32, 0, 32, 0</column>
<column name="tmp_57_fu_1074">32, 0, 32, 0</column>
<column name="tmp_58_fu_1078">32, 0, 32, 0</column>
<column name="tmp_59_fu_1082">32, 0, 32, 0</column>
<column name="tmp_5_fu_866">32, 0, 32, 0</column>
<column name="tmp_5_i_reg_8969">1, 0, 1, 0</column>
<column name="tmp_60_fu_1086">32, 0, 32, 0</column>
<column name="tmp_61_fu_1090">32, 0, 32, 0</column>
<column name="tmp_62_fu_1094">32, 0, 32, 0</column>
<column name="tmp_63_fu_1098">32, 0, 32, 0</column>
<column name="tmp_64_fu_1102">32, 0, 32, 0</column>
<column name="tmp_65_fu_1106">32, 0, 32, 0</column>
<column name="tmp_66_fu_1110">32, 0, 32, 0</column>
<column name="tmp_67_fu_1114">32, 0, 32, 0</column>
<column name="tmp_68_fu_1118">32, 0, 32, 0</column>
<column name="tmp_69_fu_1122">32, 0, 32, 0</column>
<column name="tmp_6_fu_870">32, 0, 32, 0</column>
<column name="tmp_70_fu_1126">32, 0, 32, 0</column>
<column name="tmp_71_fu_1130">32, 0, 32, 0</column>
<column name="tmp_72_fu_1134">32, 0, 32, 0</column>
<column name="tmp_73_fu_1138">32, 0, 32, 0</column>
<column name="tmp_74_fu_1142">32, 0, 32, 0</column>
<column name="tmp_75_fu_1146">32, 0, 32, 0</column>
<column name="tmp_76_fu_1150">32, 0, 32, 0</column>
<column name="tmp_77_fu_1154">32, 0, 32, 0</column>
<column name="tmp_78_fu_1158">32, 0, 32, 0</column>
<column name="tmp_79_fu_1162">32, 0, 32, 0</column>
<column name="tmp_7_fu_874">32, 0, 32, 0</column>
<column name="tmp_7_i_reg_8874">31, 0, 32, 1</column>
<column name="tmp_80_fu_1166">32, 0, 32, 0</column>
<column name="tmp_81_fu_1170">32, 0, 32, 0</column>
<column name="tmp_82_fu_1174">32, 0, 32, 0</column>
<column name="tmp_83_fu_1178">32, 0, 32, 0</column>
<column name="tmp_84_fu_1182">32, 0, 32, 0</column>
<column name="tmp_85_fu_1186">32, 0, 32, 0</column>
<column name="tmp_86_fu_1190">32, 0, 32, 0</column>
<column name="tmp_87_fu_1194">32, 0, 32, 0</column>
<column name="tmp_88_fu_1198">32, 0, 32, 0</column>
<column name="tmp_89_fu_1202">32, 0, 32, 0</column>
<column name="tmp_8_fu_878">32, 0, 32, 0</column>
<column name="tmp_90_fu_1206">32, 0, 32, 0</column>
<column name="tmp_91_fu_1210">32, 0, 32, 0</column>
<column name="tmp_92_fu_1214">32, 0, 32, 0</column>
<column name="tmp_93_fu_1218">32, 0, 32, 0</column>
<column name="tmp_94_fu_1222">32, 0, 32, 0</column>
<column name="tmp_95_fu_1226">32, 0, 32, 0</column>
<column name="tmp_96_fu_1230">32, 0, 32, 0</column>
<column name="tmp_97_fu_1234">32, 0, 32, 0</column>
<column name="tmp_98_fu_1238">32, 0, 32, 0</column>
<column name="tmp_99_fu_1242">32, 0, 32, 0</column>
<column name="tmp_9_fu_882">32, 0, 32, 0</column>
<column name="tmp_fu_850">32, 0, 32, 0</column>
<column name="tmp_pix_0_0_reg_8973">32, 0, 32, 0</column>
<column name="tmp_pix_0_1_reg_8978">32, 0, 32, 0</column>
<column name="width_read_reg_8850">32, 0, 32, 0</column>
<column name="window_pix_1_addr_3_reg_8959">2, 0, 2, 0</column>
</table>
</item>
</section>
</item>
</section>

<section name = "Interface" level="0">
<item name = "Summary"><table name="" hasTotal="0">
<keys size="6">RTL Ports, Dir, Bits, Protocol, Source Object, C Type</keys>
<column name="ap_clk">in, 1, ap_ctrl_hs, readWindow, return value</column>
<column name="ap_rst">in, 1, ap_ctrl_hs, readWindow, return value</column>
<column name="ap_start">in, 1, ap_ctrl_hs, readWindow, return value</column>
<column name="ap_done">out, 1, ap_ctrl_hs, readWindow, return value</column>
<column name="ap_continue">in, 1, ap_ctrl_hs, readWindow, return value</column>
<column name="ap_idle">out, 1, ap_ctrl_hs, readWindow, return value</column>
<column name="ap_ready">out, 1, ap_ctrl_hs, readWindow, return value</column>
<column name="width_dout">in, 32, ap_fifo, width, pointer</column>
<column name="width_empty_n">in, 1, ap_fifo, width, pointer</column>
<column name="width_read">out, 1, ap_fifo, width, pointer</column>
<column name="height_dout">in, 32, ap_fifo, height, pointer</column>
<column name="height_empty_n">in, 1, ap_fifo, height, pointer</column>
<column name="height_read">out, 1, ap_fifo, height, pointer</column>
<column name="image_V_dout">in, 32, ap_fifo, image_V, pointer</column>
<column name="image_V_empty_n">in, 1, ap_fifo, image_V, pointer</column>
<column name="image_V_read">out, 1, ap_fifo, image_V, pointer</column>
<column name="windows_V_pix_0_0_din">out, 32, ap_fifo, windows_V_pix_0_0, pointer</column>
<column name="windows_V_pix_0_0_full_n">in, 1, ap_fifo, windows_V_pix_0_0, pointer</column>
<column name="windows_V_pix_0_0_write">out, 1, ap_fifo, windows_V_pix_0_0, pointer</column>
<column name="windows_V_pix_0_1_din">out, 32, ap_fifo, windows_V_pix_0_1, pointer</column>
<column name="windows_V_pix_0_1_full_n">in, 1, ap_fifo, windows_V_pix_0_1, pointer</column>
<column name="windows_V_pix_0_1_write">out, 1, ap_fifo, windows_V_pix_0_1, pointer</column>
<column name="windows_V_pix_1_0_din">out, 32, ap_fifo, windows_V_pix_1_0, pointer</column>
<column name="windows_V_pix_1_0_full_n">in, 1, ap_fifo, windows_V_pix_1_0, pointer</column>
<column name="windows_V_pix_1_0_write">out, 1, ap_fifo, windows_V_pix_1_0, pointer</column>
<column name="windows_V_pix_1_1_din">out, 32, ap_fifo, windows_V_pix_1_1, pointer</column>
<column name="windows_V_pix_1_1_full_n">in, 1, ap_fifo, windows_V_pix_1_1, pointer</column>
<column name="windows_V_pix_1_1_write">out, 1, ap_fifo, windows_V_pix_1_1, pointer</column>
<column name="windows_V_pix_2_0_din">out, 32, ap_fifo, windows_V_pix_2_0, pointer</column>
<column name="windows_V_pix_2_0_full_n">in, 1, ap_fifo, windows_V_pix_2_0, pointer</column>
<column name="windows_V_pix_2_0_write">out, 1, ap_fifo, windows_V_pix_2_0, pointer</column>
<column name="windows_V_pix_2_1_din">out, 32, ap_fifo, windows_V_pix_2_1, pointer</column>
<column name="windows_V_pix_2_1_full_n">in, 1, ap_fifo, windows_V_pix_2_1, pointer</column>
<column name="windows_V_pix_2_1_write">out, 1, ap_fifo, windows_V_pix_2_1, pointer</column>
<column name="width_out_din">out, 32, ap_fifo, width_out, pointer</column>
<column name="width_out_full_n">in, 1, ap_fifo, width_out, pointer</column>
<column name="width_out_write">out, 1, ap_fifo, width_out, pointer</column>
<column name="height_out_din">out, 32, ap_fifo, height_out, pointer</column>
<column name="height_out_full_n">in, 1, ap_fifo, height_out, pointer</column>
<column name="height_out_write">out, 1, ap_fifo, height_out, pointer</column>
</table>
</item>
</section>
</profile>
