<stg><name>writeToMemmory</name>


<trans_list>

<trans id="33" from="1" to="2">
<condition id="14">
<or_exp><and_exp></and_exp></or_exp>
</condition>
</trans>

<trans id="34" from="2" to="3">
<condition id="16">
<or_exp><and_exp></and_exp></or_exp>
</condition>
</trans>

<trans id="35" from="3" to="3">
<condition id="18">
<or_exp><and_exp><literal name="exitcond_i" val="0"/>
</and_exp></or_exp>
</condition>
</trans>
</trans_list>



<state_list>

<state id="1" st_id="1">

<operation id="4" st_id="1" stage="1" lat="1">
<core>FIFO</core>
<MemPortIdVec></MemPortIdVec>
<condition id="0">
<or_exp><and_exp></and_exp></or_exp>
</condition>

<Node id="8" bw="32" op_0_bw="32" op_1_bw="32">
<![CDATA[
entry:3  %width_read = call i32 @_ssdm_op_Read.ap_fifo.i32P(i32* %width)

]]></Node>
<StgValue><ssdm name="width_read"/></StgValue>
</operation>

<operation id="5" st_id="1" stage="1" lat="1">
<core>FIFO</core>
<MemPortIdVec></MemPortIdVec>
<condition id="0">
<or_exp><and_exp></and_exp></or_exp>
</condition>

<Node id="9" bw="32" op_0_bw="32" op_1_bw="32">
<![CDATA[
entry:4  %height_read = call i32 @_ssdm_op_Read.ap_fifo.i32P(i32* %height)

]]></Node>
<StgValue><ssdm name="height_read"/></StgValue>
</operation>

<operation id="6" st_id="1" stage="1" lat="1">
<core>AddSub</core>
<MemPortIdVec></MemPortIdVec>
<condition id="0">
<or_exp><and_exp></and_exp></or_exp>
</condition>

<Node id="10" bw="32" op_0_bw="32" op_1_bw="32">
<![CDATA[
entry:5  %tmp_i = add nsw i32 %height_read, -2

]]></Node>
<StgValue><ssdm name="tmp_i"/></StgValue>
</operation>

<operation id="7" st_id="1" stage="1" lat="1">
<core>AddSub</core>
<MemPortIdVec></MemPortIdVec>
<condition id="0">
<or_exp><and_exp></and_exp></or_exp>
</condition>

<Node id="11" bw="32" op_0_bw="32" op_1_bw="32">
<![CDATA[
entry:6  %tmp_1_i = add nsw i32 %width_read, -1

]]></Node>
<StgValue><ssdm name="tmp_1_i"/></StgValue>
</operation>
</state>

<state id="2" st_id="2">

<operation id="8" st_id="2" stage="1" lat="1">
<core>NULL</core>
<MemPortIdVec></MemPortIdVec>
<condition id="1">
<or_exp><and_exp></and_exp></or_exp>
</condition>

<Node id="5" bw="32" op_0_bw="32" op_1_bw="32" op_2_bw="0" op_3_bw="32" op_4_bw="32" op_5_bw="0" op_6_bw="32" op_7_bw="32" op_8_bw="0" op_9_bw="0" op_10_bw="0" op_11_bw="32" op_12_bw="32" op_13_bw="32" op_14_bw="32" op_15_bw="0" op_16_bw="0">
<![CDATA[
entry:0  %empty = call i32 (...)* @_ssdm_op_SpecInterface(i32* %out_image_V, [8 x i8]* @ap_fifo_str, i32 0, i32 0, [1 x i8]* @p_str, i32 0, i32 0, [1 x i8]* @p_str, [1 x i8]* @p_str, [1 x i8]* @p_str, i32 2, i32 2, i32 16, i32 16, [1 x i8]* @p_str, [1 x i8]* @p_str)

]]></Node>
<StgValue><ssdm name="empty"/></StgValue>
</operation>

<operation id="9" st_id="2" stage="1" lat="1">
<core>NULL</core>
<MemPortIdVec></MemPortIdVec>
<condition id="1">
<or_exp><and_exp></and_exp></or_exp>
</condition>

<Node id="6" bw="32" op_0_bw="32" op_1_bw="32" op_2_bw="0" op_3_bw="32" op_4_bw="32" op_5_bw="0" op_6_bw="32" op_7_bw="32" op_8_bw="0" op_9_bw="0" op_10_bw="0" op_11_bw="32" op_12_bw="32" op_13_bw="32" op_14_bw="32" op_15_bw="0" op_16_bw="0">
<![CDATA[
entry:1  %empty_4 = call i32 (...)* @_ssdm_op_SpecInterface(i32* %height, [8 x i8]* @ap_fifo_str, i32 0, i32 0, [1 x i8]* @p_str, i32 0, i32 0, [1 x i8]* @p_str, [1 x i8]* @p_str, [1 x i8]* @p_str, i32 2, i32 2, i32 16, i32 16, [1 x i8]* @p_str, [1 x i8]* @p_str)

]]></Node>
<StgValue><ssdm name="empty_4"/></StgValue>
</operation>

<operation id="10" st_id="2" stage="1" lat="1">
<core>NULL</core>
<MemPortIdVec></MemPortIdVec>
<condition id="1">
<or_exp><and_exp></and_exp></or_exp>
</condition>

<Node id="7" bw="32" op_0_bw="32" op_1_bw="32" op_2_bw="0" op_3_bw="32" op_4_bw="32" op_5_bw="0" op_6_bw="32" op_7_bw="32" op_8_bw="0" op_9_bw="0" op_10_bw="0" op_11_bw="32" op_12_bw="32" op_13_bw="32" op_14_bw="32" op_15_bw="0" op_16_bw="0">
<![CDATA[
entry:2  %empty_5 = call i32 (...)* @_ssdm_op_SpecInterface(i32* %width, [8 x i8]* @ap_fifo_str, i32 0, i32 0, [1 x i8]* @p_str, i32 0, i32 0, [1 x i8]* @p_str, [1 x i8]* @p_str, [1 x i8]* @p_str, i32 2, i32 2, i32 16, i32 16, [1 x i8]* @p_str, [1 x i8]* @p_str)

]]></Node>
<StgValue><ssdm name="empty_5"/></StgValue>
</operation>

<operation id="11" st_id="2" stage="1" lat="1">
<core>Mul</core>
<MemPortIdVec></MemPortIdVec>
<condition id="1">
<or_exp><and_exp></and_exp></or_exp>
</condition>

<Node id="12" bw="32" op_0_bw="32" op_1_bw="32">
<![CDATA[
entry:7  %size = mul nsw i32 %tmp_i, %tmp_1_i

]]></Node>
<StgValue><ssdm name="size"/></StgValue>
</operation>

<operation id="12" st_id="2" stage="1" lat="1">
<core>NULL</core>
<MemPortIdVec></MemPortIdVec>
<condition id="1">
<or_exp><and_exp></and_exp></or_exp>
</condition>

<Node id="13" bw="0" op_0_bw="0">
<![CDATA[
entry:8  br label %0

]]></Node>
<StgValue><ssdm name=""/></StgValue>
</operation>
</state>

<state id="3" st_id="3">

<operation id="13" st_id="3" stage="1" lat="1">
<core>NULL</core>
<MemPortIdVec></MemPortIdVec>
<condition id="2">
<or_exp><and_exp></and_exp></or_exp>
</condition>

<Node id="15" bw="15" op_0_bw="15" op_1_bw="0">
<![CDATA[
:0  %i_i = phi i15 [ 0, %entry ], [ %i, %4 ]

]]></Node>
<StgValue><ssdm name="i_i"/></StgValue>
</operation>

<operation id="14" st_id="3" stage="1" lat="1">
<core>NULL</core>
<MemPortIdVec></MemPortIdVec>
<condition id="2">
<or_exp><and_exp></and_exp></or_exp>
</condition>

<Node id="16" bw="32" op_0_bw="15">
<![CDATA[
:1  %i_cast4_i = zext i15 %i_i to i32

]]></Node>
<StgValue><ssdm name="i_cast4_i"/></StgValue>
</operation>

<operation id="15" st_id="3" stage="1" lat="1">
<core>Cmp</core>
<MemPortIdVec></MemPortIdVec>
<condition id="2">
<or_exp><and_exp></and_exp></or_exp>
</condition>

<Node id="17" bw="1" op_0_bw="15" op_1_bw="15">
<![CDATA[
:2  %exitcond_i = icmp eq i15 %i_i, -12032

]]></Node>
<StgValue><ssdm name="exitcond_i"/></StgValue>
</operation>

<operation id="16" st_id="3" stage="1" lat="1">
<core>NULL</core>
<MemPortIdVec></MemPortIdVec>
<condition id="2">
<or_exp><and_exp></and_exp></or_exp>
</condition>

<Node id="18" bw="0" op_0_bw="0" op_1_bw="64" op_2_bw="64" op_3_bw="64">
<![CDATA[
:3  call void (...)* @_ssdm_op_SpecLoopTripCount(i64 20736, i64 20736, i64 20736)

]]></Node>
<StgValue><ssdm name=""/></StgValue>
</operation>

<operation id="17" st_id="3" stage="1" lat="1">
<core>AddSub</core>
<MemPortIdVec></MemPortIdVec>
<condition id="2">
<or_exp><and_exp></and_exp></or_exp>
</condition>

<Node id="19" bw="15" op_0_bw="15" op_1_bw="15">
<![CDATA[
:4  %i = add i15 %i_i, 1

]]></Node>
<StgValue><ssdm name="i"/></StgValue>
</operation>

<operation id="18" st_id="3" stage="1" lat="1">
<core>NULL</core>
<MemPortIdVec></MemPortIdVec>
<condition id="2">
<or_exp><and_exp></and_exp></or_exp>
</condition>

<Node id="20" bw="0" op_0_bw="1" op_1_bw="0" op_2_bw="0">
<![CDATA[
:5  br i1 %exitcond_i, label %.exit, label %1

]]></Node>
<StgValue><ssdm name=""/></StgValue>
</operation>

<operation id="19" st_id="3" stage="1" lat="1">
<core>NULL</core>
<MemPortIdVec></MemPortIdVec>
<condition id="4">
<or_exp><and_exp><literal name="exitcond_i" val="0"/>
</and_exp></or_exp>
</condition>

<Node id="22" bw="0" op_0_bw="0" op_1_bw="0">
<![CDATA[
:0  call void (...)* @_ssdm_op_SpecLoopName([24 x i8]* @p_str7) nounwind

]]></Node>
<StgValue><ssdm name=""/></StgValue>
</operation>

<operation id="20" st_id="3" stage="1" lat="1">
<core>Cmp</core>
<MemPortIdVec></MemPortIdVec>
<condition id="4">
<or_exp><and_exp><literal name="exitcond_i" val="0"/>
</and_exp></or_exp>
</condition>

<Node id="23" bw="1" op_0_bw="32" op_1_bw="32">
<![CDATA[
:1  %tmp_2_i = icmp slt i32 %i_cast4_i, %size

]]></Node>
<StgValue><ssdm name="tmp_2_i"/></StgValue>
</operation>

<operation id="21" st_id="3" stage="1" lat="1">
<core>NULL</core>
<MemPortIdVec></MemPortIdVec>
<condition id="4">
<or_exp><and_exp><literal name="exitcond_i" val="0"/>
</and_exp></or_exp>
</condition>

<Node id="24" bw="0" op_0_bw="1" op_1_bw="0" op_2_bw="0">
<![CDATA[
:2  br i1 %tmp_2_i, label %2, label %3

]]></Node>
<StgValue><ssdm name=""/></StgValue>
</operation>

<operation id="22" st_id="3" stage="1" lat="1">
<core>NULL</core>
<MemPortIdVec></MemPortIdVec>
<condition id="6">
<or_exp><and_exp><literal name="exitcond_i" val="0"/>
<literal name="tmp_2_i" val="0"/>
</and_exp></or_exp>
</condition>

<Node id="26" bw="64" op_0_bw="15">
<![CDATA[
:0  %tmp_5_i = zext i15 %i_i to i64

]]></Node>
<StgValue><ssdm name="tmp_5_i"/></StgValue>
</operation>

<operation id="23" st_id="3" stage="1" lat="1">
<core>NULL</core>
<MemPortIdVec></MemPortIdVec>
<condition id="6">
<or_exp><and_exp><literal name="exitcond_i" val="0"/>
<literal name="tmp_2_i" val="0"/>
</and_exp></or_exp>
</condition>

<Node id="27" bw="15" op_0_bw="32" op_1_bw="64" op_2_bw="64">
<![CDATA[
:1  %dst_addr_1 = getelementptr [20736 x i32]* %dst, i64 0, i64 %tmp_5_i

]]></Node>
<StgValue><ssdm name="dst_addr_1"/></StgValue>
</operation>

<operation id="24" st_id="3" stage="1" lat="1">
<core>RAM</core>
<MemPortIdVec>0 </MemPortIdVec>
<condition id="6">
<or_exp><and_exp><literal name="exitcond_i" val="0"/>
<literal name="tmp_2_i" val="0"/>
</and_exp></or_exp>
</condition>

<Node id="28" bw="0" op_0_bw="32" op_1_bw="15">
<![CDATA[
:2  store i32 0, i32* %dst_addr_1, align 4

]]></Node>
<StgValue><ssdm name=""/></StgValue>
</operation>

<operation id="25" st_id="3" stage="1" lat="1">
<core>NULL</core>
<MemPortIdVec></MemPortIdVec>
<condition id="6">
<or_exp><and_exp><literal name="exitcond_i" val="0"/>
<literal name="tmp_2_i" val="0"/>
</and_exp></or_exp>
</condition>

<Node id="29" bw="0" op_0_bw="0">
<![CDATA[
:3  br label %4

]]></Node>
<StgValue><ssdm name=""/></StgValue>
</operation>

<operation id="26" st_id="3" stage="1" lat="1">
<core>FIFO</core>
<MemPortIdVec></MemPortIdVec>
<condition id="8">
<or_exp><and_exp><literal name="exitcond_i" val="0"/>
<literal name="tmp_2_i" val="1"/>
</and_exp></or_exp>
</condition>

<Node id="31" bw="32" op_0_bw="32" op_1_bw="32">
<![CDATA[
:0  %tmp = call i32 @_ssdm_op_Read.ap_fifo.volatile.i32P(i32* %out_image_V)

]]></Node>
<StgValue><ssdm name="tmp"/></StgValue>
</operation>

<operation id="27" st_id="3" stage="1" lat="1">
<core>NULL</core>
<MemPortIdVec></MemPortIdVec>
<condition id="8">
<or_exp><and_exp><literal name="exitcond_i" val="0"/>
<literal name="tmp_2_i" val="1"/>
</and_exp></or_exp>
</condition>

<Node id="32" bw="64" op_0_bw="15">
<![CDATA[
:1  %tmp_4_i = zext i15 %i_i to i64

]]></Node>
<StgValue><ssdm name="tmp_4_i"/></StgValue>
</operation>

<operation id="28" st_id="3" stage="1" lat="1">
<core>NULL</core>
<MemPortIdVec></MemPortIdVec>
<condition id="8">
<or_exp><and_exp><literal name="exitcond_i" val="0"/>
<literal name="tmp_2_i" val="1"/>
</and_exp></or_exp>
</condition>

<Node id="33" bw="15" op_0_bw="32" op_1_bw="64" op_2_bw="64">
<![CDATA[
:2  %dst_addr = getelementptr [20736 x i32]* %dst, i64 0, i64 %tmp_4_i

]]></Node>
<StgValue><ssdm name="dst_addr"/></StgValue>
</operation>

<operation id="29" st_id="3" stage="1" lat="1">
<core>RAM</core>
<MemPortIdVec>0 </MemPortIdVec>
<condition id="8">
<or_exp><and_exp><literal name="exitcond_i" val="0"/>
<literal name="tmp_2_i" val="1"/>
</and_exp></or_exp>
</condition>

<Node id="34" bw="0" op_0_bw="32" op_1_bw="15">
<![CDATA[
:3  store i32 %tmp, i32* %dst_addr, align 4

]]></Node>
<StgValue><ssdm name=""/></StgValue>
</operation>

<operation id="30" st_id="3" stage="1" lat="1">
<core>NULL</core>
<MemPortIdVec></MemPortIdVec>
<condition id="8">
<or_exp><and_exp><literal name="exitcond_i" val="0"/>
<literal name="tmp_2_i" val="1"/>
</and_exp></or_exp>
</condition>

<Node id="35" bw="0" op_0_bw="0">
<![CDATA[
:4  br label %4

]]></Node>
<StgValue><ssdm name=""/></StgValue>
</operation>

<operation id="31" st_id="3" stage="1" lat="1">
<core>NULL</core>
<MemPortIdVec></MemPortIdVec>
<condition id="11">
<or_exp><and_exp><literal name="exitcond_i" val="0"/>
</and_exp></or_exp>
</condition>

<Node id="37" bw="0" op_0_bw="0">
<![CDATA[
:0  br label %0

]]></Node>
<StgValue><ssdm name=""/></StgValue>
</operation>

<operation id="32" st_id="3" stage="1" lat="1">
<core>NULL</core>
<MemPortIdVec></MemPortIdVec>
<condition id="13">
<or_exp><and_exp><literal name="exitcond_i" val="1"/>
</and_exp></or_exp>
</condition>

<Node id="39" bw="0">
<![CDATA[
.exit:0  ret void

]]></Node>
<StgValue><ssdm name=""/></StgValue>
</operation>
</state>
</state_list>


<ports>
<port id="36" name="width" dir="0" iftype="3">
<core>FIFO</core><StgValue><ssdm name="width"/></StgValue>
</port>
<port id="37" name="height" dir="0" iftype="3">
<core>FIFO</core><StgValue><ssdm name="height"/></StgValue>
</port>
<port id="38" name="out_image_V" dir="0" iftype="3">
<core>FIFO</core><StgValue><ssdm name="out_image_V"/></StgValue>
</port>
<port id="39" name="dst" dir="1" iftype="1">
<core>RAM</core><StgValue><ssdm name="dst"/><MemPortTyVec>0 3 </MemPortTyVec>
</StgValue>
</port>
</ports>


<dataflows>
<dataflow id="41" from="_ssdm_op_Read.ap_fifo.i32P" to="width_read" fromId="40" toId="4">
</dataflow>
<dataflow id="42" from="width" to="width_read" fromId="36" toId="4">
</dataflow>
<dataflow id="43" from="_ssdm_op_Read.ap_fifo.i32P" to="height_read" fromId="40" toId="5">
</dataflow>
<dataflow id="44" from="height" to="height_read" fromId="37" toId="5">
</dataflow>
<dataflow id="45" from="height_read" to="tmp_i" fromId="5" toId="6">
</dataflow>
<dataflow id="47" from="StgValue_46" to="tmp_i" fromId="46" toId="6">
</dataflow>
<dataflow id="48" from="width_read" to="tmp_1_i" fromId="4" toId="7">
</dataflow>
<dataflow id="50" from="StgValue_49" to="tmp_1_i" fromId="49" toId="7">
</dataflow>
<dataflow id="52" from="_ssdm_op_SpecInterface" to="empty" fromId="51" toId="8">
</dataflow>
<dataflow id="53" from="out_image_V" to="empty" fromId="38" toId="8">
</dataflow>
<dataflow id="55" from="ap_fifo_str" to="empty" fromId="54" toId="8">
</dataflow>
<dataflow id="57" from="StgValue_56" to="empty" fromId="56" toId="8">
</dataflow>
<dataflow id="58" from="StgValue_56" to="empty" fromId="56" toId="8">
</dataflow>
<dataflow id="60" from="p_str" to="empty" fromId="59" toId="8">
</dataflow>
<dataflow id="61" from="StgValue_56" to="empty" fromId="56" toId="8">
</dataflow>
<dataflow id="62" from="StgValue_56" to="empty" fromId="56" toId="8">
</dataflow>
<dataflow id="63" from="p_str" to="empty" fromId="59" toId="8">
</dataflow>
<dataflow id="64" from="p_str" to="empty" fromId="59" toId="8">
</dataflow>
<dataflow id="65" from="p_str" to="empty" fromId="59" toId="8">
</dataflow>
<dataflow id="67" from="StgValue_66" to="empty" fromId="66" toId="8">
</dataflow>
<dataflow id="68" from="StgValue_66" to="empty" fromId="66" toId="8">
</dataflow>
<dataflow id="70" from="StgValue_69" to="empty" fromId="69" toId="8">
</dataflow>
<dataflow id="71" from="StgValue_69" to="empty" fromId="69" toId="8">
</dataflow>
<dataflow id="72" from="p_str" to="empty" fromId="59" toId="8">
</dataflow>
<dataflow id="73" from="p_str" to="empty" fromId="59" toId="8">
</dataflow>
<dataflow id="74" from="_ssdm_op_SpecInterface" to="empty_4" fromId="51" toId="9">
</dataflow>
<dataflow id="75" from="height" to="empty_4" fromId="37" toId="9">
</dataflow>
<dataflow id="76" from="ap_fifo_str" to="empty_4" fromId="54" toId="9">
</dataflow>
<dataflow id="77" from="StgValue_56" to="empty_4" fromId="56" toId="9">
</dataflow>
<dataflow id="78" from="StgValue_56" to="empty_4" fromId="56" toId="9">
</dataflow>
<dataflow id="79" from="p_str" to="empty_4" fromId="59" toId="9">
</dataflow>
<dataflow id="80" from="StgValue_56" to="empty_4" fromId="56" toId="9">
</dataflow>
<dataflow id="81" from="StgValue_56" to="empty_4" fromId="56" toId="9">
</dataflow>
<dataflow id="82" from="p_str" to="empty_4" fromId="59" toId="9">
</dataflow>
<dataflow id="83" from="p_str" to="empty_4" fromId="59" toId="9">
</dataflow>
<dataflow id="84" from="p_str" to="empty_4" fromId="59" toId="9">
</dataflow>
<dataflow id="85" from="StgValue_66" to="empty_4" fromId="66" toId="9">
</dataflow>
<dataflow id="86" from="StgValue_66" to="empty_4" fromId="66" toId="9">
</dataflow>
<dataflow id="87" from="StgValue_69" to="empty_4" fromId="69" toId="9">
</dataflow>
<dataflow id="88" from="StgValue_69" to="empty_4" fromId="69" toId="9">
</dataflow>
<dataflow id="89" from="p_str" to="empty_4" fromId="59" toId="9">
</dataflow>
<dataflow id="90" from="p_str" to="empty_4" fromId="59" toId="9">
</dataflow>
<dataflow id="91" from="_ssdm_op_SpecInterface" to="empty_5" fromId="51" toId="10">
</dataflow>
<dataflow id="92" from="width" to="empty_5" fromId="36" toId="10">
</dataflow>
<dataflow id="93" from="ap_fifo_str" to="empty_5" fromId="54" toId="10">
</dataflow>
<dataflow id="94" from="StgValue_56" to="empty_5" fromId="56" toId="10">
</dataflow>
<dataflow id="95" from="StgValue_56" to="empty_5" fromId="56" toId="10">
</dataflow>
<dataflow id="96" from="p_str" to="empty_5" fromId="59" toId="10">
</dataflow>
<dataflow id="97" from="StgValue_56" to="empty_5" fromId="56" toId="10">
</dataflow>
<dataflow id="98" from="StgValue_56" to="empty_5" fromId="56" toId="10">
</dataflow>
<dataflow id="99" from="p_str" to="empty_5" fromId="59" toId="10">
</dataflow>
<dataflow id="100" from="p_str" to="empty_5" fromId="59" toId="10">
</dataflow>
<dataflow id="101" from="p_str" to="empty_5" fromId="59" toId="10">
</dataflow>
<dataflow id="102" from="StgValue_66" to="empty_5" fromId="66" toId="10">
</dataflow>
<dataflow id="103" from="StgValue_66" to="empty_5" fromId="66" toId="10">
</dataflow>
<dataflow id="104" from="StgValue_69" to="empty_5" fromId="69" toId="10">
</dataflow>
<dataflow id="105" from="StgValue_69" to="empty_5" fromId="69" toId="10">
</dataflow>
<dataflow id="106" from="p_str" to="empty_5" fromId="59" toId="10">
</dataflow>
<dataflow id="107" from="p_str" to="empty_5" fromId="59" toId="10">
</dataflow>
<dataflow id="108" from="tmp_i" to="size" fromId="6" toId="11">
</dataflow>
<dataflow id="109" from="tmp_1_i" to="size" fromId="7" toId="11">
</dataflow>
<dataflow id="111" from="StgValue_110" to="i_i" fromId="110" toId="13">
<condition id="26">
<or_exp><and_exp></and_exp></or_exp>
</condition>
</dataflow>
<dataflow id="112" from="StgValue_12" to="i_i" fromId="12" toId="13">
</dataflow>
<dataflow id="113" from="i" to="i_i" fromId="17" toId="13">
<BackEdge/>
<condition id="27">
<or_exp><and_exp><literal name="exitcond_i" val="0"/>
</and_exp></or_exp>
</condition>
</dataflow>
<dataflow id="114" from="StgValue_31" to="i_i" fromId="31" toId="13">
<BackEdge/>
</dataflow>
<dataflow id="115" from="i_i" to="i_cast4_i" fromId="13" toId="14">
</dataflow>
<dataflow id="116" from="i_i" to="exitcond_i" fromId="13" toId="15">
</dataflow>
<dataflow id="118" from="StgValue_117" to="exitcond_i" fromId="117" toId="15">
</dataflow>
<dataflow id="120" from="_ssdm_op_SpecLoopTripCount" to="StgValue_16" fromId="119" toId="16">
</dataflow>
<dataflow id="122" from="StgValue_121" to="StgValue_16" fromId="121" toId="16">
</dataflow>
<dataflow id="123" from="StgValue_121" to="StgValue_16" fromId="121" toId="16">
</dataflow>
<dataflow id="124" from="StgValue_121" to="StgValue_16" fromId="121" toId="16">
</dataflow>
<dataflow id="125" from="i_i" to="i" fromId="13" toId="17">
</dataflow>
<dataflow id="127" from="StgValue_126" to="i" fromId="126" toId="17">
</dataflow>
<dataflow id="128" from="exitcond_i" to="StgValue_18" fromId="15" toId="18">
</dataflow>
<dataflow id="130" from="_ssdm_op_SpecLoopName" to="StgValue_19" fromId="129" toId="19">
</dataflow>
<dataflow id="132" from="p_str7" to="StgValue_19" fromId="131" toId="19">
</dataflow>
<dataflow id="133" from="i_cast4_i" to="tmp_2_i" fromId="14" toId="20">
</dataflow>
<dataflow id="134" from="size" to="tmp_2_i" fromId="11" toId="20">
</dataflow>
<dataflow id="135" from="tmp_2_i" to="StgValue_21" fromId="20" toId="21">
</dataflow>
<dataflow id="136" from="i_i" to="tmp_5_i" fromId="13" toId="22">
</dataflow>
<dataflow id="137" from="dst" to="dst_addr_1" fromId="39" toId="23">
</dataflow>
<dataflow id="139" from="StgValue_138" to="dst_addr_1" fromId="138" toId="23">
</dataflow>
<dataflow id="140" from="tmp_5_i" to="dst_addr_1" fromId="22" toId="23">
</dataflow>
<dataflow id="141" from="StgValue_56" to="StgValue_24" fromId="56" toId="24">
</dataflow>
<dataflow id="142" from="dst_addr_1" to="StgValue_24" fromId="23" toId="24">
</dataflow>
<dataflow id="144" from="_ssdm_op_Read.ap_fifo.volatile.i32P" to="tmp" fromId="143" toId="26">
</dataflow>
<dataflow id="145" from="out_image_V" to="tmp" fromId="38" toId="26">
</dataflow>
<dataflow id="146" from="i_i" to="tmp_4_i" fromId="13" toId="27">
</dataflow>
<dataflow id="147" from="dst" to="dst_addr" fromId="39" toId="28">
</dataflow>
<dataflow id="148" from="StgValue_138" to="dst_addr" fromId="138" toId="28">
</dataflow>
<dataflow id="149" from="tmp_4_i" to="dst_addr" fromId="27" toId="28">
</dataflow>
<dataflow id="150" from="tmp" to="StgValue_29" fromId="26" toId="29">
</dataflow>
<dataflow id="151" from="dst_addr" to="StgValue_29" fromId="28" toId="29">
</dataflow>
<dataflow id="152" from="exitcond_i" to="StgValue_3" fromId="15" toId="3">
</dataflow>
<dataflow id="153" from="tmp_2_i" to="StgValue_3" fromId="20" toId="3">
</dataflow>
</dataflows>


</stg>
