<profile>

<section name = "Vivado HLS Report for 'writeToMemmory'" level="0">
<item name = "Date">Mon Dec 16 22:55:12 2024
</item>
<item name = "Version">2018.1 (Build 2188600 on Wed Apr 04 19:04:02 MDT 2018)</item>
<item name = "Project">Convolution2D</item>
<item name = "Solution">solution1</item>
<item name = "Product family">zynq</item>
<item name = "Target device">xc7z020clg484-1</item>
</section>

<section name = "Performance Estimates" level="0">
<item name = "Timing (ns)">
<section name = "" level="1">
<item name = "Summary"><table name="" hasTotal="0">
<keys size="4">Clock, Target, Estimated, Uncertainty</keys>
<column name="ap_clk">10.00, 8.51, 1.25</column>
</table>
</item>
</section>
</item>
<item name = "Latency (clock cycles)">
<section name = "" level="1">
<item name = "Summary"><table name="" hasTotal="0">
<keys size="6">, min, max, min, max, Type</keys>
<column name="">20738, 20738, 20738, 20738, none</column>
</table>
</item>
<item name = "Detail">
<section name = "" level="1">
<item name = "Instance"><table name="" hasTotal="0">
<keys size="7">Instance, Module, min, max, min, max, Type</keys>
</table>
</item>
<item name = "Loop"><table name="" hasTotal="0">
<keys size="8">Loop Name, min, max, Latency, achieved, target, Count, Pipelined</keys>
<column name="- WRITE_IMAGE_OUTPUT_LOOP">20736, 20736, 1, -, -, 20736, no</column>
</table>
</item>
</section>
</item>
</section>
</item>
</section>

<section name = "Utilization Estimates" level="0">
<item name = "Summary"><table name="" hasTotal="1">
<keys size="5">Name, BRAM_18K, DSP48E, FF, LUT</keys>
<column name="DSP">-, -, -, -</column>
<column name="Expression">-, 3, 0, 156</column>
<column name="FIFO">-, -, -, -</column>
<column name="Instance">-, -, -, -</column>
<column name="Memory">-, -, -, -</column>
<column name="Multiplexer">-, -, -, 96</column>
<column name="Register">-, -, 115, -</column>
<specialColumn name="Available">280, 220, 106400, 53200</specialColumn>
<specialColumn name="Utilization (%)">0, 1, ~0, ~0</specialColumn>
</table>
</item>
<item name = "Detail">
<section name = "" level="1">
<item name = "Instance"><table name="" hasTotal="1">
<keys size="6">Instance, Module, BRAM_18K, DSP48E, FF, LUT</keys>
</table>
</item>
<item name = "DSP48"><table name="" hasTotal="0">
<keys size="3">Instance, Module, Expression</keys>
</table>
</item>
<item name = "Memory"><table name="" hasTotal="1">
<keys size="9">Memory, Module, BRAM_18K, FF, LUT, Words, Bits, Banks, W*Bits*Banks</keys>
</table>
</item>
<item name = "FIFO"><table name="" hasTotal="1">
<keys size="7">Name, BRAM_18K, FF, LUT, Depth, Bits, Size:D*B</keys>
</table>
</item>
<item name = "Expression"><table name="" hasTotal="1">
<keys size="7">Variable Name, Operation, DSP48E, FF, LUT, Bitwidth P0, Bitwidth P1</keys>
<column name="size_fu_107_p2">*, 3, 0, 20, 32, 32</column>
<column name="i_fu_121_p2">+, 0, 0, 21, 15, 1</column>
<column name="tmp_1_i_fu_101_p2">+, 0, 0, 39, 32, 2</column>
<column name="tmp_i_fu_95_p2">+, 0, 0, 39, 32, 3</column>
<column name="ap_block_state3">and, 0, 0, 2, 1, 1</column>
<column name="ap_predicate_op26_read_state3">and, 0, 0, 2, 1, 1</column>
<column name="exitcond_i_fu_115_p2">icmp, 0, 0, 13, 15, 15</column>
<column name="tmp_2_i_fu_127_p2">icmp, 0, 0, 18, 32, 32</column>
<column name="ap_block_state1">or, 0, 0, 2, 1, 1</column>
</table>
</item>
<item name = "Multiplexer"><table name="" hasTotal="1">
<keys size="5">Name, LUT, Input Size, Bits, Total Bits</keys>
<column name="ap_NS_fsm">21, 4, 1, 4</column>
<column name="ap_done">9, 2, 1, 2</column>
<column name="dst_address0">15, 3, 15, 45</column>
<column name="dst_d0">15, 3, 32, 96</column>
<column name="height_blk_n">9, 2, 1, 2</column>
<column name="i_i_reg_84">9, 2, 15, 30</column>
<column name="out_image_V_blk_n">9, 2, 1, 2</column>
<column name="width_blk_n">9, 2, 1, 2</column>
</table>
</item>
<item name = "Register"><table name="" hasTotal="1">
<keys size="5">Name, FF, LUT, Bits, Const Bits</keys>
<column name="ap_CS_fsm">3, 0, 3, 0</column>
<column name="ap_done_reg">1, 0, 1, 0</column>
<column name="i_i_reg_84">15, 0, 15, 0</column>
<column name="size_reg_152">32, 0, 32, 0</column>
<column name="tmp_1_i_reg_147">32, 0, 32, 0</column>
<column name="tmp_i_reg_142">32, 0, 32, 0</column>
</table>
</item>
</section>
</item>
</section>

<section name = "Interface" level="0">
<item name = "Summary"><table name="" hasTotal="0">
<keys size="6">RTL Ports, Dir, Bits, Protocol, Source Object, C Type</keys>
<column name="ap_clk">in, 1, ap_ctrl_hs, writeToMemmory, return value</column>
<column name="ap_rst">in, 1, ap_ctrl_hs, writeToMemmory, return value</column>
<column name="ap_start">in, 1, ap_ctrl_hs, writeToMemmory, return value</column>
<column name="ap_done">out, 1, ap_ctrl_hs, writeToMemmory, return value</column>
<column name="ap_continue">in, 1, ap_ctrl_hs, writeToMemmory, return value</column>
<column name="ap_idle">out, 1, ap_ctrl_hs, writeToMemmory, return value</column>
<column name="ap_ready">out, 1, ap_ctrl_hs, writeToMemmory, return value</column>
<column name="width_dout">in, 32, ap_fifo, width, pointer</column>
<column name="width_empty_n">in, 1, ap_fifo, width, pointer</column>
<column name="width_read">out, 1, ap_fifo, width, pointer</column>
<column name="height_dout">in, 32, ap_fifo, height, pointer</column>
<column name="height_empty_n">in, 1, ap_fifo, height, pointer</column>
<column name="height_read">out, 1, ap_fifo, height, pointer</column>
<column name="out_image_V_dout">in, 32, ap_fifo, out_image_V, pointer</column>
<column name="out_image_V_empty_n">in, 1, ap_fifo, out_image_V, pointer</column>
<column name="out_image_V_read">out, 1, ap_fifo, out_image_V, pointer</column>
<column name="dst_address0">out, 15, ap_memory, dst, array</column>
<column name="dst_ce0">out, 1, ap_memory, dst, array</column>
<column name="dst_we0">out, 1, ap_memory, dst, array</column>
<column name="dst_d0">out, 32, ap_memory, dst, array</column>
</table>
</item>
</section>
</profile>
