<?xml version="1.0" encoding="utf-8"?>
<Messages>
	<Message prefix="[HLS 200-10]" severity="INFO" keynum="HLS_10_1312" content="Analyzing design file &apos;../Storage/Class/2024-2025/Embed/convolution2d/convolution2d.c&apos; ..." tag=""/>
	<Message prefix="[HLS 200-10]" severity="INFO" keynum="HLS_10_1465" content="Validating synthesis directives ..." tag=""/>
	<Message prefix="[HLS 200-40]" severity="WARNING" keynum="HLS_40_1852" content="Directive &apos;UNROLL&apos; cannot be applied: Label &apos;K_LOOP_COL&apos; does not exist in function &apos;convolution2d&apos;." tag=""/>
	<Message prefix="[HLS 200-40]" severity="WARNING" keynum="HLS_40_1852" content="Directive &apos;UNROLL&apos; cannot be applied: Label &apos;K_LOOP_ROW&apos; does not exist in function &apos;convolution2d&apos;." tag=""/>
	<Message prefix="[HLS 200-111]" severity="INFO" keynum="473" content="Finished Checking Pragmas Time (s): cpu = 00:00:01 ; elapsed = 00:00:04 . Memory (MB): peak = 101.340 ; gain = 44.859" tag=""/>
	<Message prefix="[HLS 200-111]" severity="INFO" keynum="473" content="Finished Linking Time (s): cpu = 00:00:01 ; elapsed = 00:00:06 . Memory (MB): peak = 101.359 ; gain = 44.879" tag=""/>
	<Message prefix="[HLS 200-10]" severity="INFO" keynum="HLS_10_1467" content="Starting code transformations ..." tag=""/>
	<Message prefix="[HLS 200-111]" severity="INFO" keynum="473" content="Finished Standard Transforms Time (s): cpu = 00:00:01 ; elapsed = 00:00:06 . Memory (MB): peak = 103.340 ; gain = 46.859" tag=""/>
	<Message prefix="[HLS 200-10]" severity="INFO" keynum="HLS_10_1472" content="Checking synthesizability ..." tag=""/>
	<Message prefix="[XFORM 203-602]" severity="INFO" keynum="794" content="Inlining function &apos;readFIFO&apos; into &apos;convolution2d&apos; (../Storage/Class/2024-2025/Embed/convolution2d/convolution2d.c:96) automatically." tag=""/>
	<Message prefix="[HLS 200-111]" severity="INFO" keynum="473" content="Finished Checking Synthesizability Time (s): cpu = 00:00:01 ; elapsed = 00:00:06 . Memory (MB): peak = 103.555 ; gain = 47.074" tag=""/>
	<Message prefix="[XFORM 203-602]" severity="INFO" keynum="794" content="Inlining function &apos;readFIFO&apos; into &apos;convolution2d&apos; (../Storage/Class/2024-2025/Embed/convolution2d/convolution2d.c:96) automatically." tag=""/>
	<Message prefix="[HLS 200-111]" severity="INFO" keynum="473" content="Finished Pre-synthesis Time (s): cpu = 00:00:01 ; elapsed = 00:00:07 . Memory (MB): peak = 123.719 ; gain = 67.238" tag=""/>
	<Message prefix="[HLS 200-111]" severity="INFO" keynum="473" content="Finished Architecture Synthesis Time (s): cpu = 00:00:01 ; elapsed = 00:00:07 . Memory (MB): peak = 123.793 ; gain = 67.312" tag=""/>
	<Message prefix="[HLS 200-10]" severity="INFO" keynum="HLS_10_1317" content="Starting hardware synthesis ..." tag=""/>
	<Message prefix="[HLS 200-10]" severity="INFO" keynum="HLS_10_1385" content="Synthesizing &apos;convolution2d&apos; ..." tag=""/>
	<Message prefix="[HLS 200-10]" severity="INFO" keynum="HLS_10_1477" content="----------------------------------------------------------------" tag=""/>
	<Message prefix="[HLS 200-42]" severity="INFO" keynum="HLS_42_1438" content="-- Implementing module &apos;convolution2d&apos;" tag=""/>
	<Message prefix="[HLS 200-10]" severity="INFO" keynum="HLS_10_1478" content="----------------------------------------------------------------" tag=""/>
	<Message prefix="[SCHED 204-11]" severity="INFO" keynum="139" content="Starting scheduling ..." tag=""/>
	<Message prefix="[SCHED 204-11]" severity="INFO" keynum="138" content="Finished scheduling." tag=""/>
	<Message prefix="[HLS 200-111]" severity="INFO" keynum="474" content=" Elapsed time: 6.7 seconds; current allocated memory: 75.819 MB." tag=""/>
	<Message prefix="[BIND 205-100]" severity="INFO" keynum="439" content="Starting micro-architecture generation ..." tag=""/>
	<Message prefix="[BIND 205-101]" severity="INFO" keynum="211" content="Performing variable lifetime analysis." tag=""/>
	<Message prefix="[BIND 205-101]" severity="INFO" keynum="210" content="Exploring resource sharing." tag=""/>
	<Message prefix="[BIND 205-101]" severity="INFO" keynum="206" content="Binding ..." tag=""/>
	<Message prefix="[BIND 205-100]" severity="INFO" keynum="438" content="Finished micro-architecture generation." tag=""/>
	<Message prefix="[HLS 200-111]" severity="INFO" keynum="474" content=" Elapsed time: 0.073 seconds; current allocated memory: 76.233 MB." tag=""/>
	<Message prefix="[HLS 200-10]" severity="INFO" keynum="HLS_10_1483" content="----------------------------------------------------------------" tag=""/>
	<Message prefix="[HLS 200-10]" severity="INFO" keynum="HLS_10_1484" content="-- Generating RTL for module &apos;convolution2d&apos;" tag=""/>
	<Message prefix="[HLS 200-10]" severity="INFO" keynum="HLS_10_1485" content="----------------------------------------------------------------" tag=""/>
	<Message prefix="[RTGEN 206-500]" severity="INFO" keynum="73" content="Setting interface mode on port &apos;convolution2d/width&apos; to &apos;ap_none&apos;." tag=""/>
	<Message prefix="[RTGEN 206-500]" severity="INFO" keynum="73" content="Setting interface mode on port &apos;convolution2d/height&apos; to &apos;ap_none&apos;." tag=""/>
	<Message prefix="[RTGEN 206-500]" severity="INFO" keynum="73" content="Setting interface mode on port &apos;convolution2d/kernel&apos; to &apos;ap_memory&apos;." tag=""/>
	<Message prefix="[RTGEN 206-500]" severity="INFO" keynum="73" content="Setting interface mode on port &apos;convolution2d/windows_data_pix&apos; to &apos;ap_memory&apos;." tag=""/>
	<Message prefix="[RTGEN 206-500]" severity="INFO" keynum="73" content="Setting interface mode on port &apos;convolution2d/windows_head&apos; to &apos;ap_none&apos;." tag=""/>
	<Message prefix="[RTGEN 206-500]" severity="INFO" keynum="73" content="Setting interface mode on port &apos;convolution2d/windows_tail&apos; to &apos;ap_none&apos;." tag=""/>
	<Message prefix="[RTGEN 206-500]" severity="INFO" keynum="73" content="Setting interface mode on port &apos;convolution2d/windows_empty&apos; to &apos;ap_none&apos;." tag=""/>
	<Message prefix="[RTGEN 206-500]" severity="INFO" keynum="73" content="Setting interface mode on port &apos;convolution2d/windows_full&apos; to &apos;ap_none&apos;." tag=""/>
	<Message prefix="[RTGEN 206-500]" severity="INFO" keynum="73" content="Setting interface mode on port &apos;convolution2d/out_image&apos; to &apos;ap_memory&apos;." tag=""/>
	<Message prefix="[RTGEN 206-500]" severity="INFO" keynum="73" content="Setting interface mode on function &apos;convolution2d&apos; to &apos;ap_ctrl_hs&apos;." tag=""/>
	<Message prefix="[SYN 201-210]" severity="INFO" keynum="402" content="Renamed object name &apos;convolution2d_agg_result_pix_assig&apos; to &apos;convolution2d_aggbkb&apos; due to the length limit 20" tag=""/>
	<Message prefix="[RTGEN 206-101]" severity="WARNING" keynum="251" content="Port &apos;convolution2d/windows_full&apos; has no fanin or fanout and is left dangling.
               Please use C simulation to confirm this function argument can be read from or written to." tag=""/>
	<Message prefix="[RTGEN 206-100]" severity="INFO" keynum="369" content="Finished creating RTL model for &apos;convolution2d&apos;." tag=""/>
	<Message prefix="[HLS 200-111]" severity="INFO" keynum="474" content=" Elapsed time: 0.178 seconds; current allocated memory: 76.949 MB." tag=""/>
	<Message prefix="[RTMG 210-278]" severity="INFO" keynum="RTMG_278_1790" content="Implementing memory &apos;convolution2d_aggbkb_ram (RAM)&apos; using block RAMs." tag=""/>
	<Message prefix="[HLS 200-111]" severity="INFO" keynum="473" content="Finished generating all RTL models Time (s): cpu = 00:00:01 ; elapsed = 00:00:08 . Memory (MB): peak = 127.758 ; gain = 71.277" tag=""/>
	<Message prefix="[SYSC 207-301]" severity="INFO" keynum="SYSC_301_1065" content="Generating SystemC RTL for convolution2d." tag=""/>
	<Message prefix="[VHDL 208-304]" severity="INFO" keynum="VHDL_304_1066" content="Generating VHDL RTL for convolution2d." tag=""/>
	<Message prefix="[VLOG 209-307]" severity="INFO" keynum="VLOG_307_1067" content="Generating Verilog RTL for convolution2d." tag=""/>
	<Message prefix="[HLS 200-112]" severity="INFO" keynum="472" content="Total elapsed time: 7.728 seconds; peak allocated memory: 76.949 MB." tag=""/>
</Messages>
