<profile>

<section name = "Vivado HLS Report for 'convolution2d'" level="0">
<item name = "Date">Fri Dec 13 22:06:10 2024
</item>
<item name = "Version">2018.1 (Build 2188600 on Wed Apr 04 19:04:02 MDT 2018)</item>
<item name = "Project">Convolution2D</item>
<item name = "Solution">solution1</item>
<item name = "Product family">zynq</item>
<item name = "Target device">xc7z020clg484-1</item>
</section>

<section name = "Performance Estimates" level="0">
<item name = "Timing (ns)">
<section name = "" level="1">
<item name = "Summary"><table name="" hasTotal="0">
<keys size="4">Clock, Target, Estimated, Uncertainty</keys>
<column name="ap_clk">10.00, 8.51, 1.25</column>
</table>
</item>
</section>
</item>
<item name = "Latency (clock cycles)">
<section name = "" level="1">
<item name = "Summary"><table name="" hasTotal="0">
<keys size="6">, min, max, min, max, Type</keys>
<column name="">?, ?, ?, ?, none</column>
</table>
</item>
<item name = "Detail">
<section name = "" level="1">
<item name = "Instance"><table name="" hasTotal="0">
<keys size="7">Instance, Module, min, max, min, max, Type</keys>
</table>
</item>
<item name = "Loop"><table name="" hasTotal="0">
<keys size="8">Loop Name, min, max, Latency, achieved, target, Count, Pipelined</keys>
<column name="- Loop 1">?, ?, ?, -, -, ?, no</column>
<column name=" + Loop 1.1">?, ?, ?, -, -, ?, no</column>
<column name="  ++ Loop 1.1.1">?, ?, 1, -, -, ?, no</column>
<column name="  ++ Loop 1.1.2">?, ?, ?, -, -, 3, no</column>
<column name="   +++ Loop 1.1.2.1">?, ?, 4, -, -, ?, no</column>
</table>
</item>
</section>
</item>
</section>
</item>
</section>
</profile>
