<stg><name>convolution2d</name>


<trans_list>

<trans id="154" from="1" to="2">
<condition id="31">
<or_exp><and_exp></and_exp></or_exp>
</condition>
</trans>

<trans id="155" from="2" to="3">
<condition id="33">
<or_exp><and_exp><literal name="exitcond3" val="0"/>
</and_exp></or_exp>
</condition>
</trans>

<trans id="156" from="3" to="4">
<condition id="35">
<or_exp><and_exp><literal name="exitcond2" val="0"/>
</and_exp></or_exp>
</condition>
</trans>

<trans id="171" from="3" to="2">
<condition id="57">
<or_exp><and_exp><literal name="exitcond2" val="1"/>
</and_exp></or_exp>
</condition>
</trans>

<trans id="157" from="4" to="4">
<condition id="37">
<or_exp><and_exp><literal name="tmp_i" val="1"/>
</and_exp></or_exp>
</condition>
</trans>

<trans id="158" from="4" to="5">
<condition id="38">
<or_exp><and_exp><literal name="tmp_i" val="0"/>
</and_exp></or_exp>
</condition>
</trans>

<trans id="160" from="5" to="6">
<condition id="40">
<or_exp><and_exp></and_exp></or_exp>
</condition>
</trans>

<trans id="161" from="6" to="7">
<condition id="41">
<or_exp><and_exp></and_exp></or_exp>
</condition>
</trans>

<trans id="162" from="7" to="8">
<condition id="43">
<or_exp><and_exp></and_exp></or_exp>
</condition>
</trans>

<trans id="163" from="8" to="9">
<condition id="45">
<or_exp><and_exp><literal name="exitcond" val="0"/>
</and_exp></or_exp>
</condition>
</trans>

<trans id="170" from="8" to="3">
<condition id="55">
<or_exp><and_exp><literal name="exitcond" val="1"/>
</and_exp></or_exp>
</condition>
</trans>

<trans id="164" from="9" to="10">
<condition id="46">
<or_exp><and_exp><literal name="icmp" val="1"/>
</and_exp></or_exp>
</condition>
</trans>

<trans id="169" from="9" to="8">
<condition id="53">
<or_exp><and_exp><literal name="icmp" val="0"/>
</and_exp></or_exp>
</condition>
</trans>

<trans id="166" from="10" to="11">
<condition id="48">
<or_exp><and_exp></and_exp></or_exp>
</condition>
</trans>

<trans id="167" from="11" to="12">
<condition id="49">
<or_exp><and_exp></and_exp></or_exp>
</condition>
</trans>

<trans id="168" from="12" to="9">
<condition id="51">
<or_exp><and_exp></and_exp></or_exp>
</condition>
</trans>
</trans_list>



<state_list>

<state id="1" st_id="1">

<operation id="13" st_id="1" stage="1" lat="1">
<core>NULL</core>
<MemPortIdVec></MemPortIdVec>
<condition id="0">
<or_exp><and_exp></and_exp></or_exp>
</condition>

<Node id="10" bw="32" op_0_bw="32">
<![CDATA[
:0  %jc_1 = alloca i32

]]></Node>
<StgValue><ssdm name="jc_1"/></StgValue>
</operation>

<operation id="14" st_id="1" stage="1" lat="1">
<core>NULL</core>
<MemPortIdVec></MemPortIdVec>
<condition id="0">
<or_exp><and_exp></and_exp></or_exp>
</condition>

<Node id="11" bw="16" op_0_bw="32">
<![CDATA[
:1  %windows_empty_buf = alloca i16

]]></Node>
<StgValue><ssdm name="windows_empty_buf"/></StgValue>
</operation>

<operation id="15" st_id="1" stage="1" lat="1">
<core>NULL</core>
<MemPortIdVec></MemPortIdVec>
<condition id="0">
<or_exp><and_exp></and_exp></or_exp>
</condition>

<Node id="12" bw="32" op_0_bw="32">
<![CDATA[
:2  %windows_tail_buf = alloca i32

]]></Node>
<StgValue><ssdm name="windows_tail_buf"/></StgValue>
</operation>

<operation id="16" st_id="1" stage="1" lat="1">
<core>NULL</core>
<MemPortIdVec></MemPortIdVec>
<condition id="0">
<or_exp><and_exp></and_exp></or_exp>
</condition>

<Node id="13" bw="0" op_0_bw="0" op_1_bw="32">
<![CDATA[
:3  call void (...)* @_ssdm_op_SpecBitsMap(i32 %width), !map !40

]]></Node>
<StgValue><ssdm name=""/></StgValue>
</operation>

<operation id="17" st_id="1" stage="1" lat="1">
<core>NULL</core>
<MemPortIdVec></MemPortIdVec>
<condition id="0">
<or_exp><and_exp></and_exp></or_exp>
</condition>

<Node id="14" bw="0" op_0_bw="0" op_1_bw="32">
<![CDATA[
:4  call void (...)* @_ssdm_op_SpecBitsMap(i32 %height), !map !46

]]></Node>
<StgValue><ssdm name=""/></StgValue>
</operation>

<operation id="18" st_id="1" stage="1" lat="1">
<core>NULL</core>
<MemPortIdVec></MemPortIdVec>
<condition id="0">
<or_exp><and_exp></and_exp></or_exp>
</condition>

<Node id="15" bw="0" op_0_bw="0" op_1_bw="32">
<![CDATA[
:5  call void (...)* @_ssdm_op_SpecBitsMap([6 x i32]* %kernel), !map !50

]]></Node>
<StgValue><ssdm name=""/></StgValue>
</operation>

<operation id="19" st_id="1" stage="1" lat="1">
<core>NULL</core>
<MemPortIdVec></MemPortIdVec>
<condition id="0">
<or_exp><and_exp></and_exp></or_exp>
</condition>

<Node id="16" bw="0" op_0_bw="0" op_1_bw="32">
<![CDATA[
:6  call void (...)* @_ssdm_op_SpecBitsMap([24 x i32]* %windows_data_pix), !map !57

]]></Node>
<StgValue><ssdm name=""/></StgValue>
</operation>

<operation id="20" st_id="1" stage="1" lat="1">
<core>NULL</core>
<MemPortIdVec></MemPortIdVec>
<condition id="0">
<or_exp><and_exp></and_exp></or_exp>
</condition>

<Node id="17" bw="0" op_0_bw="0" op_1_bw="32">
<![CDATA[
:7  call void (...)* @_ssdm_op_SpecBitsMap(i32 %windows_head), !map !63

]]></Node>
<StgValue><ssdm name=""/></StgValue>
</operation>

<operation id="21" st_id="1" stage="1" lat="1">
<core>NULL</core>
<MemPortIdVec></MemPortIdVec>
<condition id="0">
<or_exp><and_exp></and_exp></or_exp>
</condition>

<Node id="18" bw="0" op_0_bw="0" op_1_bw="32">
<![CDATA[
:8  call void (...)* @_ssdm_op_SpecBitsMap(i32 %windows_tail), !map !67

]]></Node>
<StgValue><ssdm name=""/></StgValue>
</operation>

<operation id="22" st_id="1" stage="1" lat="1">
<core>NULL</core>
<MemPortIdVec></MemPortIdVec>
<condition id="0">
<or_exp><and_exp></and_exp></or_exp>
</condition>

<Node id="19" bw="0" op_0_bw="0" op_1_bw="16">
<![CDATA[
:9  call void (...)* @_ssdm_op_SpecBitsMap(i16 %windows_empty), !map !71

]]></Node>
<StgValue><ssdm name=""/></StgValue>
</operation>

<operation id="23" st_id="1" stage="1" lat="1">
<core>NULL</core>
<MemPortIdVec></MemPortIdVec>
<condition id="0">
<or_exp><and_exp></and_exp></or_exp>
</condition>

<Node id="20" bw="0" op_0_bw="0" op_1_bw="16">
<![CDATA[
:10  call void (...)* @_ssdm_op_SpecBitsMap(i16 %windows_full), !map !75

]]></Node>
<StgValue><ssdm name=""/></StgValue>
</operation>

<operation id="24" st_id="1" stage="1" lat="1">
<core>NULL</core>
<MemPortIdVec></MemPortIdVec>
<condition id="0">
<or_exp><and_exp></and_exp></or_exp>
</condition>

<Node id="21" bw="0" op_0_bw="0" op_1_bw="32">
<![CDATA[
:11  call void (...)* @_ssdm_op_SpecBitsMap([32 x i32]* %out_image), !map !79

]]></Node>
<StgValue><ssdm name=""/></StgValue>
</operation>

<operation id="25" st_id="1" stage="1" lat="1">
<core>NULL</core>
<MemPortIdVec></MemPortIdVec>
<condition id="0">
<or_exp><and_exp></and_exp></or_exp>
</condition>

<Node id="22" bw="0" op_0_bw="0" op_1_bw="0">
<![CDATA[
:12  call void (...)* @_ssdm_op_SpecTopModule([14 x i8]* @convolution2d_str) nounwind

]]></Node>
<StgValue><ssdm name=""/></StgValue>
</operation>

<operation id="26" st_id="1" stage="1" lat="1">
<core>NULL</core>
<MemPortIdVec></MemPortIdVec>
<condition id="0">
<or_exp><and_exp></and_exp></or_exp>
</condition>

<Node id="23" bw="16" op_0_bw="16" op_1_bw="16">
<![CDATA[
:13  %windows_empty_read = call i16 @_ssdm_op_Read.ap_auto.i16(i16 %windows_empty)

]]></Node>
<StgValue><ssdm name="windows_empty_read"/></StgValue>
</operation>

<operation id="27" st_id="1" stage="1" lat="1">
<core>NULL</core>
<MemPortIdVec></MemPortIdVec>
<condition id="0">
<or_exp><and_exp></and_exp></or_exp>
</condition>

<Node id="24" bw="32" op_0_bw="32" op_1_bw="32">
<![CDATA[
:14  %windows_tail_read = call i32 @_ssdm_op_Read.ap_auto.i32(i32 %windows_tail)

]]></Node>
<StgValue><ssdm name="windows_tail_read"/></StgValue>
</operation>

<operation id="28" st_id="1" stage="1" lat="1">
<core>NULL</core>
<MemPortIdVec></MemPortIdVec>
<condition id="0">
<or_exp><and_exp></and_exp></or_exp>
</condition>

<Node id="25" bw="32" op_0_bw="32" op_1_bw="32">
<![CDATA[
:15  %windows_head_read = call i32 @_ssdm_op_Read.ap_auto.i32(i32 %windows_head)

]]></Node>
<StgValue><ssdm name="windows_head_read"/></StgValue>
</operation>

<operation id="29" st_id="1" stage="1" lat="1">
<core>NULL</core>
<MemPortIdVec></MemPortIdVec>
<condition id="0">
<or_exp><and_exp></and_exp></or_exp>
</condition>

<Node id="26" bw="32" op_0_bw="32" op_1_bw="32">
<![CDATA[
:16  %height_read = call i32 @_ssdm_op_Read.ap_auto.i32(i32 %height)

]]></Node>
<StgValue><ssdm name="height_read"/></StgValue>
</operation>

<operation id="30" st_id="1" stage="1" lat="1">
<core>NULL</core>
<MemPortIdVec></MemPortIdVec>
<condition id="0">
<or_exp><and_exp></and_exp></or_exp>
</condition>

<Node id="27" bw="32" op_0_bw="32" op_1_bw="32">
<![CDATA[
:17  %width_read = call i32 @_ssdm_op_Read.ap_auto.i32(i32 %width)

]]></Node>
<StgValue><ssdm name="width_read"/></StgValue>
</operation>

<operation id="31" st_id="1" stage="1" lat="1">
<core>RAM</core>
<MemPortIdVec></MemPortIdVec>
<condition id="0">
<or_exp><and_exp></and_exp></or_exp>
</condition>

<Node id="28" bw="32" op_0_bw="64">
<![CDATA[
:18  %agg_result_pix_assig = alloca [6 x i32], align 4

]]></Node>
<StgValue><ssdm name="agg_result_pix_assig"/></StgValue>
</operation>

<operation id="32" st_id="1" stage="1" lat="1">
<core>NULL</core>
<MemPortIdVec></MemPortIdVec>
<condition id="0">
<or_exp><and_exp></and_exp></or_exp>
</condition>

<Node id="29" bw="3" op_0_bw="32" op_1_bw="64" op_2_bw="64">
<![CDATA[
:19  %agg_result_pix_assig_1 = getelementptr [6 x i32]* %agg_result_pix_assig, i64 0, i64 0

]]></Node>
<StgValue><ssdm name="agg_result_pix_assig_1"/></StgValue>
</operation>

<operation id="33" st_id="1" stage="1" lat="1">
<core>NULL</core>
<MemPortIdVec></MemPortIdVec>
<condition id="0">
<or_exp><and_exp></and_exp></or_exp>
</condition>

<Node id="30" bw="3" op_0_bw="32" op_1_bw="64" op_2_bw="64">
<![CDATA[
:20  %agg_result_pix_assig_2 = getelementptr [6 x i32]* %agg_result_pix_assig, i64 0, i64 1

]]></Node>
<StgValue><ssdm name="agg_result_pix_assig_2"/></StgValue>
</operation>

<operation id="34" st_id="1" stage="1" lat="1">
<core>NULL</core>
<MemPortIdVec></MemPortIdVec>
<condition id="0">
<or_exp><and_exp></and_exp></or_exp>
</condition>

<Node id="31" bw="3" op_0_bw="32" op_1_bw="64" op_2_bw="64">
<![CDATA[
:21  %agg_result_pix_assig_3 = getelementptr [6 x i32]* %agg_result_pix_assig, i64 0, i64 2

]]></Node>
<StgValue><ssdm name="agg_result_pix_assig_3"/></StgValue>
</operation>

<operation id="35" st_id="1" stage="1" lat="1">
<core>NULL</core>
<MemPortIdVec></MemPortIdVec>
<condition id="0">
<or_exp><and_exp></and_exp></or_exp>
</condition>

<Node id="32" bw="3" op_0_bw="32" op_1_bw="64" op_2_bw="64">
<![CDATA[
:22  %agg_result_pix_assig_4 = getelementptr [6 x i32]* %agg_result_pix_assig, i64 0, i64 3

]]></Node>
<StgValue><ssdm name="agg_result_pix_assig_4"/></StgValue>
</operation>

<operation id="36" st_id="1" stage="1" lat="1">
<core>NULL</core>
<MemPortIdVec></MemPortIdVec>
<condition id="0">
<or_exp><and_exp></and_exp></or_exp>
</condition>

<Node id="33" bw="3" op_0_bw="32" op_1_bw="64" op_2_bw="64">
<![CDATA[
:23  %agg_result_pix_assig_5 = getelementptr [6 x i32]* %agg_result_pix_assig, i64 0, i64 4

]]></Node>
<StgValue><ssdm name="agg_result_pix_assig_5"/></StgValue>
</operation>

<operation id="37" st_id="1" stage="1" lat="1">
<core>NULL</core>
<MemPortIdVec></MemPortIdVec>
<condition id="0">
<or_exp><and_exp></and_exp></or_exp>
</condition>

<Node id="34" bw="3" op_0_bw="32" op_1_bw="64" op_2_bw="64">
<![CDATA[
:24  %agg_result_pix_assig_6 = getelementptr [6 x i32]* %agg_result_pix_assig, i64 0, i64 5

]]></Node>
<StgValue><ssdm name="agg_result_pix_assig_6"/></StgValue>
</operation>

<operation id="38" st_id="1" stage="1" lat="1">
<core>AddSub</core>
<MemPortIdVec></MemPortIdVec>
<condition id="0">
<or_exp><and_exp></and_exp></or_exp>
</condition>

<Node id="35" bw="32" op_0_bw="32" op_1_bw="32">
<![CDATA[
:25  %tmp = add i32 %width_read, -1

]]></Node>
<StgValue><ssdm name="tmp"/></StgValue>
</operation>

<operation id="39" st_id="1" stage="1" lat="1">
<core>AddSub</core>
<MemPortIdVec></MemPortIdVec>
<condition id="0">
<or_exp><and_exp></and_exp></or_exp>
</condition>

<Node id="36" bw="32" op_0_bw="32" op_1_bw="32">
<![CDATA[
:26  %tmp_5 = add i32 %height_read, -2

]]></Node>
<StgValue><ssdm name="tmp_5"/></StgValue>
</operation>

<operation id="40" st_id="1" stage="1" lat="1">
<core>NULL</core>
<MemPortIdVec></MemPortIdVec>
<condition id="0">
<or_exp><and_exp></and_exp></or_exp>
</condition>

<Node id="37" bw="0" op_0_bw="32" op_1_bw="32">
<![CDATA[
:27  store i32 %windows_tail_read, i32* %windows_tail_buf

]]></Node>
<StgValue><ssdm name=""/></StgValue>
</operation>

<operation id="41" st_id="1" stage="1" lat="1">
<core>NULL</core>
<MemPortIdVec></MemPortIdVec>
<condition id="0">
<or_exp><and_exp></and_exp></or_exp>
</condition>

<Node id="38" bw="0" op_0_bw="16" op_1_bw="16">
<![CDATA[
:28  store i16 %windows_empty_read, i16* %windows_empty_buf

]]></Node>
<StgValue><ssdm name=""/></StgValue>
</operation>

<operation id="42" st_id="1" stage="1" lat="1">
<core>NULL</core>
<MemPortIdVec></MemPortIdVec>
<condition id="0">
<or_exp><and_exp></and_exp></or_exp>
</condition>

<Node id="39" bw="0" op_0_bw="0">
<![CDATA[
:29  br label %.loopexit7

]]></Node>
<StgValue><ssdm name=""/></StgValue>
</operation>
</state>

<state id="2" st_id="2">

<operation id="43" st_id="2" stage="1" lat="1">
<core>NULL</core>
<MemPortIdVec></MemPortIdVec>
<condition id="1">
<or_exp><and_exp></and_exp></or_exp>
</condition>

<Node id="41" bw="32" op_0_bw="32" op_1_bw="0">
<![CDATA[
.loopexit7:0  %i = phi i32 [ 0, %0 ], [ %i_1, %.loopexit7.loopexit ]

]]></Node>
<StgValue><ssdm name="i"/></StgValue>
</operation>

<operation id="44" st_id="2" stage="1" lat="1">
<core>Cmp</core>
<MemPortIdVec></MemPortIdVec>
<condition id="1">
<or_exp><and_exp></and_exp></or_exp>
</condition>

<Node id="42" bw="1" op_0_bw="32" op_1_bw="32">
<![CDATA[
.loopexit7:1  %exitcond3 = icmp eq i32 %i, %tmp_5

]]></Node>
<StgValue><ssdm name="exitcond3"/></StgValue>
</operation>

<operation id="45" st_id="2" stage="1" lat="1">
<core>AddSub</core>
<MemPortIdVec></MemPortIdVec>
<condition id="1">
<or_exp><and_exp></and_exp></or_exp>
</condition>

<Node id="43" bw="32" op_0_bw="32" op_1_bw="32">
<![CDATA[
.loopexit7:2  %i_1 = add i32 %i, 1

]]></Node>
<StgValue><ssdm name="i_1"/></StgValue>
</operation>

<operation id="46" st_id="2" stage="1" lat="1">
<core>NULL</core>
<MemPortIdVec></MemPortIdVec>
<condition id="1">
<or_exp><and_exp></and_exp></or_exp>
</condition>

<Node id="44" bw="0" op_0_bw="1" op_1_bw="0" op_2_bw="0">
<![CDATA[
.loopexit7:3  br i1 %exitcond3, label %7, label %.preheader.preheader

]]></Node>
<StgValue><ssdm name=""/></StgValue>
</operation>

<operation id="47" st_id="2" stage="1" lat="1">
<core>NULL</core>
<MemPortIdVec></MemPortIdVec>
<condition id="3">
<or_exp><and_exp><literal name="exitcond3" val="0"/>
</and_exp></or_exp>
</condition>

<Node id="46" bw="5" op_0_bw="32">
<![CDATA[
.preheader.preheader:0  %tmp_1 = trunc i32 %i to i5

]]></Node>
<StgValue><ssdm name="tmp_1"/></StgValue>
</operation>

<operation id="48" st_id="2" stage="1" lat="1">
<core>NULL</core>
<MemPortIdVec></MemPortIdVec>
<condition id="3">
<or_exp><and_exp><literal name="exitcond3" val="0"/>
</and_exp></or_exp>
</condition>

<Node id="47" bw="7" op_0_bw="7" op_1_bw="5" op_2_bw="2">
<![CDATA[
.preheader.preheader:1  %tmp_6_cast = call i7 @_ssdm_op_BitConcatenate.i7.i5.i2(i5 %tmp_1, i2 0)

]]></Node>
<StgValue><ssdm name="tmp_6_cast"/></StgValue>
</operation>

<operation id="49" st_id="2" stage="1" lat="1">
<core>NULL</core>
<MemPortIdVec></MemPortIdVec>
<condition id="3">
<or_exp><and_exp><literal name="exitcond3" val="0"/>
</and_exp></or_exp>
</condition>

<Node id="48" bw="0" op_0_bw="0">
<![CDATA[
.preheader.preheader:2  br label %.preheader

]]></Node>
<StgValue><ssdm name=""/></StgValue>
</operation>

<operation id="50" st_id="2" stage="1" lat="1">
<core>NULL</core>
<MemPortIdVec></MemPortIdVec>
<condition id="5">
<or_exp><and_exp><literal name="exitcond3" val="1"/>
</and_exp></or_exp>
</condition>

<Node id="156" bw="0">
<![CDATA[
:0  ret void

]]></Node>
<StgValue><ssdm name=""/></StgValue>
</operation>
</state>

<state id="3" st_id="3">

<operation id="51" st_id="3" stage="1" lat="1">
<core>NULL</core>
<MemPortIdVec></MemPortIdVec>
<condition id="6">
<or_exp><and_exp></and_exp></or_exp>
</condition>

<Node id="50" bw="32" op_0_bw="32" op_1_bw="0">
<![CDATA[
.preheader:0  %j = phi i32 [ 0, %.preheader.preheader ], [ %j_1, %6 ]

]]></Node>
<StgValue><ssdm name="j"/></StgValue>
</operation>

<operation id="52" st_id="3" stage="1" lat="1">
<core>Cmp</core>
<MemPortIdVec></MemPortIdVec>
<condition id="6">
<or_exp><and_exp></and_exp></or_exp>
</condition>

<Node id="51" bw="1" op_0_bw="32" op_1_bw="32">
<![CDATA[
.preheader:1  %exitcond2 = icmp eq i32 %j, %tmp

]]></Node>
<StgValue><ssdm name="exitcond2"/></StgValue>
</operation>

<operation id="53" st_id="3" stage="1" lat="1">
<core>AddSub</core>
<MemPortIdVec></MemPortIdVec>
<condition id="6">
<or_exp><and_exp></and_exp></or_exp>
</condition>

<Node id="52" bw="32" op_0_bw="32" op_1_bw="32">
<![CDATA[
.preheader:2  %j_1 = add i32 %j, 1

]]></Node>
<StgValue><ssdm name="j_1"/></StgValue>
</operation>

<operation id="54" st_id="3" stage="1" lat="1">
<core>NULL</core>
<MemPortIdVec></MemPortIdVec>
<condition id="6">
<or_exp><and_exp></and_exp></or_exp>
</condition>

<Node id="53" bw="0" op_0_bw="1" op_1_bw="0" op_2_bw="0">
<![CDATA[
.preheader:3  br i1 %exitcond2, label %.loopexit7.loopexit, label %1

]]></Node>
<StgValue><ssdm name=""/></StgValue>
</operation>

<operation id="55" st_id="3" stage="1" lat="1">
<core>NULL</core>
<MemPortIdVec></MemPortIdVec>
<condition id="8">
<or_exp><and_exp><literal name="exitcond2" val="0"/>
</and_exp></or_exp>
</condition>

<Node id="55" bw="16" op_0_bw="16">
<![CDATA[
:0  %windows_empty_buf_lo = load i16* %windows_empty_buf

]]></Node>
<StgValue><ssdm name="windows_empty_buf_lo"/></StgValue>
</operation>

<operation id="56" st_id="3" stage="1" lat="1">
<core>Cmp</core>
<MemPortIdVec></MemPortIdVec>
<condition id="8">
<or_exp><and_exp><literal name="exitcond2" val="0"/>
</and_exp></or_exp>
</condition>

<Node id="56" bw="1" op_0_bw="16" op_1_bw="16">
<![CDATA[
:1  %tmp_i = icmp eq i16 %windows_empty_buf_lo, 0

]]></Node>
<StgValue><ssdm name="tmp_i"/></StgValue>
</operation>

<operation id="57" st_id="3" stage="1" lat="1">
<core>NULL</core>
<MemPortIdVec></MemPortIdVec>
<condition id="8">
<or_exp><and_exp><literal name="exitcond2" val="0"/>
</and_exp></or_exp>
</condition>

<Node id="57" bw="0" op_0_bw="0">
<![CDATA[
:2  br label %._crit_edge.i

]]></Node>
<StgValue><ssdm name=""/></StgValue>
</operation>

<operation id="58" st_id="3" stage="1" lat="1">
<core>NULL</core>
<MemPortIdVec></MemPortIdVec>
<condition id="10">
<or_exp><and_exp><literal name="exitcond2" val="1"/>
</and_exp></or_exp>
</condition>

<Node id="154" bw="0" op_0_bw="0">
<![CDATA[
.loopexit7.loopexit:0  br label %.loopexit7

]]></Node>
<StgValue><ssdm name=""/></StgValue>
</operation>
</state>

<state id="4" st_id="4">

<operation id="59" st_id="4" stage="1" lat="1">
<core>NULL</core>
<MemPortIdVec></MemPortIdVec>
<condition id="11">
<or_exp><and_exp></and_exp></or_exp>
</condition>

<Node id="59" bw="0" op_0_bw="1" op_1_bw="0" op_2_bw="0">
<![CDATA[
._crit_edge.i:0  br i1 %tmp_i, label %._crit_edge.i, label %readFIFO.exit

]]></Node>
<StgValue><ssdm name=""/></StgValue>
</operation>

<operation id="60" st_id="4" stage="1" lat="1">
<core>NULL</core>
<MemPortIdVec></MemPortIdVec>
<condition id="13">
<or_exp><and_exp><literal name="tmp_i" val="0"/>
</and_exp></or_exp>
</condition>

<Node id="62" bw="32" op_0_bw="32">
<![CDATA[
readFIFO.exit:1  %windows_tail_buf_loa = load i32* %windows_tail_buf

]]></Node>
<StgValue><ssdm name="windows_tail_buf_loa"/></StgValue>
</operation>

<operation id="61" st_id="4" stage="1" lat="1">
<core>AddSub</core>
<MemPortIdVec></MemPortIdVec>
<condition id="13">
<or_exp><and_exp><literal name="tmp_i" val="0"/>
</and_exp></or_exp>
</condition>

<Node id="63" bw="32" op_0_bw="32" op_1_bw="32">
<![CDATA[
readFIFO.exit:2  %tmp_1_i = add nsw i32 1, %windows_tail_buf_loa

]]></Node>
<StgValue><ssdm name="tmp_1_i"/></StgValue>
</operation>

<operation id="62" st_id="4" stage="1" lat="1">
<core>NULL</core>
<MemPortIdVec></MemPortIdVec>
<condition id="13">
<or_exp><and_exp><literal name="tmp_i" val="0"/>
</and_exp></or_exp>
</condition>

<Node id="64" bw="1" op_0_bw="1" op_1_bw="32" op_2_bw="32">
<![CDATA[
readFIFO.exit:3  %tmp_2 = call i1 @_ssdm_op_BitSelect.i1.i32.i32(i32 %tmp_1_i, i32 31)

]]></Node>
<StgValue><ssdm name="tmp_2"/></StgValue>
</operation>

<operation id="63" st_id="4" stage="1" lat="1">
<core>NULL</core>
<MemPortIdVec></MemPortIdVec>
<condition id="13">
<or_exp><and_exp><literal name="tmp_i" val="0"/>
</and_exp></or_exp>
</condition>

<Node id="65" bw="2" op_0_bw="32">
<![CDATA[
readFIFO.exit:4  %tmp_3 = trunc i32 %tmp_1_i to i2

]]></Node>
<StgValue><ssdm name="tmp_3"/></StgValue>
</operation>

<operation id="64" st_id="4" stage="1" lat="1">
<core>NULL</core>
<MemPortIdVec></MemPortIdVec>
<condition id="13">
<or_exp><and_exp><literal name="tmp_i" val="0"/>
</and_exp></or_exp>
</condition>

<Node id="66" bw="32" op_0_bw="32" op_1_bw="30" op_2_bw="2">
<![CDATA[
readFIFO.exit:5  %p_and_f = call i32 @_ssdm_op_BitConcatenate.i32.i30.i2(i30 0, i2 %tmp_3)

]]></Node>
<StgValue><ssdm name="p_and_f"/></StgValue>
</operation>

<operation id="65" st_id="4" stage="1" lat="1">
<core>NULL</core>
<MemPortIdVec></MemPortIdVec>
<condition id="13">
<or_exp><and_exp><literal name="tmp_i" val="0"/>
</and_exp></or_exp>
</condition>

<Node id="67" bw="2" op_0_bw="32">
<![CDATA[
readFIFO.exit:6  %tmp_6 = trunc i32 %windows_tail_buf_loa to i2

]]></Node>
<StgValue><ssdm name="tmp_6"/></StgValue>
</operation>

<operation id="66" st_id="4" stage="1" lat="1">
<core>LogicGate</core>
<MemPortIdVec></MemPortIdVec>
<condition id="13">
<or_exp><and_exp><literal name="tmp_i" val="0"/>
</and_exp></or_exp>
</condition>

<Node id="68" bw="2" op_0_bw="2" op_1_bw="2">
<![CDATA[
readFIFO.exit:7  %tmp_7 = xor i2 %tmp_6, -1

]]></Node>
<StgValue><ssdm name="tmp_7"/></StgValue>
</operation>

<operation id="67" st_id="4" stage="1" lat="1">
<core>NULL</core>
<MemPortIdVec></MemPortIdVec>
<condition id="13">
<or_exp><and_exp><literal name="tmp_i" val="0"/>
</and_exp></or_exp>
</condition>

<Node id="69" bw="32" op_0_bw="32" op_1_bw="30" op_2_bw="2">
<![CDATA[
readFIFO.exit:8  %p_and_t = call i32 @_ssdm_op_BitConcatenate.i32.i30.i2(i30 0, i2 %tmp_7)

]]></Node>
<StgValue><ssdm name="p_and_t"/></StgValue>
</operation>

<operation id="68" st_id="4" stage="1" lat="1">
<core>AddSub</core>
<MemPortIdVec></MemPortIdVec>
<condition id="13">
<or_exp><and_exp><literal name="tmp_i" val="0"/>
</and_exp></or_exp>
</condition>

<Node id="70" bw="32" op_0_bw="32" op_1_bw="32">
<![CDATA[
readFIFO.exit:9  %p_neg_t = sub i32 0, %p_and_t

]]></Node>
<StgValue><ssdm name="p_neg_t"/></StgValue>
</operation>

<operation id="69" st_id="4" stage="1" lat="1">
<core>Sel</core>
<MemPortIdVec></MemPortIdVec>
<condition id="13">
<or_exp><and_exp><literal name="tmp_i" val="0"/>
</and_exp></or_exp>
</condition>

<Node id="71" bw="32" op_0_bw="1" op_1_bw="32" op_2_bw="32">
<![CDATA[
readFIFO.exit:10  %tmp_2_i = select i1 %tmp_2, i32 %p_neg_t, i32 %p_and_f

]]></Node>
<StgValue><ssdm name="tmp_2_i"/></StgValue>
</operation>

<operation id="70" st_id="4" stage="1" lat="1">
<core>Cmp</core>
<MemPortIdVec></MemPortIdVec>
<condition id="13">
<or_exp><and_exp><literal name="tmp_i" val="0"/>
</and_exp></or_exp>
</condition>

<Node id="72" bw="1" op_0_bw="32" op_1_bw="32">
<![CDATA[
readFIFO.exit:11  %tmp_3_i = icmp eq i32 %tmp_2_i, %windows_head_read

]]></Node>
<StgValue><ssdm name="tmp_3_i"/></StgValue>
</operation>

<operation id="71" st_id="4" stage="1" lat="1">
<core>NULL</core>
<MemPortIdVec></MemPortIdVec>
<condition id="13">
<or_exp><and_exp><literal name="tmp_i" val="0"/>
</and_exp></or_exp>
</condition>

<Node id="74" bw="3" op_0_bw="32">
<![CDATA[
readFIFO.exit:13  %tmp_8 = trunc i32 %tmp_2_i to i3

]]></Node>
<StgValue><ssdm name="tmp_8"/></StgValue>
</operation>

<operation id="72" st_id="4" stage="1" lat="1">
<core>NULL</core>
<MemPortIdVec></MemPortIdVec>
<condition id="13">
<or_exp><and_exp><literal name="tmp_i" val="0"/>
</and_exp></or_exp>
</condition>

<Node id="75" bw="6" op_0_bw="6" op_1_bw="3" op_2_bw="3">
<![CDATA[
readFIFO.exit:14  %p_shl_cast = call i6 @_ssdm_op_BitConcatenate.i6.i3.i3(i3 %tmp_8, i3 0)

]]></Node>
<StgValue><ssdm name="p_shl_cast"/></StgValue>
</operation>

<operation id="73" st_id="4" stage="1" lat="1">
<core>NULL</core>
<MemPortIdVec></MemPortIdVec>
<condition id="13">
<or_exp><and_exp><literal name="tmp_i" val="0"/>
</and_exp></or_exp>
</condition>

<Node id="76" bw="5" op_0_bw="32">
<![CDATA[
readFIFO.exit:15  %tmp_9 = trunc i32 %tmp_2_i to i5

]]></Node>
<StgValue><ssdm name="tmp_9"/></StgValue>
</operation>

<operation id="74" st_id="4" stage="1" lat="1">
<core>NULL</core>
<MemPortIdVec></MemPortIdVec>
<condition id="13">
<or_exp><and_exp><literal name="tmp_i" val="0"/>
</and_exp></or_exp>
</condition>

<Node id="77" bw="6" op_0_bw="6" op_1_bw="5" op_2_bw="1">
<![CDATA[
readFIFO.exit:16  %p_shl1_cast = call i6 @_ssdm_op_BitConcatenate.i6.i5.i1(i5 %tmp_9, i1 false)

]]></Node>
<StgValue><ssdm name="p_shl1_cast"/></StgValue>
</operation>

<operation id="75" st_id="4" stage="1" lat="1">
<core>AddSub</core>
<MemPortIdVec></MemPortIdVec>
<condition id="13">
<or_exp><and_exp><literal name="tmp_i" val="0"/>
</and_exp></or_exp>
</condition>

<Node id="78" bw="6" op_0_bw="6" op_1_bw="6">
<![CDATA[
readFIFO.exit:17  %tmp_10 = sub i6 %p_shl_cast, %p_shl1_cast

]]></Node>
<StgValue><ssdm name="tmp_10"/></StgValue>
</operation>

<operation id="76" st_id="4" stage="1" lat="1">
<core>NULL</core>
<MemPortIdVec></MemPortIdVec>
<condition id="13">
<or_exp><and_exp><literal name="tmp_i" val="0"/>
</and_exp></or_exp>
</condition>

<Node id="79" bw="64" op_0_bw="6">
<![CDATA[
readFIFO.exit:18  %tmp_12_cast = sext i6 %tmp_10 to i64

]]></Node>
<StgValue><ssdm name="tmp_12_cast"/></StgValue>
</operation>

<operation id="77" st_id="4" stage="1" lat="1">
<core>NULL</core>
<MemPortIdVec></MemPortIdVec>
<condition id="13">
<or_exp><and_exp><literal name="tmp_i" val="0"/>
</and_exp></or_exp>
</condition>

<Node id="80" bw="5" op_0_bw="32" op_1_bw="64" op_2_bw="64">
<![CDATA[
readFIFO.exit:19  %windows_data_pix_add = getelementptr [24 x i32]* %windows_data_pix, i64 0, i64 %tmp_12_cast

]]></Node>
<StgValue><ssdm name="windows_data_pix_add"/></StgValue>
</operation>

<operation id="78" st_id="4" stage="1" lat="1">
<core>NULL</core>
<MemPortIdVec></MemPortIdVec>
<condition id="13">
<or_exp><and_exp><literal name="tmp_i" val="0"/>
</and_exp></or_exp>
</condition>

<Node id="81" bw="6" op_0_bw="6" op_1_bw="6">
<![CDATA[
readFIFO.exit:20  %tmp_11 = or i6 %tmp_10, 1

]]></Node>
<StgValue><ssdm name="tmp_11"/></StgValue>
</operation>

<operation id="79" st_id="4" stage="1" lat="1">
<core>NULL</core>
<MemPortIdVec></MemPortIdVec>
<condition id="13">
<or_exp><and_exp><literal name="tmp_i" val="0"/>
</and_exp></or_exp>
</condition>

<Node id="82" bw="64" op_0_bw="6">
<![CDATA[
readFIFO.exit:21  %tmp_13_cast = zext i6 %tmp_11 to i64

]]></Node>
<StgValue><ssdm name="tmp_13_cast"/></StgValue>
</operation>

<operation id="80" st_id="4" stage="1" lat="1">
<core>NULL</core>
<MemPortIdVec></MemPortIdVec>
<condition id="13">
<or_exp><and_exp><literal name="tmp_i" val="0"/>
</and_exp></or_exp>
</condition>

<Node id="83" bw="5" op_0_bw="32" op_1_bw="64" op_2_bw="64">
<![CDATA[
readFIFO.exit:22  %windows_data_pix_add_1 = getelementptr [24 x i32]* %windows_data_pix, i64 0, i64 %tmp_13_cast

]]></Node>
<StgValue><ssdm name="windows_data_pix_add_1"/></StgValue>
</operation>

<operation id="81" st_id="4" stage="2" lat="2">
<core>RAM</core>
<MemPortIdVec></MemPortIdVec>
<condition id="13">
<or_exp><and_exp><literal name="tmp_i" val="0"/>
</and_exp></or_exp>
</condition>

<Node id="96" bw="32" op_0_bw="5">
<![CDATA[
readFIFO.exit:35  %windows_data_pix_loa = load i32* %windows_data_pix_add, align 4

]]></Node>
<StgValue><ssdm name="windows_data_pix_loa"/></StgValue>
</operation>

<operation id="82" st_id="4" stage="2" lat="2">
<core>RAM</core>
<MemPortIdVec></MemPortIdVec>
<condition id="13">
<or_exp><and_exp><literal name="tmp_i" val="0"/>
</and_exp></or_exp>
</condition>

<Node id="98" bw="32" op_0_bw="5">
<![CDATA[
readFIFO.exit:37  %windows_data_pix_loa_1 = load i32* %windows_data_pix_add_1, align 4

]]></Node>
<StgValue><ssdm name="windows_data_pix_loa_1"/></StgValue>
</operation>
</state>

<state id="5" st_id="5">

<operation id="83" st_id="5" stage="1" lat="1">
<core>AddSub</core>
<MemPortIdVec></MemPortIdVec>
<condition id="14">
<or_exp><and_exp></and_exp></or_exp>
</condition>

<Node id="84" bw="6" op_0_bw="6" op_1_bw="6">
<![CDATA[
readFIFO.exit:23  %tmp_12 = add i6 2, %tmp_10

]]></Node>
<StgValue><ssdm name="tmp_12"/></StgValue>
</operation>

<operation id="84" st_id="5" stage="1" lat="1">
<core>NULL</core>
<MemPortIdVec></MemPortIdVec>
<condition id="14">
<or_exp><and_exp></and_exp></or_exp>
</condition>

<Node id="85" bw="64" op_0_bw="6">
<![CDATA[
readFIFO.exit:24  %tmp_14_cast = sext i6 %tmp_12 to i64

]]></Node>
<StgValue><ssdm name="tmp_14_cast"/></StgValue>
</operation>

<operation id="85" st_id="5" stage="1" lat="1">
<core>NULL</core>
<MemPortIdVec></MemPortIdVec>
<condition id="14">
<or_exp><and_exp></and_exp></or_exp>
</condition>

<Node id="86" bw="5" op_0_bw="32" op_1_bw="64" op_2_bw="64">
<![CDATA[
readFIFO.exit:25  %windows_data_pix_add_2 = getelementptr [24 x i32]* %windows_data_pix, i64 0, i64 %tmp_14_cast

]]></Node>
<StgValue><ssdm name="windows_data_pix_add_2"/></StgValue>
</operation>

<operation id="86" st_id="5" stage="1" lat="1">
<core>AddSub</core>
<MemPortIdVec></MemPortIdVec>
<condition id="14">
<or_exp><and_exp></and_exp></or_exp>
</condition>

<Node id="87" bw="6" op_0_bw="6" op_1_bw="6">
<![CDATA[
readFIFO.exit:26  %tmp_13 = add i6 3, %tmp_10

]]></Node>
<StgValue><ssdm name="tmp_13"/></StgValue>
</operation>

<operation id="87" st_id="5" stage="1" lat="1">
<core>NULL</core>
<MemPortIdVec></MemPortIdVec>
<condition id="14">
<or_exp><and_exp></and_exp></or_exp>
</condition>

<Node id="88" bw="64" op_0_bw="6">
<![CDATA[
readFIFO.exit:27  %tmp_15_cast = sext i6 %tmp_13 to i64

]]></Node>
<StgValue><ssdm name="tmp_15_cast"/></StgValue>
</operation>

<operation id="88" st_id="5" stage="1" lat="1">
<core>NULL</core>
<MemPortIdVec></MemPortIdVec>
<condition id="14">
<or_exp><and_exp></and_exp></or_exp>
</condition>

<Node id="89" bw="5" op_0_bw="32" op_1_bw="64" op_2_bw="64">
<![CDATA[
readFIFO.exit:28  %windows_data_pix_add_3 = getelementptr [24 x i32]* %windows_data_pix, i64 0, i64 %tmp_15_cast

]]></Node>
<StgValue><ssdm name="windows_data_pix_add_3"/></StgValue>
</operation>

<operation id="89" st_id="5" stage="1" lat="2">
<core>RAM</core>
<MemPortIdVec></MemPortIdVec>
<condition id="14">
<or_exp><and_exp></and_exp></or_exp>
</condition>

<Node id="96" bw="32" op_0_bw="5">
<![CDATA[
readFIFO.exit:35  %windows_data_pix_loa = load i32* %windows_data_pix_add, align 4

]]></Node>
<StgValue><ssdm name="windows_data_pix_loa"/></StgValue>
</operation>

<operation id="90" st_id="5" stage="1" lat="1">
<core>RAM</core>
<MemPortIdVec></MemPortIdVec>
<condition id="14">
<or_exp><and_exp></and_exp></or_exp>
</condition>

<Node id="97" bw="0" op_0_bw="32" op_1_bw="3">
<![CDATA[
readFIFO.exit:36  store i32 %windows_data_pix_loa, i32* %agg_result_pix_assig_1, align 4

]]></Node>
<StgValue><ssdm name=""/></StgValue>
</operation>

<operation id="91" st_id="5" stage="1" lat="2">
<core>RAM</core>
<MemPortIdVec></MemPortIdVec>
<condition id="14">
<or_exp><and_exp></and_exp></or_exp>
</condition>

<Node id="98" bw="32" op_0_bw="5">
<![CDATA[
readFIFO.exit:37  %windows_data_pix_loa_1 = load i32* %windows_data_pix_add_1, align 4

]]></Node>
<StgValue><ssdm name="windows_data_pix_loa_1"/></StgValue>
</operation>

<operation id="92" st_id="5" stage="1" lat="1">
<core>RAM</core>
<MemPortIdVec></MemPortIdVec>
<condition id="14">
<or_exp><and_exp></and_exp></or_exp>
</condition>

<Node id="99" bw="0" op_0_bw="32" op_1_bw="3">
<![CDATA[
readFIFO.exit:38  store i32 %windows_data_pix_loa_1, i32* %agg_result_pix_assig_2, align 4

]]></Node>
<StgValue><ssdm name=""/></StgValue>
</operation>

<operation id="93" st_id="5" stage="2" lat="2">
<core>RAM</core>
<MemPortIdVec></MemPortIdVec>
<condition id="14">
<or_exp><and_exp></and_exp></or_exp>
</condition>

<Node id="100" bw="32" op_0_bw="5">
<![CDATA[
readFIFO.exit:39  %windows_data_pix_loa_2 = load i32* %windows_data_pix_add_2, align 4

]]></Node>
<StgValue><ssdm name="windows_data_pix_loa_2"/></StgValue>
</operation>

<operation id="94" st_id="5" stage="2" lat="2">
<core>RAM</core>
<MemPortIdVec></MemPortIdVec>
<condition id="14">
<or_exp><and_exp></and_exp></or_exp>
</condition>

<Node id="102" bw="32" op_0_bw="5">
<![CDATA[
readFIFO.exit:41  %windows_data_pix_loa_3 = load i32* %windows_data_pix_add_3, align 4

]]></Node>
<StgValue><ssdm name="windows_data_pix_loa_3"/></StgValue>
</operation>
</state>

<state id="6" st_id="6">

<operation id="95" st_id="6" stage="1" lat="1">
<core>AddSub</core>
<MemPortIdVec></MemPortIdVec>
<condition id="15">
<or_exp><and_exp></and_exp></or_exp>
</condition>

<Node id="90" bw="6" op_0_bw="6" op_1_bw="6">
<![CDATA[
readFIFO.exit:29  %tmp_14 = add i6 4, %tmp_10

]]></Node>
<StgValue><ssdm name="tmp_14"/></StgValue>
</operation>

<operation id="96" st_id="6" stage="1" lat="1">
<core>NULL</core>
<MemPortIdVec></MemPortIdVec>
<condition id="15">
<or_exp><and_exp></and_exp></or_exp>
</condition>

<Node id="91" bw="64" op_0_bw="6">
<![CDATA[
readFIFO.exit:30  %tmp_16_cast = sext i6 %tmp_14 to i64

]]></Node>
<StgValue><ssdm name="tmp_16_cast"/></StgValue>
</operation>

<operation id="97" st_id="6" stage="1" lat="1">
<core>NULL</core>
<MemPortIdVec></MemPortIdVec>
<condition id="15">
<or_exp><and_exp></and_exp></or_exp>
</condition>

<Node id="92" bw="5" op_0_bw="32" op_1_bw="64" op_2_bw="64">
<![CDATA[
readFIFO.exit:31  %windows_data_pix_add_4 = getelementptr [24 x i32]* %windows_data_pix, i64 0, i64 %tmp_16_cast

]]></Node>
<StgValue><ssdm name="windows_data_pix_add_4"/></StgValue>
</operation>

<operation id="98" st_id="6" stage="1" lat="1">
<core>AddSub</core>
<MemPortIdVec></MemPortIdVec>
<condition id="15">
<or_exp><and_exp></and_exp></or_exp>
</condition>

<Node id="93" bw="6" op_0_bw="6" op_1_bw="6">
<![CDATA[
readFIFO.exit:32  %tmp_15 = add i6 5, %tmp_10

]]></Node>
<StgValue><ssdm name="tmp_15"/></StgValue>
</operation>

<operation id="99" st_id="6" stage="1" lat="1">
<core>NULL</core>
<MemPortIdVec></MemPortIdVec>
<condition id="15">
<or_exp><and_exp></and_exp></or_exp>
</condition>

<Node id="94" bw="64" op_0_bw="6">
<![CDATA[
readFIFO.exit:33  %tmp_17_cast = sext i6 %tmp_15 to i64

]]></Node>
<StgValue><ssdm name="tmp_17_cast"/></StgValue>
</operation>

<operation id="100" st_id="6" stage="1" lat="1">
<core>NULL</core>
<MemPortIdVec></MemPortIdVec>
<condition id="15">
<or_exp><and_exp></and_exp></or_exp>
</condition>

<Node id="95" bw="5" op_0_bw="32" op_1_bw="64" op_2_bw="64">
<![CDATA[
readFIFO.exit:34  %windows_data_pix_add_5 = getelementptr [24 x i32]* %windows_data_pix, i64 0, i64 %tmp_17_cast

]]></Node>
<StgValue><ssdm name="windows_data_pix_add_5"/></StgValue>
</operation>

<operation id="101" st_id="6" stage="1" lat="2">
<core>RAM</core>
<MemPortIdVec></MemPortIdVec>
<condition id="15">
<or_exp><and_exp></and_exp></or_exp>
</condition>

<Node id="100" bw="32" op_0_bw="5">
<![CDATA[
readFIFO.exit:39  %windows_data_pix_loa_2 = load i32* %windows_data_pix_add_2, align 4

]]></Node>
<StgValue><ssdm name="windows_data_pix_loa_2"/></StgValue>
</operation>

<operation id="102" st_id="6" stage="1" lat="1">
<core>RAM</core>
<MemPortIdVec></MemPortIdVec>
<condition id="15">
<or_exp><and_exp></and_exp></or_exp>
</condition>

<Node id="101" bw="0" op_0_bw="32" op_1_bw="3">
<![CDATA[
readFIFO.exit:40  store i32 %windows_data_pix_loa_2, i32* %agg_result_pix_assig_3, align 4

]]></Node>
<StgValue><ssdm name=""/></StgValue>
</operation>

<operation id="103" st_id="6" stage="1" lat="2">
<core>RAM</core>
<MemPortIdVec></MemPortIdVec>
<condition id="15">
<or_exp><and_exp></and_exp></or_exp>
</condition>

<Node id="102" bw="32" op_0_bw="5">
<![CDATA[
readFIFO.exit:41  %windows_data_pix_loa_3 = load i32* %windows_data_pix_add_3, align 4

]]></Node>
<StgValue><ssdm name="windows_data_pix_loa_3"/></StgValue>
</operation>

<operation id="104" st_id="6" stage="1" lat="1">
<core>RAM</core>
<MemPortIdVec></MemPortIdVec>
<condition id="15">
<or_exp><and_exp></and_exp></or_exp>
</condition>

<Node id="103" bw="0" op_0_bw="32" op_1_bw="3">
<![CDATA[
readFIFO.exit:42  store i32 %windows_data_pix_loa_3, i32* %agg_result_pix_assig_4, align 4

]]></Node>
<StgValue><ssdm name=""/></StgValue>
</operation>

<operation id="105" st_id="6" stage="2" lat="2">
<core>RAM</core>
<MemPortIdVec></MemPortIdVec>
<condition id="15">
<or_exp><and_exp></and_exp></or_exp>
</condition>

<Node id="104" bw="32" op_0_bw="5">
<![CDATA[
readFIFO.exit:43  %windows_data_pix_loa_4 = load i32* %windows_data_pix_add_4, align 4

]]></Node>
<StgValue><ssdm name="windows_data_pix_loa_4"/></StgValue>
</operation>

<operation id="106" st_id="6" stage="2" lat="2">
<core>RAM</core>
<MemPortIdVec></MemPortIdVec>
<condition id="15">
<or_exp><and_exp></and_exp></or_exp>
</condition>

<Node id="106" bw="32" op_0_bw="5">
<![CDATA[
readFIFO.exit:45  %windows_data_pix_loa_5 = load i32* %windows_data_pix_add_5, align 4

]]></Node>
<StgValue><ssdm name="windows_data_pix_loa_5"/></StgValue>
</operation>
</state>

<state id="7" st_id="7">

<operation id="107" st_id="7" stage="1" lat="1">
<core>NULL</core>
<MemPortIdVec></MemPortIdVec>
<condition id="59">
<or_exp><and_exp><literal name="tmp_3_i" val="0"/>
</and_exp></or_exp>
</condition>

<Node id="61" bw="16" op_0_bw="16">
<![CDATA[
readFIFO.exit:0  %windows_empty_buf_lo_1 = load i16* %windows_empty_buf

]]></Node>
<StgValue><ssdm name="windows_empty_buf_lo_1"/></StgValue>
</operation>

<operation id="108" st_id="7" stage="1" lat="1">
<core>Sel</core>
<MemPortIdVec></MemPortIdVec>
<condition id="16">
<or_exp><and_exp></and_exp></or_exp>
</condition>

<Node id="73" bw="16" op_0_bw="1" op_1_bw="16" op_2_bw="16">
<![CDATA[
readFIFO.exit:12  %ff_empty_write_assig = select i1 %tmp_3_i, i16 1, i16 %windows_empty_buf_lo_1

]]></Node>
<StgValue><ssdm name="ff_empty_write_assig"/></StgValue>
</operation>

<operation id="109" st_id="7" stage="1" lat="2">
<core>RAM</core>
<MemPortIdVec></MemPortIdVec>
<condition id="16">
<or_exp><and_exp></and_exp></or_exp>
</condition>

<Node id="104" bw="32" op_0_bw="5">
<![CDATA[
readFIFO.exit:43  %windows_data_pix_loa_4 = load i32* %windows_data_pix_add_4, align 4

]]></Node>
<StgValue><ssdm name="windows_data_pix_loa_4"/></StgValue>
</operation>

<operation id="110" st_id="7" stage="1" lat="1">
<core>RAM</core>
<MemPortIdVec></MemPortIdVec>
<condition id="16">
<or_exp><and_exp></and_exp></or_exp>
</condition>

<Node id="105" bw="0" op_0_bw="32" op_1_bw="3">
<![CDATA[
readFIFO.exit:44  store i32 %windows_data_pix_loa_4, i32* %agg_result_pix_assig_5, align 4

]]></Node>
<StgValue><ssdm name=""/></StgValue>
</operation>

<operation id="111" st_id="7" stage="1" lat="2">
<core>RAM</core>
<MemPortIdVec></MemPortIdVec>
<condition id="16">
<or_exp><and_exp></and_exp></or_exp>
</condition>

<Node id="106" bw="32" op_0_bw="5">
<![CDATA[
readFIFO.exit:45  %windows_data_pix_loa_5 = load i32* %windows_data_pix_add_5, align 4

]]></Node>
<StgValue><ssdm name="windows_data_pix_loa_5"/></StgValue>
</operation>

<operation id="112" st_id="7" stage="1" lat="1">
<core>RAM</core>
<MemPortIdVec></MemPortIdVec>
<condition id="16">
<or_exp><and_exp></and_exp></or_exp>
</condition>

<Node id="107" bw="0" op_0_bw="32" op_1_bw="3">
<![CDATA[
readFIFO.exit:46  store i32 %windows_data_pix_loa_5, i32* %agg_result_pix_assig_6, align 4

]]></Node>
<StgValue><ssdm name=""/></StgValue>
</operation>

<operation id="113" st_id="7" stage="1" lat="1">
<core>NULL</core>
<MemPortIdVec></MemPortIdVec>
<condition id="16">
<or_exp><and_exp></and_exp></or_exp>
</condition>

<Node id="108" bw="0" op_0_bw="0">
<![CDATA[
readFIFO.exit:47  br label %2

]]></Node>
<StgValue><ssdm name=""/></StgValue>
</operation>
</state>

<state id="8" st_id="8">

<operation id="114" st_id="8" stage="1" lat="1">
<core>NULL</core>
<MemPortIdVec></MemPortIdVec>
<condition id="17">
<or_exp><and_exp></and_exp></or_exp>
</condition>

<Node id="110" bw="32" op_0_bw="32" op_1_bw="0">
<![CDATA[
:0  %sum = phi i32 [ 0, %readFIFO.exit ], [ %sum_1, %.loopexit ]

]]></Node>
<StgValue><ssdm name="sum"/></StgValue>
</operation>

<operation id="115" st_id="8" stage="1" lat="1">
<core>NULL</core>
<MemPortIdVec></MemPortIdVec>
<condition id="17">
<or_exp><and_exp></and_exp></or_exp>
</condition>

<Node id="111" bw="2" op_0_bw="2" op_1_bw="0">
<![CDATA[
:1  %ic = phi i2 [ 0, %readFIFO.exit ], [ %ic_1, %.loopexit ]

]]></Node>
<StgValue><ssdm name="ic"/></StgValue>
</operation>

<operation id="116" st_id="8" stage="1" lat="1">
<core>NULL</core>
<MemPortIdVec></MemPortIdVec>
<condition id="17">
<or_exp><and_exp></and_exp></or_exp>
</condition>

<Node id="112" bw="32" op_0_bw="32">
<![CDATA[
:2  %jc_1_load = load i32* %jc_1

]]></Node>
<StgValue><ssdm name="jc_1_load"/></StgValue>
</operation>

<operation id="117" st_id="8" stage="1" lat="1">
<core>Cmp</core>
<MemPortIdVec></MemPortIdVec>
<condition id="17">
<or_exp><and_exp></and_exp></or_exp>
</condition>

<Node id="113" bw="1" op_0_bw="2" op_1_bw="2">
<![CDATA[
:3  %exitcond = icmp eq i2 %ic, -1

]]></Node>
<StgValue><ssdm name="exitcond"/></StgValue>
</operation>

<operation id="118" st_id="8" stage="1" lat="1">
<core>NULL</core>
<MemPortIdVec></MemPortIdVec>
<condition id="17">
<or_exp><and_exp></and_exp></or_exp>
</condition>

<Node id="114" bw="32" op_0_bw="32" op_1_bw="64" op_2_bw="64" op_3_bw="64">
<![CDATA[
:4  %empty = call i32 (...)* @_ssdm_op_SpecLoopTripCount(i64 3, i64 3, i64 3)

]]></Node>
<StgValue><ssdm name="empty"/></StgValue>
</operation>

<operation id="119" st_id="8" stage="1" lat="1">
<core>AddSub</core>
<MemPortIdVec></MemPortIdVec>
<condition id="17">
<or_exp><and_exp></and_exp></or_exp>
</condition>

<Node id="115" bw="2" op_0_bw="2" op_1_bw="2">
<![CDATA[
:5  %ic_1 = add i2 %ic, 1

]]></Node>
<StgValue><ssdm name="ic_1"/></StgValue>
</operation>

<operation id="120" st_id="8" stage="1" lat="1">
<core>NULL</core>
<MemPortIdVec></MemPortIdVec>
<condition id="17">
<or_exp><and_exp></and_exp></or_exp>
</condition>

<Node id="116" bw="0" op_0_bw="1" op_1_bw="0" op_2_bw="0">
<![CDATA[
:6  br i1 %exitcond, label %6, label %3

]]></Node>
<StgValue><ssdm name=""/></StgValue>
</operation>

<operation id="121" st_id="8" stage="1" lat="1">
<core>Cmp</core>
<MemPortIdVec></MemPortIdVec>
<condition id="19">
<or_exp><and_exp><literal name="exitcond" val="0"/>
</and_exp></or_exp>
</condition>

<Node id="118" bw="1" op_0_bw="32" op_1_bw="32">
<![CDATA[
:0  %tmp_s = icmp ugt i32 %jc_1_load, 2

]]></Node>
<StgValue><ssdm name="tmp_s"/></StgValue>
</operation>

<operation id="122" st_id="8" stage="1" lat="1">
<core>Sel</core>
<MemPortIdVec></MemPortIdVec>
<condition id="19">
<or_exp><and_exp><literal name="exitcond" val="0"/>
</and_exp></or_exp>
</condition>

<Node id="119" bw="32" op_0_bw="1" op_1_bw="32" op_2_bw="32">
<![CDATA[
:1  %jc = select i1 %tmp_s, i32 %jc_1_load, i32 2

]]></Node>
<StgValue><ssdm name="jc"/></StgValue>
</operation>

<operation id="123" st_id="8" stage="1" lat="1">
<core>NULL</core>
<MemPortIdVec></MemPortIdVec>
<condition id="19">
<or_exp><and_exp><literal name="exitcond" val="0"/>
</and_exp></or_exp>
</condition>

<Node id="120" bw="3" op_0_bw="3" op_1_bw="2" op_2_bw="1">
<![CDATA[
:2  %tmp_18 = call i3 @_ssdm_op_BitConcatenate.i3.i2.i1(i2 %ic, i1 false)

]]></Node>
<StgValue><ssdm name="tmp_18"/></StgValue>
</operation>

<operation id="124" st_id="8" stage="1" lat="1">
<core>NULL</core>
<MemPortIdVec></MemPortIdVec>
<condition id="19">
<or_exp><and_exp><literal name="exitcond" val="0"/>
</and_exp></or_exp>
</condition>

<Node id="121" bw="4" op_0_bw="3">
<![CDATA[
:3  %tmp_20_cast = zext i3 %tmp_18 to i4

]]></Node>
<StgValue><ssdm name="tmp_20_cast"/></StgValue>
</operation>

<operation id="125" st_id="8" stage="1" lat="1">
<core>NULL</core>
<MemPortIdVec></MemPortIdVec>
<condition id="19">
<or_exp><and_exp><literal name="exitcond" val="0"/>
</and_exp></or_exp>
</condition>

<Node id="122" bw="0" op_0_bw="0">
<![CDATA[
:4  br label %4

]]></Node>
<StgValue><ssdm name=""/></StgValue>
</operation>

<operation id="126" st_id="8" stage="1" lat="1">
<core>NULL</core>
<MemPortIdVec></MemPortIdVec>
<condition id="21">
<or_exp><and_exp><literal name="exitcond" val="1"/>
</and_exp></or_exp>
</condition>

<Node id="145" bw="7" op_0_bw="32">
<![CDATA[
:0  %tmp_16 = trunc i32 %j to i7

]]></Node>
<StgValue><ssdm name="tmp_16"/></StgValue>
</operation>

<operation id="127" st_id="8" stage="1" lat="1">
<core>AddSub</core>
<MemPortIdVec></MemPortIdVec>
<condition id="21">
<or_exp><and_exp><literal name="exitcond" val="1"/>
</and_exp></or_exp>
</condition>

<Node id="146" bw="7" op_0_bw="7" op_1_bw="7">
<![CDATA[
:1  %tmp_17 = add i7 %tmp_6_cast, %tmp_16

]]></Node>
<StgValue><ssdm name="tmp_17"/></StgValue>
</operation>

<operation id="128" st_id="8" stage="1" lat="1">
<core>NULL</core>
<MemPortIdVec></MemPortIdVec>
<condition id="21">
<or_exp><and_exp><literal name="exitcond" val="1"/>
</and_exp></or_exp>
</condition>

<Node id="147" bw="64" op_0_bw="7">
<![CDATA[
:2  %tmp_18_cast = zext i7 %tmp_17 to i64

]]></Node>
<StgValue><ssdm name="tmp_18_cast"/></StgValue>
</operation>

<operation id="129" st_id="8" stage="1" lat="1">
<core>NULL</core>
<MemPortIdVec></MemPortIdVec>
<condition id="21">
<or_exp><and_exp><literal name="exitcond" val="1"/>
</and_exp></or_exp>
</condition>

<Node id="148" bw="5" op_0_bw="32" op_1_bw="64" op_2_bw="64">
<![CDATA[
:3  %out_image_addr = getelementptr [32 x i32]* %out_image, i64 0, i64 %tmp_18_cast

]]></Node>
<StgValue><ssdm name="out_image_addr"/></StgValue>
</operation>

<operation id="130" st_id="8" stage="1" lat="1">
<core>RAM</core>
<MemPortIdVec></MemPortIdVec>
<condition id="21">
<or_exp><and_exp><literal name="exitcond" val="1"/>
</and_exp></or_exp>
</condition>

<Node id="149" bw="0" op_0_bw="32" op_1_bw="5">
<![CDATA[
:4  store i32 %sum, i32* %out_image_addr, align 4

]]></Node>
<StgValue><ssdm name=""/></StgValue>
</operation>

<operation id="131" st_id="8" stage="1" lat="1">
<core>NULL</core>
<MemPortIdVec></MemPortIdVec>
<condition id="21">
<or_exp><and_exp><literal name="exitcond" val="1"/>
</and_exp></or_exp>
</condition>

<Node id="150" bw="0" op_0_bw="32" op_1_bw="32">
<![CDATA[
:5  store i32 %tmp_2_i, i32* %windows_tail_buf

]]></Node>
<StgValue><ssdm name=""/></StgValue>
</operation>

<operation id="132" st_id="8" stage="1" lat="1">
<core>NULL</core>
<MemPortIdVec></MemPortIdVec>
<condition id="21">
<or_exp><and_exp><literal name="exitcond" val="1"/>
</and_exp></or_exp>
</condition>

<Node id="151" bw="0" op_0_bw="16" op_1_bw="16">
<![CDATA[
:6  store i16 %ff_empty_write_assig, i16* %windows_empty_buf

]]></Node>
<StgValue><ssdm name=""/></StgValue>
</operation>

<operation id="133" st_id="8" stage="1" lat="1">
<core>NULL</core>
<MemPortIdVec></MemPortIdVec>
<condition id="21">
<or_exp><and_exp><literal name="exitcond" val="1"/>
</and_exp></or_exp>
</condition>

<Node id="152" bw="0" op_0_bw="0">
<![CDATA[
:7  br label %.preheader

]]></Node>
<StgValue><ssdm name=""/></StgValue>
</operation>
</state>

<state id="9" st_id="9">

<operation id="134" st_id="9" stage="1" lat="1">
<core>NULL</core>
<MemPortIdVec></MemPortIdVec>
<condition id="22">
<or_exp><and_exp></and_exp></or_exp>
</condition>

<Node id="124" bw="32" op_0_bw="32" op_1_bw="0">
<![CDATA[
:0  %sum_1 = phi i32 [ %sum, %3 ], [ %sum_2, %5 ]

]]></Node>
<StgValue><ssdm name="sum_1"/></StgValue>
</operation>

<operation id="135" st_id="9" stage="1" lat="1">
<core>NULL</core>
<MemPortIdVec></MemPortIdVec>
<condition id="22">
<or_exp><and_exp></and_exp></or_exp>
</condition>

<Node id="125" bw="32" op_0_bw="32" op_1_bw="0">
<![CDATA[
:1  %jc_3 = phi i32 [ %jc_1_load, %3 ], [ %jc1, %5 ]

]]></Node>
<StgValue><ssdm name="jc_3"/></StgValue>
</operation>

<operation id="136" st_id="9" stage="1" lat="1">
<core>NULL</core>
<MemPortIdVec></MemPortIdVec>
<condition id="22">
<or_exp><and_exp></and_exp></or_exp>
</condition>

<Node id="126" bw="31" op_0_bw="31" op_1_bw="32" op_2_bw="32" op_3_bw="32">
<![CDATA[
:2  %tmp_19 = call i31 @_ssdm_op_PartSelect.i31.i32.i32.i32(i32 %jc_3, i32 1, i32 31)

]]></Node>
<StgValue><ssdm name="tmp_19"/></StgValue>
</operation>

<operation id="137" st_id="9" stage="1" lat="1">
<core>Cmp</core>
<MemPortIdVec></MemPortIdVec>
<condition id="22">
<or_exp><and_exp></and_exp></or_exp>
</condition>

<Node id="127" bw="1" op_0_bw="31" op_1_bw="31">
<![CDATA[
:3  %icmp = icmp eq i31 %tmp_19, 0

]]></Node>
<StgValue><ssdm name="icmp"/></StgValue>
</operation>

<operation id="138" st_id="9" stage="1" lat="1">
<core>NULL</core>
<MemPortIdVec></MemPortIdVec>
<condition id="22">
<or_exp><and_exp></and_exp></or_exp>
</condition>

<Node id="128" bw="0" op_0_bw="1" op_1_bw="0" op_2_bw="0">
<![CDATA[
:4  br i1 %icmp, label %5, label %.loopexit

]]></Node>
<StgValue><ssdm name=""/></StgValue>
</operation>

<operation id="139" st_id="9" stage="1" lat="1">
<core>NULL</core>
<MemPortIdVec></MemPortIdVec>
<condition id="24">
<or_exp><and_exp><literal name="icmp" val="1"/>
</and_exp></or_exp>
</condition>

<Node id="130" bw="4" op_0_bw="32">
<![CDATA[
:0  %tmp_20 = trunc i32 %jc_3 to i4

]]></Node>
<StgValue><ssdm name="tmp_20"/></StgValue>
</operation>

<operation id="140" st_id="9" stage="1" lat="1">
<core>AddSub</core>
<MemPortIdVec></MemPortIdVec>
<condition id="24">
<or_exp><and_exp><literal name="icmp" val="1"/>
</and_exp></or_exp>
</condition>

<Node id="131" bw="4" op_0_bw="4" op_1_bw="4">
<![CDATA[
:1  %tmp_21 = add i4 %tmp_20_cast, %tmp_20

]]></Node>
<StgValue><ssdm name="tmp_21"/></StgValue>
</operation>

<operation id="141" st_id="9" stage="1" lat="1">
<core>NULL</core>
<MemPortIdVec></MemPortIdVec>
<condition id="24">
<or_exp><and_exp><literal name="icmp" val="1"/>
</and_exp></or_exp>
</condition>

<Node id="132" bw="64" op_0_bw="4">
<![CDATA[
:2  %tmp_21_cast = zext i4 %tmp_21 to i64

]]></Node>
<StgValue><ssdm name="tmp_21_cast"/></StgValue>
</operation>

<operation id="142" st_id="9" stage="1" lat="1">
<core>NULL</core>
<MemPortIdVec></MemPortIdVec>
<condition id="24">
<or_exp><and_exp><literal name="icmp" val="1"/>
</and_exp></or_exp>
</condition>

<Node id="133" bw="3" op_0_bw="32" op_1_bw="64" op_2_bw="64">
<![CDATA[
:3  %kernel_addr = getelementptr [6 x i32]* %kernel, i64 0, i64 %tmp_21_cast

]]></Node>
<StgValue><ssdm name="kernel_addr"/></StgValue>
</operation>

<operation id="143" st_id="9" stage="1" lat="1">
<core>NULL</core>
<MemPortIdVec></MemPortIdVec>
<condition id="24">
<or_exp><and_exp><literal name="icmp" val="1"/>
</and_exp></or_exp>
</condition>

<Node id="134" bw="3" op_0_bw="32" op_1_bw="64" op_2_bw="64">
<![CDATA[
:4  %agg_result_pix_assig_7 = getelementptr [6 x i32]* %agg_result_pix_assig, i64 0, i64 %tmp_21_cast

]]></Node>
<StgValue><ssdm name="agg_result_pix_assig_7"/></StgValue>
</operation>

<operation id="144" st_id="9" stage="2" lat="2">
<core>RAM</core>
<MemPortIdVec></MemPortIdVec>
<condition id="24">
<or_exp><and_exp><literal name="icmp" val="1"/>
</and_exp></or_exp>
</condition>

<Node id="135" bw="32" op_0_bw="3">
<![CDATA[
:5  %agg_result_pix_assig_8 = load i32* %agg_result_pix_assig_7, align 4

]]></Node>
<StgValue><ssdm name="agg_result_pix_assig_8"/></StgValue>
</operation>

<operation id="145" st_id="9" stage="2" lat="2">
<core>RAM</core>
<MemPortIdVec></MemPortIdVec>
<condition id="24">
<or_exp><and_exp><literal name="icmp" val="1"/>
</and_exp></or_exp>
</condition>

<Node id="136" bw="32" op_0_bw="3">
<![CDATA[
:6  %kernel_load = load i32* %kernel_addr, align 4

]]></Node>
<StgValue><ssdm name="kernel_load"/></StgValue>
</operation>

<operation id="146" st_id="9" stage="1" lat="1">
<core>AddSub</core>
<MemPortIdVec></MemPortIdVec>
<condition id="24">
<or_exp><and_exp><literal name="icmp" val="1"/>
</and_exp></or_exp>
</condition>

<Node id="139" bw="32" op_0_bw="32" op_1_bw="32">
<![CDATA[
:9  %jc1 = add i32 1, %jc_3

]]></Node>
<StgValue><ssdm name="jc1"/></StgValue>
</operation>

<operation id="147" st_id="9" stage="1" lat="1">
<core>NULL</core>
<MemPortIdVec></MemPortIdVec>
<condition id="26">
<or_exp><and_exp><literal name="icmp" val="0"/>
</and_exp></or_exp>
</condition>

<Node id="142" bw="0" op_0_bw="32" op_1_bw="32">
<![CDATA[
.loopexit:0  store i32 %jc, i32* %jc_1

]]></Node>
<StgValue><ssdm name=""/></StgValue>
</operation>

<operation id="148" st_id="9" stage="1" lat="1">
<core>NULL</core>
<MemPortIdVec></MemPortIdVec>
<condition id="26">
<or_exp><and_exp><literal name="icmp" val="0"/>
</and_exp></or_exp>
</condition>

<Node id="143" bw="0" op_0_bw="0">
<![CDATA[
.loopexit:1  br label %2

]]></Node>
<StgValue><ssdm name=""/></StgValue>
</operation>
</state>

<state id="10" st_id="10">

<operation id="149" st_id="10" stage="1" lat="2">
<core>RAM</core>
<MemPortIdVec></MemPortIdVec>
<condition id="27">
<or_exp><and_exp></and_exp></or_exp>
</condition>

<Node id="135" bw="32" op_0_bw="3">
<![CDATA[
:5  %agg_result_pix_assig_8 = load i32* %agg_result_pix_assig_7, align 4

]]></Node>
<StgValue><ssdm name="agg_result_pix_assig_8"/></StgValue>
</operation>

<operation id="150" st_id="10" stage="1" lat="2">
<core>RAM</core>
<MemPortIdVec></MemPortIdVec>
<condition id="27">
<or_exp><and_exp></and_exp></or_exp>
</condition>

<Node id="136" bw="32" op_0_bw="3">
<![CDATA[
:6  %kernel_load = load i32* %kernel_addr, align 4

]]></Node>
<StgValue><ssdm name="kernel_load"/></StgValue>
</operation>
</state>

<state id="11" st_id="11">

<operation id="151" st_id="11" stage="1" lat="1">
<core>Mul</core>
<MemPortIdVec></MemPortIdVec>
<condition id="28">
<or_exp><and_exp></and_exp></or_exp>
</condition>

<Node id="137" bw="32" op_0_bw="32" op_1_bw="32">
<![CDATA[
:7  %tmp_4 = mul nsw i32 %agg_result_pix_assig_8, %kernel_load

]]></Node>
<StgValue><ssdm name="tmp_4"/></StgValue>
</operation>
</state>

<state id="12" st_id="12">

<operation id="152" st_id="12" stage="1" lat="1">
<core>AddSub</core>
<MemPortIdVec></MemPortIdVec>
<condition id="29">
<or_exp><and_exp></and_exp></or_exp>
</condition>

<Node id="138" bw="32" op_0_bw="32" op_1_bw="32">
<![CDATA[
:8  %sum_2 = add nsw i32 %sum_1, %tmp_4

]]></Node>
<StgValue><ssdm name="sum_2"/></StgValue>
</operation>

<operation id="153" st_id="12" stage="1" lat="1">
<core>NULL</core>
<MemPortIdVec></MemPortIdVec>
<condition id="29">
<or_exp><and_exp></and_exp></or_exp>
</condition>

<Node id="140" bw="0" op_0_bw="0">
<![CDATA[
:10  br label %4

]]></Node>
<StgValue><ssdm name=""/></StgValue>
</operation>
</state>
</state_list>


<ports>
</ports>


<dataflows>
</dataflows>


</stg>
