<profile>

<section name = "Vivado HLS Report for 'convolution2d'" level="0">
<item name = "Date">Fri Dec 13 22:06:11 2024
</item>
<item name = "Version">2018.1 (Build 2188600 on Wed Apr 04 19:04:02 MDT 2018)</item>
<item name = "Project">Convolution2D</item>
<item name = "Solution">solution1</item>
<item name = "Product family">zynq</item>
<item name = "Target device">xc7z020clg484-1</item>
</section>

<section name = "Performance Estimates" level="0">
<item name = "Timing (ns)">
<section name = "" level="1">
<item name = "Target clock period (ns)">10.00</item>
<item name = "Clock uncertainty (ns)">1.25</item>
<item name = "Estimated clock period (ns)">8.51</item>
</section>
</item>
<item name = "Latency (clock cycles)">
<section name = "" level="1">
<item name = "Summary"><table name="" hasTotal="0">
<keys size="6">, min, max, min, max, Type</keys>
<column name="">?, ?, ?, ?, none</column>
</table>
</item>
<item name = "Detail">
<section name = "" level="1">
<item name = "Instance"><table name="" hasTotal="0">
<keys size="7">Instance, Module, min, max, min, max, Type</keys>
</table>
</item>
<item name = "Loop"><table name="" hasTotal="0">
<keys size="8">Loop Name, min, max, Latency, achieved, target, Count, Pipelined</keys>
<column name="- Loop 1">?, ?, ?, -, -, ?, no</column>
<column name=" + Loop 1.1">?, ?, ?, -, -, ?, no</column>
<column name="  ++ Loop 1.1.1">?, ?, 1, -, -, ?, no</column>
<column name="  ++ Loop 1.1.2">?, ?, ?, -, -, 3, no</column>
<column name="   +++ Loop 1.1.2.1">?, ?, 4, -, -, ?, no</column>
</table>
</item>
</section>
</item>
</section>
</item>
</section>

<section name = "Utilization Estimates" level="0">
<item name = "Summary"><table name="" hasTotal="1">
<keys size="5">Name, BRAM_18K, DSP48E, FF, LUT</keys>
<column name="DSP">-, -, -, -</column>
<column name="Expression">-, 3, 0, 644</column>
<column name="FIFO">-, -, -, -</column>
<column name="Instance">-, -, -, -</column>
<column name="Memory">2, -, 0, 0</column>
<column name="Multiplexer">-, -, -, 218</column>
<column name="Register">-, -, 606, -</column>
<specialColumn name="Available">280, 220, 106400, 53200</specialColumn>
<specialColumn name="Utilization (%)">~0, 1, ~0, 1</specialColumn>
</table>
</item>
<item name = "Detail">
<section name = "" level="1">
<item name = "Instance"><table name="" hasTotal="1">
<keys size="6">Instance, Module, BRAM_18K, DSP48E, FF, LUT</keys>
</table>
</item>
<item name = "DSP48"><table name="" hasTotal="0">
<keys size="3">Instance, Module, Expression</keys>
</table>
</item>
<item name = "Memory"><table name="" hasTotal="1">
<keys size="9">Memory, Module, BRAM_18K, FF, LUT, Words, Bits, Banks, W*Bits*Banks</keys>
<column name="agg_result_pix_assig_U">convolution2d_aggbkb, 2, 0, 0, 6, 32, 1, 192</column>
</table>
</item>
<item name = "FIFO"><table name="" hasTotal="1">
<keys size="7">Name, BRAM_18K, FF, LUT, Depth, Bits, Size:D*B</keys>
</table>
</item>
<item name = "Expression"><table name="" hasTotal="1">
<keys size="7">Variable Name, Operation, DSP48E, FF, LUT, Bitwidth P0, Bitwidth P1</keys>
<column name="tmp_4_fu_681_p2">*, 3, 0, 20, 32, 32</column>
<column name="i_1_fu_383_p2">+, 0, 0, 39, 32, 1</column>
<column name="ic_1_fu_586_p2">+, 0, 0, 10, 2, 1</column>
<column name="j_1_fu_406_p2">+, 0, 0, 39, 32, 1</column>
<column name="jc1_fu_671_p2">+, 0, 0, 39, 1, 32</column>
<column name="sum_2_fu_685_p2">+, 0, 0, 39, 32, 32</column>
<column name="tmp_12_fu_530_p2">+, 0, 0, 15, 2, 6</column>
<column name="tmp_13_fu_540_p2">+, 0, 0, 15, 2, 6</column>
<column name="tmp_14_fu_550_p2">+, 0, 0, 15, 3, 6</column>
<column name="tmp_15_fu_560_p2">+, 0, 0, 15, 3, 6</column>
<column name="tmp_17_fu_622_p2">+, 0, 0, 15, 7, 7</column>
<column name="tmp_1_i_fu_421_p2">+, 0, 0, 39, 1, 32</column>
<column name="tmp_21_fu_660_p2">+, 0, 0, 13, 4, 4</column>
<column name="tmp_5_fu_362_p2">+, 0, 0, 39, 32, 3</column>
<column name="tmp_fu_356_p2">+, 0, 0, 39, 32, 2</column>
<column name="p_neg_t_fu_465_p2">-, 0, 0, 39, 1, 32</column>
<column name="tmp_10_fu_508_p2">-, 0, 0, 15, 6, 6</column>
<column name="exitcond2_fu_401_p2">icmp, 0, 0, 18, 32, 32</column>
<column name="exitcond3_fu_378_p2">icmp, 0, 0, 18, 32, 32</column>
<column name="exitcond_fu_580_p2">icmp, 0, 0, 8, 2, 2</column>
<column name="icmp_fu_650_p2">icmp, 0, 0, 18, 31, 1</column>
<column name="tmp_3_i_fu_479_p2">icmp, 0, 0, 18, 32, 32</column>
<column name="tmp_i_fu_412_p2">icmp, 0, 0, 13, 16, 1</column>
<column name="tmp_s_fu_592_p2">icmp, 0, 0, 18, 32, 2</column>
<column name="tmp_11_fu_519_p2">or, 0, 0, 6, 6, 1</column>
<column name="ff_empty_write_assig_fu_570_p3">select, 0, 0, 16, 1, 1</column>
<column name="jc_fu_598_p3">select, 0, 0, 32, 1, 32</column>
<column name="tmp_2_i_fu_471_p3">select, 0, 0, 32, 1, 32</column>
<column name="tmp_7_fu_451_p2">xor, 0, 0, 2, 2, 2</column>
</table>
</item>
<item name = "Multiplexer"><table name="" hasTotal="1">
<keys size="5">Name, LUT, Input Size, Bits, Total Bits</keys>
<column name="agg_result_pix_assig_address0">27, 5, 3, 15</column>
<column name="agg_result_pix_assig_address1">21, 4, 3, 12</column>
<column name="ap_NS_fsm">56, 13, 1, 13</column>
<column name="i_reg_285">9, 2, 32, 64</column>
<column name="ic_reg_321">9, 2, 2, 4</column>
<column name="j_reg_296">9, 2, 32, 64</column>
<column name="jc_3_reg_344">9, 2, 32, 64</column>
<column name="sum_1_reg_332">9, 2, 32, 64</column>
<column name="sum_reg_308">9, 2, 32, 64</column>
<column name="windows_data_pix_address0">21, 4, 5, 20</column>
<column name="windows_data_pix_address1">21, 4, 5, 20</column>
<column name="windows_empty_buf_fu_100">9, 2, 16, 32</column>
<column name="windows_tail_buf_fu_104">9, 2, 32, 64</column>
</table>
</item>
<item name = "Register"><table name="" hasTotal="1">
<keys size="5">Name, FF, LUT, Bits, Const Bits</keys>
<column name="agg_result_pix_assig_8_reg_874">32, 0, 32, 0</column>
<column name="ap_CS_fsm">12, 0, 12, 0</column>
<column name="ff_empty_write_assig_reg_828">16, 0, 16, 0</column>
<column name="i_1_reg_758">32, 0, 32, 0</column>
<column name="i_reg_285">32, 0, 32, 0</column>
<column name="ic_1_reg_841">2, 0, 2, 0</column>
<column name="ic_reg_321">2, 0, 2, 0</column>
<column name="j_1_reg_771">32, 0, 32, 0</column>
<column name="j_reg_296">32, 0, 32, 0</column>
<column name="jc1_reg_869">32, 0, 32, 0</column>
<column name="jc_1_fu_96">32, 0, 32, 0</column>
<column name="jc_3_reg_344">32, 0, 32, 0</column>
<column name="jc_reg_846">32, 0, 32, 0</column>
<column name="kernel_load_reg_879">32, 0, 32, 0</column>
<column name="sum_1_reg_332">32, 0, 32, 0</column>
<column name="sum_reg_308">32, 0, 32, 0</column>
<column name="tmp_10_reg_790">5, 0, 6, 1</column>
<column name="tmp_20_cast_reg_851">2, 0, 4, 2</column>
<column name="tmp_2_i_reg_780">32, 0, 32, 0</column>
<column name="tmp_3_i_reg_785">1, 0, 1, 0</column>
<column name="tmp_4_reg_884">32, 0, 32, 0</column>
<column name="tmp_5_reg_750">32, 0, 32, 0</column>
<column name="tmp_6_cast_reg_763">5, 0, 7, 2</column>
<column name="tmp_i_reg_776">1, 0, 1, 0</column>
<column name="tmp_reg_745">32, 0, 32, 0</column>
<column name="windows_empty_buf_fu_100">16, 0, 16, 0</column>
<column name="windows_tail_buf_fu_104">32, 0, 32, 0</column>
</table>
</item>
</section>
</item>
</section>

<section name = "Interface" level="0">
<item name = "Summary"><table name="" hasTotal="0">
<keys size="6">RTL Ports, Dir, Bits, Protocol, Source Object, C Type</keys>
<column name="ap_clk">in, 1, ap_ctrl_hs, convolution2d, return value</column>
<column name="ap_rst">in, 1, ap_ctrl_hs, convolution2d, return value</column>
<column name="ap_start">in, 1, ap_ctrl_hs, convolution2d, return value</column>
<column name="ap_done">out, 1, ap_ctrl_hs, convolution2d, return value</column>
<column name="ap_idle">out, 1, ap_ctrl_hs, convolution2d, return value</column>
<column name="ap_ready">out, 1, ap_ctrl_hs, convolution2d, return value</column>
<column name="width">in, 32, ap_none, width, scalar</column>
<column name="height">in, 32, ap_none, height, scalar</column>
<column name="kernel_address0">out, 3, ap_memory, kernel, array</column>
<column name="kernel_ce0">out, 1, ap_memory, kernel, array</column>
<column name="kernel_q0">in, 32, ap_memory, kernel, array</column>
<column name="windows_data_pix_address0">out, 5, ap_memory, windows_data_pix, array</column>
<column name="windows_data_pix_ce0">out, 1, ap_memory, windows_data_pix, array</column>
<column name="windows_data_pix_q0">in, 32, ap_memory, windows_data_pix, array</column>
<column name="windows_data_pix_address1">out, 5, ap_memory, windows_data_pix, array</column>
<column name="windows_data_pix_ce1">out, 1, ap_memory, windows_data_pix, array</column>
<column name="windows_data_pix_q1">in, 32, ap_memory, windows_data_pix, array</column>
<column name="windows_head">in, 32, ap_none, windows_head, scalar</column>
<column name="windows_tail">in, 32, ap_none, windows_tail, scalar</column>
<column name="windows_empty">in, 16, ap_none, windows_empty, scalar</column>
<column name="windows_full">in, 16, ap_none, windows_full, scalar</column>
<column name="out_image_address0">out, 5, ap_memory, out_image, array</column>
<column name="out_image_ce0">out, 1, ap_memory, out_image, array</column>
<column name="out_image_we0">out, 1, ap_memory, out_image, array</column>
<column name="out_image_d0">out, 32, ap_memory, out_image, array</column>
</table>
</item>
</section>

<section name = "Critical Path" level="0">
<item name = "Max Delay">8.51</item>
<item name = "Critical Path Table"><table name="Critical Path Table" hasTotal="0">
<keys size="15">Name, Operator, Delay, Accumulated Delay, Store Source, Resource, Core, Interface, Type, Port, Array, Scope, Pointer, Callee, Phi Node</keys>
<column name="'tmp_4', ../Storage/Class/2024-2025/Embed/convolution2d/convolution2d.c:100">mul, 8.51, 8.51, -, -, -, -, -, -, -, -, -, -, -</column>
</table>
</item>
</section>
</profile>
