<stg><name>convolution2d</name>


<trans_list>

<trans id="154" from="1" to="2">
<condition id="31">
<or_exp><and_exp></and_exp></or_exp>
</condition>
</trans>

<trans id="155" from="2" to="3">
<condition id="33">
<or_exp><and_exp><literal name="exitcond3" val="0"/>
</and_exp></or_exp>
</condition>
</trans>

<trans id="156" from="3" to="4">
<condition id="35">
<or_exp><and_exp><literal name="exitcond2" val="0"/>
</and_exp></or_exp>
</condition>
</trans>

<trans id="171" from="3" to="2">
<condition id="57">
<or_exp><and_exp><literal name="exitcond2" val="1"/>
</and_exp></or_exp>
</condition>
</trans>

<trans id="157" from="4" to="4">
<condition id="37">
<or_exp><and_exp><literal name="tmp_i" val="1"/>
</and_exp></or_exp>
</condition>
</trans>

<trans id="158" from="4" to="5">
<condition id="38">
<or_exp><and_exp><literal name="tmp_i" val="0"/>
</and_exp></or_exp>
</condition>
</trans>

<trans id="160" from="5" to="6">
<condition id="40">
<or_exp><and_exp></and_exp></or_exp>
</condition>
</trans>

<trans id="161" from="6" to="7">
<condition id="41">
<or_exp><and_exp></and_exp></or_exp>
</condition>
</trans>

<trans id="162" from="7" to="8">
<condition id="43">
<or_exp><and_exp></and_exp></or_exp>
</condition>
</trans>

<trans id="163" from="8" to="9">
<condition id="45">
<or_exp><and_exp><literal name="exitcond" val="0"/>
</and_exp></or_exp>
</condition>
</trans>

<trans id="170" from="8" to="3">
<condition id="55">
<or_exp><and_exp><literal name="exitcond" val="1"/>
</and_exp></or_exp>
</condition>
</trans>

<trans id="164" from="9" to="10">
<condition id="46">
<or_exp><and_exp><literal name="icmp" val="1"/>
</and_exp></or_exp>
</condition>
</trans>

<trans id="169" from="9" to="8">
<condition id="53">
<or_exp><and_exp><literal name="icmp" val="0"/>
</and_exp></or_exp>
</condition>
</trans>

<trans id="166" from="10" to="11">
<condition id="48">
<or_exp><and_exp></and_exp></or_exp>
</condition>
</trans>

<trans id="167" from="11" to="12">
<condition id="49">
<or_exp><and_exp></and_exp></or_exp>
</condition>
</trans>

<trans id="168" from="12" to="9">
<condition id="51">
<or_exp><and_exp></and_exp></or_exp>
</condition>
</trans>
</trans_list>



<state_list>

<state id="1" st_id="1">

<operation id="13" st_id="1" stage="1" lat="1">
<core>NULL</core>
<MemPortIdVec></MemPortIdVec>
<condition id="0">
<or_exp><and_exp></and_exp></or_exp>
</condition>

<Node id="10" bw="32" op_0_bw="32">
<![CDATA[
:0  %jc_1 = alloca i32

]]></Node>
<StgValue><ssdm name="jc_1"/></StgValue>
</operation>

<operation id="14" st_id="1" stage="1" lat="1">
<core>NULL</core>
<MemPortIdVec></MemPortIdVec>
<condition id="0">
<or_exp><and_exp></and_exp></or_exp>
</condition>

<Node id="11" bw="16" op_0_bw="32">
<![CDATA[
:1  %windows_empty_buf = alloca i16

]]></Node>
<StgValue><ssdm name="windows_empty_buf"/></StgValue>
</operation>

<operation id="15" st_id="1" stage="1" lat="1">
<core>NULL</core>
<MemPortIdVec></MemPortIdVec>
<condition id="0">
<or_exp><and_exp></and_exp></or_exp>
</condition>

<Node id="12" bw="32" op_0_bw="32">
<![CDATA[
:2  %windows_tail_buf = alloca i32

]]></Node>
<StgValue><ssdm name="windows_tail_buf"/></StgValue>
</operation>

<operation id="16" st_id="1" stage="1" lat="1">
<core>NULL</core>
<MemPortIdVec></MemPortIdVec>
<condition id="0">
<or_exp><and_exp></and_exp></or_exp>
</condition>

<Node id="13" bw="0" op_0_bw="0" op_1_bw="32">
<![CDATA[
:3  call void (...)* @_ssdm_op_SpecBitsMap(i32 %width), !map !40

]]></Node>
<StgValue><ssdm name=""/></StgValue>
</operation>

<operation id="17" st_id="1" stage="1" lat="1">
<core>NULL</core>
<MemPortIdVec></MemPortIdVec>
<condition id="0">
<or_exp><and_exp></and_exp></or_exp>
</condition>

<Node id="14" bw="0" op_0_bw="0" op_1_bw="32">
<![CDATA[
:4  call void (...)* @_ssdm_op_SpecBitsMap(i32 %height), !map !46

]]></Node>
<StgValue><ssdm name=""/></StgValue>
</operation>

<operation id="18" st_id="1" stage="1" lat="1">
<core>NULL</core>
<MemPortIdVec></MemPortIdVec>
<condition id="0">
<or_exp><and_exp></and_exp></or_exp>
</condition>

<Node id="15" bw="0" op_0_bw="0" op_1_bw="32">
<![CDATA[
:5  call void (...)* @_ssdm_op_SpecBitsMap([6 x i32]* %kernel), !map !50

]]></Node>
<StgValue><ssdm name=""/></StgValue>
</operation>

<operation id="19" st_id="1" stage="1" lat="1">
<core>NULL</core>
<MemPortIdVec></MemPortIdVec>
<condition id="0">
<or_exp><and_exp></and_exp></or_exp>
</condition>

<Node id="16" bw="0" op_0_bw="0" op_1_bw="32">
<![CDATA[
:6  call void (...)* @_ssdm_op_SpecBitsMap([24 x i32]* %windows_data_pix), !map !57

]]></Node>
<StgValue><ssdm name=""/></StgValue>
</operation>

<operation id="20" st_id="1" stage="1" lat="1">
<core>NULL</core>
<MemPortIdVec></MemPortIdVec>
<condition id="0">
<or_exp><and_exp></and_exp></or_exp>
</condition>

<Node id="17" bw="0" op_0_bw="0" op_1_bw="32">
<![CDATA[
:7  call void (...)* @_ssdm_op_SpecBitsMap(i32 %windows_head), !map !63

]]></Node>
<StgValue><ssdm name=""/></StgValue>
</operation>

<operation id="21" st_id="1" stage="1" lat="1">
<core>NULL</core>
<MemPortIdVec></MemPortIdVec>
<condition id="0">
<or_exp><and_exp></and_exp></or_exp>
</condition>

<Node id="18" bw="0" op_0_bw="0" op_1_bw="32">
<![CDATA[
:8  call void (...)* @_ssdm_op_SpecBitsMap(i32 %windows_tail), !map !67

]]></Node>
<StgValue><ssdm name=""/></StgValue>
</operation>

<operation id="22" st_id="1" stage="1" lat="1">
<core>NULL</core>
<MemPortIdVec></MemPortIdVec>
<condition id="0">
<or_exp><and_exp></and_exp></or_exp>
</condition>

<Node id="19" bw="0" op_0_bw="0" op_1_bw="16">
<![CDATA[
:9  call void (...)* @_ssdm_op_SpecBitsMap(i16 %windows_empty), !map !71

]]></Node>
<StgValue><ssdm name=""/></StgValue>
</operation>

<operation id="23" st_id="1" stage="1" lat="1">
<core>NULL</core>
<MemPortIdVec></MemPortIdVec>
<condition id="0">
<or_exp><and_exp></and_exp></or_exp>
</condition>

<Node id="20" bw="0" op_0_bw="0" op_1_bw="16">
<![CDATA[
:10  call void (...)* @_ssdm_op_SpecBitsMap(i16 %windows_full), !map !75

]]></Node>
<StgValue><ssdm name=""/></StgValue>
</operation>

<operation id="24" st_id="1" stage="1" lat="1">
<core>NULL</core>
<MemPortIdVec></MemPortIdVec>
<condition id="0">
<or_exp><and_exp></and_exp></or_exp>
</condition>

<Node id="21" bw="0" op_0_bw="0" op_1_bw="32">
<![CDATA[
:11  call void (...)* @_ssdm_op_SpecBitsMap([32 x i32]* %out_image), !map !79

]]></Node>
<StgValue><ssdm name=""/></StgValue>
</operation>

<operation id="25" st_id="1" stage="1" lat="1">
<core>NULL</core>
<MemPortIdVec></MemPortIdVec>
<condition id="0">
<or_exp><and_exp></and_exp></or_exp>
</condition>

<Node id="22" bw="0" op_0_bw="0" op_1_bw="0">
<![CDATA[
:12  call void (...)* @_ssdm_op_SpecTopModule([14 x i8]* @convolution2d_str) nounwind

]]></Node>
<StgValue><ssdm name=""/></StgValue>
</operation>

<operation id="26" st_id="1" stage="1" lat="1">
<core>NULL</core>
<MemPortIdVec></MemPortIdVec>
<condition id="0">
<or_exp><and_exp></and_exp></or_exp>
</condition>

<Node id="23" bw="16" op_0_bw="16" op_1_bw="16">
<![CDATA[
:13  %windows_empty_read = call i16 @_ssdm_op_Read.ap_auto.i16(i16 %windows_empty)

]]></Node>
<StgValue><ssdm name="windows_empty_read"/></StgValue>
</operation>

<operation id="27" st_id="1" stage="1" lat="1">
<core>NULL</core>
<MemPortIdVec></MemPortIdVec>
<condition id="0">
<or_exp><and_exp></and_exp></or_exp>
</condition>

<Node id="24" bw="32" op_0_bw="32" op_1_bw="32">
<![CDATA[
:14  %windows_tail_read = call i32 @_ssdm_op_Read.ap_auto.i32(i32 %windows_tail)

]]></Node>
<StgValue><ssdm name="windows_tail_read"/></StgValue>
</operation>

<operation id="28" st_id="1" stage="1" lat="1">
<core>NULL</core>
<MemPortIdVec></MemPortIdVec>
<condition id="0">
<or_exp><and_exp></and_exp></or_exp>
</condition>

<Node id="25" bw="32" op_0_bw="32" op_1_bw="32">
<![CDATA[
:15  %windows_head_read = call i32 @_ssdm_op_Read.ap_auto.i32(i32 %windows_head)

]]></Node>
<StgValue><ssdm name="windows_head_read"/></StgValue>
</operation>

<operation id="29" st_id="1" stage="1" lat="1">
<core>NULL</core>
<MemPortIdVec></MemPortIdVec>
<condition id="0">
<or_exp><and_exp></and_exp></or_exp>
</condition>

<Node id="26" bw="32" op_0_bw="32" op_1_bw="32">
<![CDATA[
:16  %height_read = call i32 @_ssdm_op_Read.ap_auto.i32(i32 %height)

]]></Node>
<StgValue><ssdm name="height_read"/></StgValue>
</operation>

<operation id="30" st_id="1" stage="1" lat="1">
<core>NULL</core>
<MemPortIdVec></MemPortIdVec>
<condition id="0">
<or_exp><and_exp></and_exp></or_exp>
</condition>

<Node id="27" bw="32" op_0_bw="32" op_1_bw="32">
<![CDATA[
:17  %width_read = call i32 @_ssdm_op_Read.ap_auto.i32(i32 %width)

]]></Node>
<StgValue><ssdm name="width_read"/></StgValue>
</operation>

<operation id="31" st_id="1" stage="1" lat="1">
<core>RAM</core>
<MemPortIdVec></MemPortIdVec>
<condition id="0">
<or_exp><and_exp></and_exp></or_exp>
</condition>

<Node id="28" bw="32" op_0_bw="64">
<![CDATA[
:18  %agg_result_pix_assig = alloca [6 x i32], align 4

]]></Node>
<StgValue><ssdm name="agg_result_pix_assig"/><MemPortTyVec>2 0 </MemPortTyVec>
</StgValue>
</operation>

<operation id="32" st_id="1" stage="1" lat="1">
<core>NULL</core>
<MemPortIdVec></MemPortIdVec>
<condition id="0">
<or_exp><and_exp></and_exp></or_exp>
</condition>

<Node id="29" bw="3" op_0_bw="32" op_1_bw="64" op_2_bw="64">
<![CDATA[
:19  %agg_result_pix_assig_1 = getelementptr [6 x i32]* %agg_result_pix_assig, i64 0, i64 0

]]></Node>
<StgValue><ssdm name="agg_result_pix_assig_1"/></StgValue>
</operation>

<operation id="33" st_id="1" stage="1" lat="1">
<core>NULL</core>
<MemPortIdVec></MemPortIdVec>
<condition id="0">
<or_exp><and_exp></and_exp></or_exp>
</condition>

<Node id="30" bw="3" op_0_bw="32" op_1_bw="64" op_2_bw="64">
<![CDATA[
:20  %agg_result_pix_assig_2 = getelementptr [6 x i32]* %agg_result_pix_assig, i64 0, i64 1

]]></Node>
<StgValue><ssdm name="agg_result_pix_assig_2"/></StgValue>
</operation>

<operation id="34" st_id="1" stage="1" lat="1">
<core>NULL</core>
<MemPortIdVec></MemPortIdVec>
<condition id="0">
<or_exp><and_exp></and_exp></or_exp>
</condition>

<Node id="31" bw="3" op_0_bw="32" op_1_bw="64" op_2_bw="64">
<![CDATA[
:21  %agg_result_pix_assig_3 = getelementptr [6 x i32]* %agg_result_pix_assig, i64 0, i64 2

]]></Node>
<StgValue><ssdm name="agg_result_pix_assig_3"/></StgValue>
</operation>

<operation id="35" st_id="1" stage="1" lat="1">
<core>NULL</core>
<MemPortIdVec></MemPortIdVec>
<condition id="0">
<or_exp><and_exp></and_exp></or_exp>
</condition>

<Node id="32" bw="3" op_0_bw="32" op_1_bw="64" op_2_bw="64">
<![CDATA[
:22  %agg_result_pix_assig_4 = getelementptr [6 x i32]* %agg_result_pix_assig, i64 0, i64 3

]]></Node>
<StgValue><ssdm name="agg_result_pix_assig_4"/></StgValue>
</operation>

<operation id="36" st_id="1" stage="1" lat="1">
<core>NULL</core>
<MemPortIdVec></MemPortIdVec>
<condition id="0">
<or_exp><and_exp></and_exp></or_exp>
</condition>

<Node id="33" bw="3" op_0_bw="32" op_1_bw="64" op_2_bw="64">
<![CDATA[
:23  %agg_result_pix_assig_5 = getelementptr [6 x i32]* %agg_result_pix_assig, i64 0, i64 4

]]></Node>
<StgValue><ssdm name="agg_result_pix_assig_5"/></StgValue>
</operation>

<operation id="37" st_id="1" stage="1" lat="1">
<core>NULL</core>
<MemPortIdVec></MemPortIdVec>
<condition id="0">
<or_exp><and_exp></and_exp></or_exp>
</condition>

<Node id="34" bw="3" op_0_bw="32" op_1_bw="64" op_2_bw="64">
<![CDATA[
:24  %agg_result_pix_assig_6 = getelementptr [6 x i32]* %agg_result_pix_assig, i64 0, i64 5

]]></Node>
<StgValue><ssdm name="agg_result_pix_assig_6"/></StgValue>
</operation>

<operation id="38" st_id="1" stage="1" lat="1">
<core>AddSub</core>
<MemPortIdVec></MemPortIdVec>
<condition id="0">
<or_exp><and_exp></and_exp></or_exp>
</condition>

<Node id="35" bw="32" op_0_bw="32" op_1_bw="32">
<![CDATA[
:25  %tmp = add i32 %width_read, -1

]]></Node>
<StgValue><ssdm name="tmp"/></StgValue>
</operation>

<operation id="39" st_id="1" stage="1" lat="1">
<core>AddSub</core>
<MemPortIdVec></MemPortIdVec>
<condition id="0">
<or_exp><and_exp></and_exp></or_exp>
</condition>

<Node id="36" bw="32" op_0_bw="32" op_1_bw="32">
<![CDATA[
:26  %tmp_5 = add i32 %height_read, -2

]]></Node>
<StgValue><ssdm name="tmp_5"/></StgValue>
</operation>

<operation id="40" st_id="1" stage="1" lat="1">
<core>NULL</core>
<MemPortIdVec></MemPortIdVec>
<condition id="0">
<or_exp><and_exp></and_exp></or_exp>
</condition>

<Node id="37" bw="0" op_0_bw="32" op_1_bw="32">
<![CDATA[
:27  store i32 %windows_tail_read, i32* %windows_tail_buf

]]></Node>
<StgValue><ssdm name=""/></StgValue>
</operation>

<operation id="41" st_id="1" stage="1" lat="1">
<core>NULL</core>
<MemPortIdVec></MemPortIdVec>
<condition id="0">
<or_exp><and_exp></and_exp></or_exp>
</condition>

<Node id="38" bw="0" op_0_bw="16" op_1_bw="16">
<![CDATA[
:28  store i16 %windows_empty_read, i16* %windows_empty_buf

]]></Node>
<StgValue><ssdm name=""/></StgValue>
</operation>

<operation id="42" st_id="1" stage="1" lat="1">
<core>NULL</core>
<MemPortIdVec></MemPortIdVec>
<condition id="0">
<or_exp><and_exp></and_exp></or_exp>
</condition>

<Node id="39" bw="0" op_0_bw="0">
<![CDATA[
:29  br label %.loopexit7

]]></Node>
<StgValue><ssdm name=""/></StgValue>
</operation>
</state>

<state id="2" st_id="2">

<operation id="43" st_id="2" stage="1" lat="1">
<core>NULL</core>
<MemPortIdVec></MemPortIdVec>
<condition id="1">
<or_exp><and_exp></and_exp></or_exp>
</condition>

<Node id="41" bw="32" op_0_bw="32" op_1_bw="0">
<![CDATA[
.loopexit7:0  %i = phi i32 [ 0, %0 ], [ %i_1, %.loopexit7.loopexit ]

]]></Node>
<StgValue><ssdm name="i"/></StgValue>
</operation>

<operation id="44" st_id="2" stage="1" lat="1">
<core>Cmp</core>
<MemPortIdVec></MemPortIdVec>
<condition id="1">
<or_exp><and_exp></and_exp></or_exp>
</condition>

<Node id="42" bw="1" op_0_bw="32" op_1_bw="32">
<![CDATA[
.loopexit7:1  %exitcond3 = icmp eq i32 %i, %tmp_5

]]></Node>
<StgValue><ssdm name="exitcond3"/></StgValue>
</operation>

<operation id="45" st_id="2" stage="1" lat="1">
<core>AddSub</core>
<MemPortIdVec></MemPortIdVec>
<condition id="1">
<or_exp><and_exp></and_exp></or_exp>
</condition>

<Node id="43" bw="32" op_0_bw="32" op_1_bw="32">
<![CDATA[
.loopexit7:2  %i_1 = add i32 %i, 1

]]></Node>
<StgValue><ssdm name="i_1"/></StgValue>
</operation>

<operation id="46" st_id="2" stage="1" lat="1">
<core>NULL</core>
<MemPortIdVec></MemPortIdVec>
<condition id="1">
<or_exp><and_exp></and_exp></or_exp>
</condition>

<Node id="44" bw="0" op_0_bw="1" op_1_bw="0" op_2_bw="0">
<![CDATA[
.loopexit7:3  br i1 %exitcond3, label %7, label %.preheader.preheader

]]></Node>
<StgValue><ssdm name=""/></StgValue>
</operation>

<operation id="47" st_id="2" stage="1" lat="1">
<core>NULL</core>
<MemPortIdVec></MemPortIdVec>
<condition id="3">
<or_exp><and_exp><literal name="exitcond3" val="0"/>
</and_exp></or_exp>
</condition>

<Node id="46" bw="5" op_0_bw="32">
<![CDATA[
.preheader.preheader:0  %tmp_1 = trunc i32 %i to i5

]]></Node>
<StgValue><ssdm name="tmp_1"/></StgValue>
</operation>

<operation id="48" st_id="2" stage="1" lat="1">
<core>NULL</core>
<MemPortIdVec></MemPortIdVec>
<condition id="3">
<or_exp><and_exp><literal name="exitcond3" val="0"/>
</and_exp></or_exp>
</condition>

<Node id="47" bw="7" op_0_bw="7" op_1_bw="5" op_2_bw="2">
<![CDATA[
.preheader.preheader:1  %tmp_6_cast = call i7 @_ssdm_op_BitConcatenate.i7.i5.i2(i5 %tmp_1, i2 0)

]]></Node>
<StgValue><ssdm name="tmp_6_cast"/></StgValue>
</operation>

<operation id="49" st_id="2" stage="1" lat="1">
<core>NULL</core>
<MemPortIdVec></MemPortIdVec>
<condition id="3">
<or_exp><and_exp><literal name="exitcond3" val="0"/>
</and_exp></or_exp>
</condition>

<Node id="48" bw="0" op_0_bw="0">
<![CDATA[
.preheader.preheader:2  br label %.preheader

]]></Node>
<StgValue><ssdm name=""/></StgValue>
</operation>

<operation id="50" st_id="2" stage="1" lat="1">
<core>NULL</core>
<MemPortIdVec></MemPortIdVec>
<condition id="5">
<or_exp><and_exp><literal name="exitcond3" val="1"/>
</and_exp></or_exp>
</condition>

<Node id="156" bw="0">
<![CDATA[
:0  ret void

]]></Node>
<StgValue><ssdm name=""/></StgValue>
</operation>
</state>

<state id="3" st_id="3">

<operation id="51" st_id="3" stage="1" lat="1">
<core>NULL</core>
<MemPortIdVec></MemPortIdVec>
<condition id="6">
<or_exp><and_exp></and_exp></or_exp>
</condition>

<Node id="50" bw="32" op_0_bw="32" op_1_bw="0">
<![CDATA[
.preheader:0  %j = phi i32 [ 0, %.preheader.preheader ], [ %j_1, %6 ]

]]></Node>
<StgValue><ssdm name="j"/></StgValue>
</operation>

<operation id="52" st_id="3" stage="1" lat="1">
<core>Cmp</core>
<MemPortIdVec></MemPortIdVec>
<condition id="6">
<or_exp><and_exp></and_exp></or_exp>
</condition>

<Node id="51" bw="1" op_0_bw="32" op_1_bw="32">
<![CDATA[
.preheader:1  %exitcond2 = icmp eq i32 %j, %tmp

]]></Node>
<StgValue><ssdm name="exitcond2"/></StgValue>
</operation>

<operation id="53" st_id="3" stage="1" lat="1">
<core>AddSub</core>
<MemPortIdVec></MemPortIdVec>
<condition id="6">
<or_exp><and_exp></and_exp></or_exp>
</condition>

<Node id="52" bw="32" op_0_bw="32" op_1_bw="32">
<![CDATA[
.preheader:2  %j_1 = add i32 %j, 1

]]></Node>
<StgValue><ssdm name="j_1"/></StgValue>
</operation>

<operation id="54" st_id="3" stage="1" lat="1">
<core>NULL</core>
<MemPortIdVec></MemPortIdVec>
<condition id="6">
<or_exp><and_exp></and_exp></or_exp>
</condition>

<Node id="53" bw="0" op_0_bw="1" op_1_bw="0" op_2_bw="0">
<![CDATA[
.preheader:3  br i1 %exitcond2, label %.loopexit7.loopexit, label %1

]]></Node>
<StgValue><ssdm name=""/></StgValue>
</operation>

<operation id="55" st_id="3" stage="1" lat="1">
<core>NULL</core>
<MemPortIdVec></MemPortIdVec>
<condition id="8">
<or_exp><and_exp><literal name="exitcond2" val="0"/>
</and_exp></or_exp>
</condition>

<Node id="55" bw="16" op_0_bw="16">
<![CDATA[
:0  %windows_empty_buf_lo = load i16* %windows_empty_buf

]]></Node>
<StgValue><ssdm name="windows_empty_buf_lo"/></StgValue>
</operation>

<operation id="56" st_id="3" stage="1" lat="1">
<core>Cmp</core>
<MemPortIdVec></MemPortIdVec>
<condition id="8">
<or_exp><and_exp><literal name="exitcond2" val="0"/>
</and_exp></or_exp>
</condition>

<Node id="56" bw="1" op_0_bw="16" op_1_bw="16">
<![CDATA[
:1  %tmp_i = icmp eq i16 %windows_empty_buf_lo, 0

]]></Node>
<StgValue><ssdm name="tmp_i"/></StgValue>
</operation>

<operation id="57" st_id="3" stage="1" lat="1">
<core>NULL</core>
<MemPortIdVec></MemPortIdVec>
<condition id="8">
<or_exp><and_exp><literal name="exitcond2" val="0"/>
</and_exp></or_exp>
</condition>

<Node id="57" bw="0" op_0_bw="0">
<![CDATA[
:2  br label %._crit_edge.i

]]></Node>
<StgValue><ssdm name=""/></StgValue>
</operation>

<operation id="58" st_id="3" stage="1" lat="1">
<core>NULL</core>
<MemPortIdVec></MemPortIdVec>
<condition id="10">
<or_exp><and_exp><literal name="exitcond2" val="1"/>
</and_exp></or_exp>
</condition>

<Node id="154" bw="0" op_0_bw="0">
<![CDATA[
.loopexit7.loopexit:0  br label %.loopexit7

]]></Node>
<StgValue><ssdm name=""/></StgValue>
</operation>
</state>

<state id="4" st_id="4">

<operation id="59" st_id="4" stage="1" lat="1">
<core>NULL</core>
<MemPortIdVec></MemPortIdVec>
<condition id="11">
<or_exp><and_exp></and_exp></or_exp>
</condition>

<Node id="59" bw="0" op_0_bw="1" op_1_bw="0" op_2_bw="0">
<![CDATA[
._crit_edge.i:0  br i1 %tmp_i, label %._crit_edge.i, label %readFIFO.exit

]]></Node>
<StgValue><ssdm name=""/></StgValue>
</operation>

<operation id="60" st_id="4" stage="1" lat="1">
<core>NULL</core>
<MemPortIdVec></MemPortIdVec>
<condition id="13">
<or_exp><and_exp><literal name="tmp_i" val="0"/>
</and_exp></or_exp>
</condition>

<Node id="62" bw="32" op_0_bw="32">
<![CDATA[
readFIFO.exit:1  %windows_tail_buf_loa = load i32* %windows_tail_buf

]]></Node>
<StgValue><ssdm name="windows_tail_buf_loa"/></StgValue>
</operation>

<operation id="61" st_id="4" stage="1" lat="1">
<core>AddSub</core>
<MemPortIdVec></MemPortIdVec>
<condition id="13">
<or_exp><and_exp><literal name="tmp_i" val="0"/>
</and_exp></or_exp>
</condition>

<Node id="63" bw="32" op_0_bw="32" op_1_bw="32">
<![CDATA[
readFIFO.exit:2  %tmp_1_i = add nsw i32 1, %windows_tail_buf_loa

]]></Node>
<StgValue><ssdm name="tmp_1_i"/></StgValue>
</operation>

<operation id="62" st_id="4" stage="1" lat="1">
<core>NULL</core>
<MemPortIdVec></MemPortIdVec>
<condition id="13">
<or_exp><and_exp><literal name="tmp_i" val="0"/>
</and_exp></or_exp>
</condition>

<Node id="64" bw="1" op_0_bw="1" op_1_bw="32" op_2_bw="32">
<![CDATA[
readFIFO.exit:3  %tmp_2 = call i1 @_ssdm_op_BitSelect.i1.i32.i32(i32 %tmp_1_i, i32 31)

]]></Node>
<StgValue><ssdm name="tmp_2"/></StgValue>
</operation>

<operation id="63" st_id="4" stage="1" lat="1">
<core>NULL</core>
<MemPortIdVec></MemPortIdVec>
<condition id="13">
<or_exp><and_exp><literal name="tmp_i" val="0"/>
</and_exp></or_exp>
</condition>

<Node id="65" bw="2" op_0_bw="32">
<![CDATA[
readFIFO.exit:4  %tmp_3 = trunc i32 %tmp_1_i to i2

]]></Node>
<StgValue><ssdm name="tmp_3"/></StgValue>
</operation>

<operation id="64" st_id="4" stage="1" lat="1">
<core>NULL</core>
<MemPortIdVec></MemPortIdVec>
<condition id="13">
<or_exp><and_exp><literal name="tmp_i" val="0"/>
</and_exp></or_exp>
</condition>

<Node id="66" bw="32" op_0_bw="32" op_1_bw="30" op_2_bw="2">
<![CDATA[
readFIFO.exit:5  %p_and_f = call i32 @_ssdm_op_BitConcatenate.i32.i30.i2(i30 0, i2 %tmp_3)

]]></Node>
<StgValue><ssdm name="p_and_f"/></StgValue>
</operation>

<operation id="65" st_id="4" stage="1" lat="1">
<core>NULL</core>
<MemPortIdVec></MemPortIdVec>
<condition id="13">
<or_exp><and_exp><literal name="tmp_i" val="0"/>
</and_exp></or_exp>
</condition>

<Node id="67" bw="2" op_0_bw="32">
<![CDATA[
readFIFO.exit:6  %tmp_6 = trunc i32 %windows_tail_buf_loa to i2

]]></Node>
<StgValue><ssdm name="tmp_6"/></StgValue>
</operation>

<operation id="66" st_id="4" stage="1" lat="1">
<core>LogicGate</core>
<MemPortIdVec></MemPortIdVec>
<condition id="13">
<or_exp><and_exp><literal name="tmp_i" val="0"/>
</and_exp></or_exp>
</condition>

<Node id="68" bw="2" op_0_bw="2" op_1_bw="2">
<![CDATA[
readFIFO.exit:7  %tmp_7 = xor i2 %tmp_6, -1

]]></Node>
<StgValue><ssdm name="tmp_7"/></StgValue>
</operation>

<operation id="67" st_id="4" stage="1" lat="1">
<core>NULL</core>
<MemPortIdVec></MemPortIdVec>
<condition id="13">
<or_exp><and_exp><literal name="tmp_i" val="0"/>
</and_exp></or_exp>
</condition>

<Node id="69" bw="32" op_0_bw="32" op_1_bw="30" op_2_bw="2">
<![CDATA[
readFIFO.exit:8  %p_and_t = call i32 @_ssdm_op_BitConcatenate.i32.i30.i2(i30 0, i2 %tmp_7)

]]></Node>
<StgValue><ssdm name="p_and_t"/></StgValue>
</operation>

<operation id="68" st_id="4" stage="1" lat="1">
<core>AddSub</core>
<MemPortIdVec></MemPortIdVec>
<condition id="13">
<or_exp><and_exp><literal name="tmp_i" val="0"/>
</and_exp></or_exp>
</condition>

<Node id="70" bw="32" op_0_bw="32" op_1_bw="32">
<![CDATA[
readFIFO.exit:9  %p_neg_t = sub i32 0, %p_and_t

]]></Node>
<StgValue><ssdm name="p_neg_t"/></StgValue>
</operation>

<operation id="69" st_id="4" stage="1" lat="1">
<core>Sel</core>
<MemPortIdVec></MemPortIdVec>
<condition id="13">
<or_exp><and_exp><literal name="tmp_i" val="0"/>
</and_exp></or_exp>
</condition>

<Node id="71" bw="32" op_0_bw="1" op_1_bw="32" op_2_bw="32">
<![CDATA[
readFIFO.exit:10  %tmp_2_i = select i1 %tmp_2, i32 %p_neg_t, i32 %p_and_f

]]></Node>
<StgValue><ssdm name="tmp_2_i"/></StgValue>
</operation>

<operation id="70" st_id="4" stage="1" lat="1">
<core>Cmp</core>
<MemPortIdVec></MemPortIdVec>
<condition id="13">
<or_exp><and_exp><literal name="tmp_i" val="0"/>
</and_exp></or_exp>
</condition>

<Node id="72" bw="1" op_0_bw="32" op_1_bw="32">
<![CDATA[
readFIFO.exit:11  %tmp_3_i = icmp eq i32 %tmp_2_i, %windows_head_read

]]></Node>
<StgValue><ssdm name="tmp_3_i"/></StgValue>
</operation>

<operation id="71" st_id="4" stage="1" lat="1">
<core>NULL</core>
<MemPortIdVec></MemPortIdVec>
<condition id="13">
<or_exp><and_exp><literal name="tmp_i" val="0"/>
</and_exp></or_exp>
</condition>

<Node id="74" bw="3" op_0_bw="32">
<![CDATA[
readFIFO.exit:13  %tmp_8 = trunc i32 %tmp_2_i to i3

]]></Node>
<StgValue><ssdm name="tmp_8"/></StgValue>
</operation>

<operation id="72" st_id="4" stage="1" lat="1">
<core>NULL</core>
<MemPortIdVec></MemPortIdVec>
<condition id="13">
<or_exp><and_exp><literal name="tmp_i" val="0"/>
</and_exp></or_exp>
</condition>

<Node id="75" bw="6" op_0_bw="6" op_1_bw="3" op_2_bw="3">
<![CDATA[
readFIFO.exit:14  %p_shl_cast = call i6 @_ssdm_op_BitConcatenate.i6.i3.i3(i3 %tmp_8, i3 0)

]]></Node>
<StgValue><ssdm name="p_shl_cast"/></StgValue>
</operation>

<operation id="73" st_id="4" stage="1" lat="1">
<core>NULL</core>
<MemPortIdVec></MemPortIdVec>
<condition id="13">
<or_exp><and_exp><literal name="tmp_i" val="0"/>
</and_exp></or_exp>
</condition>

<Node id="76" bw="5" op_0_bw="32">
<![CDATA[
readFIFO.exit:15  %tmp_9 = trunc i32 %tmp_2_i to i5

]]></Node>
<StgValue><ssdm name="tmp_9"/></StgValue>
</operation>

<operation id="74" st_id="4" stage="1" lat="1">
<core>NULL</core>
<MemPortIdVec></MemPortIdVec>
<condition id="13">
<or_exp><and_exp><literal name="tmp_i" val="0"/>
</and_exp></or_exp>
</condition>

<Node id="77" bw="6" op_0_bw="6" op_1_bw="5" op_2_bw="1">
<![CDATA[
readFIFO.exit:16  %p_shl1_cast = call i6 @_ssdm_op_BitConcatenate.i6.i5.i1(i5 %tmp_9, i1 false)

]]></Node>
<StgValue><ssdm name="p_shl1_cast"/></StgValue>
</operation>

<operation id="75" st_id="4" stage="1" lat="1">
<core>AddSub</core>
<MemPortIdVec></MemPortIdVec>
<condition id="13">
<or_exp><and_exp><literal name="tmp_i" val="0"/>
</and_exp></or_exp>
</condition>

<Node id="78" bw="6" op_0_bw="6" op_1_bw="6">
<![CDATA[
readFIFO.exit:17  %tmp_10 = sub i6 %p_shl_cast, %p_shl1_cast

]]></Node>
<StgValue><ssdm name="tmp_10"/></StgValue>
</operation>

<operation id="76" st_id="4" stage="1" lat="1">
<core>NULL</core>
<MemPortIdVec></MemPortIdVec>
<condition id="13">
<or_exp><and_exp><literal name="tmp_i" val="0"/>
</and_exp></or_exp>
</condition>

<Node id="79" bw="64" op_0_bw="6">
<![CDATA[
readFIFO.exit:18  %tmp_12_cast = sext i6 %tmp_10 to i64

]]></Node>
<StgValue><ssdm name="tmp_12_cast"/></StgValue>
</operation>

<operation id="77" st_id="4" stage="1" lat="1">
<core>NULL</core>
<MemPortIdVec></MemPortIdVec>
<condition id="13">
<or_exp><and_exp><literal name="tmp_i" val="0"/>
</and_exp></or_exp>
</condition>

<Node id="80" bw="5" op_0_bw="32" op_1_bw="64" op_2_bw="64">
<![CDATA[
readFIFO.exit:19  %windows_data_pix_add = getelementptr [24 x i32]* %windows_data_pix, i64 0, i64 %tmp_12_cast

]]></Node>
<StgValue><ssdm name="windows_data_pix_add"/></StgValue>
</operation>

<operation id="78" st_id="4" stage="1" lat="1">
<core>NULL</core>
<MemPortIdVec></MemPortIdVec>
<condition id="13">
<or_exp><and_exp><literal name="tmp_i" val="0"/>
</and_exp></or_exp>
</condition>

<Node id="81" bw="6" op_0_bw="6" op_1_bw="6">
<![CDATA[
readFIFO.exit:20  %tmp_11 = or i6 %tmp_10, 1

]]></Node>
<StgValue><ssdm name="tmp_11"/></StgValue>
</operation>

<operation id="79" st_id="4" stage="1" lat="1">
<core>NULL</core>
<MemPortIdVec></MemPortIdVec>
<condition id="13">
<or_exp><and_exp><literal name="tmp_i" val="0"/>
</and_exp></or_exp>
</condition>

<Node id="82" bw="64" op_0_bw="6">
<![CDATA[
readFIFO.exit:21  %tmp_13_cast = zext i6 %tmp_11 to i64

]]></Node>
<StgValue><ssdm name="tmp_13_cast"/></StgValue>
</operation>

<operation id="80" st_id="4" stage="1" lat="1">
<core>NULL</core>
<MemPortIdVec></MemPortIdVec>
<condition id="13">
<or_exp><and_exp><literal name="tmp_i" val="0"/>
</and_exp></or_exp>
</condition>

<Node id="83" bw="5" op_0_bw="32" op_1_bw="64" op_2_bw="64">
<![CDATA[
readFIFO.exit:22  %windows_data_pix_add_1 = getelementptr [24 x i32]* %windows_data_pix, i64 0, i64 %tmp_13_cast

]]></Node>
<StgValue><ssdm name="windows_data_pix_add_1"/></StgValue>
</operation>

<operation id="81" st_id="4" stage="2" lat="2">
<core>RAM</core>
<MemPortIdVec>0 </MemPortIdVec>
<condition id="13">
<or_exp><and_exp><literal name="tmp_i" val="0"/>
</and_exp></or_exp>
</condition>

<Node id="96" bw="32" op_0_bw="5">
<![CDATA[
readFIFO.exit:35  %windows_data_pix_loa = load i32* %windows_data_pix_add, align 4

]]></Node>
<StgValue><ssdm name="windows_data_pix_loa"/></StgValue>
</operation>

<operation id="82" st_id="4" stage="2" lat="2">
<core>RAM</core>
<MemPortIdVec>1 </MemPortIdVec>
<condition id="13">
<or_exp><and_exp><literal name="tmp_i" val="0"/>
</and_exp></or_exp>
</condition>

<Node id="98" bw="32" op_0_bw="5">
<![CDATA[
readFIFO.exit:37  %windows_data_pix_loa_1 = load i32* %windows_data_pix_add_1, align 4

]]></Node>
<StgValue><ssdm name="windows_data_pix_loa_1"/></StgValue>
</operation>
</state>

<state id="5" st_id="5">

<operation id="83" st_id="5" stage="1" lat="1">
<core>AddSub</core>
<MemPortIdVec></MemPortIdVec>
<condition id="14">
<or_exp><and_exp></and_exp></or_exp>
</condition>

<Node id="84" bw="6" op_0_bw="6" op_1_bw="6">
<![CDATA[
readFIFO.exit:23  %tmp_12 = add i6 2, %tmp_10

]]></Node>
<StgValue><ssdm name="tmp_12"/></StgValue>
</operation>

<operation id="84" st_id="5" stage="1" lat="1">
<core>NULL</core>
<MemPortIdVec></MemPortIdVec>
<condition id="14">
<or_exp><and_exp></and_exp></or_exp>
</condition>

<Node id="85" bw="64" op_0_bw="6">
<![CDATA[
readFIFO.exit:24  %tmp_14_cast = sext i6 %tmp_12 to i64

]]></Node>
<StgValue><ssdm name="tmp_14_cast"/></StgValue>
</operation>

<operation id="85" st_id="5" stage="1" lat="1">
<core>NULL</core>
<MemPortIdVec></MemPortIdVec>
<condition id="14">
<or_exp><and_exp></and_exp></or_exp>
</condition>

<Node id="86" bw="5" op_0_bw="32" op_1_bw="64" op_2_bw="64">
<![CDATA[
readFIFO.exit:25  %windows_data_pix_add_2 = getelementptr [24 x i32]* %windows_data_pix, i64 0, i64 %tmp_14_cast

]]></Node>
<StgValue><ssdm name="windows_data_pix_add_2"/></StgValue>
</operation>

<operation id="86" st_id="5" stage="1" lat="1">
<core>AddSub</core>
<MemPortIdVec></MemPortIdVec>
<condition id="14">
<or_exp><and_exp></and_exp></or_exp>
</condition>

<Node id="87" bw="6" op_0_bw="6" op_1_bw="6">
<![CDATA[
readFIFO.exit:26  %tmp_13 = add i6 3, %tmp_10

]]></Node>
<StgValue><ssdm name="tmp_13"/></StgValue>
</operation>

<operation id="87" st_id="5" stage="1" lat="1">
<core>NULL</core>
<MemPortIdVec></MemPortIdVec>
<condition id="14">
<or_exp><and_exp></and_exp></or_exp>
</condition>

<Node id="88" bw="64" op_0_bw="6">
<![CDATA[
readFIFO.exit:27  %tmp_15_cast = sext i6 %tmp_13 to i64

]]></Node>
<StgValue><ssdm name="tmp_15_cast"/></StgValue>
</operation>

<operation id="88" st_id="5" stage="1" lat="1">
<core>NULL</core>
<MemPortIdVec></MemPortIdVec>
<condition id="14">
<or_exp><and_exp></and_exp></or_exp>
</condition>

<Node id="89" bw="5" op_0_bw="32" op_1_bw="64" op_2_bw="64">
<![CDATA[
readFIFO.exit:28  %windows_data_pix_add_3 = getelementptr [24 x i32]* %windows_data_pix, i64 0, i64 %tmp_15_cast

]]></Node>
<StgValue><ssdm name="windows_data_pix_add_3"/></StgValue>
</operation>

<operation id="89" st_id="5" stage="1" lat="2">
<core>RAM</core>
<MemPortIdVec>0 </MemPortIdVec>
<condition id="14">
<or_exp><and_exp></and_exp></or_exp>
</condition>

<Node id="96" bw="32" op_0_bw="5">
<![CDATA[
readFIFO.exit:35  %windows_data_pix_loa = load i32* %windows_data_pix_add, align 4

]]></Node>
<StgValue><ssdm name="windows_data_pix_loa"/></StgValue>
</operation>

<operation id="90" st_id="5" stage="1" lat="1">
<core>RAM</core>
<MemPortIdVec>0 </MemPortIdVec>
<condition id="14">
<or_exp><and_exp></and_exp></or_exp>
</condition>

<Node id="97" bw="0" op_0_bw="32" op_1_bw="3">
<![CDATA[
readFIFO.exit:36  store i32 %windows_data_pix_loa, i32* %agg_result_pix_assig_1, align 4

]]></Node>
<StgValue><ssdm name=""/></StgValue>
</operation>

<operation id="91" st_id="5" stage="1" lat="2">
<core>RAM</core>
<MemPortIdVec>1 </MemPortIdVec>
<condition id="14">
<or_exp><and_exp></and_exp></or_exp>
</condition>

<Node id="98" bw="32" op_0_bw="5">
<![CDATA[
readFIFO.exit:37  %windows_data_pix_loa_1 = load i32* %windows_data_pix_add_1, align 4

]]></Node>
<StgValue><ssdm name="windows_data_pix_loa_1"/></StgValue>
</operation>

<operation id="92" st_id="5" stage="1" lat="1">
<core>RAM</core>
<MemPortIdVec>1 </MemPortIdVec>
<condition id="14">
<or_exp><and_exp></and_exp></or_exp>
</condition>

<Node id="99" bw="0" op_0_bw="32" op_1_bw="3">
<![CDATA[
readFIFO.exit:38  store i32 %windows_data_pix_loa_1, i32* %agg_result_pix_assig_2, align 4

]]></Node>
<StgValue><ssdm name=""/></StgValue>
</operation>

<operation id="93" st_id="5" stage="2" lat="2">
<core>RAM</core>
<MemPortIdVec>0 </MemPortIdVec>
<condition id="14">
<or_exp><and_exp></and_exp></or_exp>
</condition>

<Node id="100" bw="32" op_0_bw="5">
<![CDATA[
readFIFO.exit:39  %windows_data_pix_loa_2 = load i32* %windows_data_pix_add_2, align 4

]]></Node>
<StgValue><ssdm name="windows_data_pix_loa_2"/></StgValue>
</operation>

<operation id="94" st_id="5" stage="2" lat="2">
<core>RAM</core>
<MemPortIdVec>1 </MemPortIdVec>
<condition id="14">
<or_exp><and_exp></and_exp></or_exp>
</condition>

<Node id="102" bw="32" op_0_bw="5">
<![CDATA[
readFIFO.exit:41  %windows_data_pix_loa_3 = load i32* %windows_data_pix_add_3, align 4

]]></Node>
<StgValue><ssdm name="windows_data_pix_loa_3"/></StgValue>
</operation>
</state>

<state id="6" st_id="6">

<operation id="95" st_id="6" stage="1" lat="1">
<core>AddSub</core>
<MemPortIdVec></MemPortIdVec>
<condition id="15">
<or_exp><and_exp></and_exp></or_exp>
</condition>

<Node id="90" bw="6" op_0_bw="6" op_1_bw="6">
<![CDATA[
readFIFO.exit:29  %tmp_14 = add i6 4, %tmp_10

]]></Node>
<StgValue><ssdm name="tmp_14"/></StgValue>
</operation>

<operation id="96" st_id="6" stage="1" lat="1">
<core>NULL</core>
<MemPortIdVec></MemPortIdVec>
<condition id="15">
<or_exp><and_exp></and_exp></or_exp>
</condition>

<Node id="91" bw="64" op_0_bw="6">
<![CDATA[
readFIFO.exit:30  %tmp_16_cast = sext i6 %tmp_14 to i64

]]></Node>
<StgValue><ssdm name="tmp_16_cast"/></StgValue>
</operation>

<operation id="97" st_id="6" stage="1" lat="1">
<core>NULL</core>
<MemPortIdVec></MemPortIdVec>
<condition id="15">
<or_exp><and_exp></and_exp></or_exp>
</condition>

<Node id="92" bw="5" op_0_bw="32" op_1_bw="64" op_2_bw="64">
<![CDATA[
readFIFO.exit:31  %windows_data_pix_add_4 = getelementptr [24 x i32]* %windows_data_pix, i64 0, i64 %tmp_16_cast

]]></Node>
<StgValue><ssdm name="windows_data_pix_add_4"/></StgValue>
</operation>

<operation id="98" st_id="6" stage="1" lat="1">
<core>AddSub</core>
<MemPortIdVec></MemPortIdVec>
<condition id="15">
<or_exp><and_exp></and_exp></or_exp>
</condition>

<Node id="93" bw="6" op_0_bw="6" op_1_bw="6">
<![CDATA[
readFIFO.exit:32  %tmp_15 = add i6 5, %tmp_10

]]></Node>
<StgValue><ssdm name="tmp_15"/></StgValue>
</operation>

<operation id="99" st_id="6" stage="1" lat="1">
<core>NULL</core>
<MemPortIdVec></MemPortIdVec>
<condition id="15">
<or_exp><and_exp></and_exp></or_exp>
</condition>

<Node id="94" bw="64" op_0_bw="6">
<![CDATA[
readFIFO.exit:33  %tmp_17_cast = sext i6 %tmp_15 to i64

]]></Node>
<StgValue><ssdm name="tmp_17_cast"/></StgValue>
</operation>

<operation id="100" st_id="6" stage="1" lat="1">
<core>NULL</core>
<MemPortIdVec></MemPortIdVec>
<condition id="15">
<or_exp><and_exp></and_exp></or_exp>
</condition>

<Node id="95" bw="5" op_0_bw="32" op_1_bw="64" op_2_bw="64">
<![CDATA[
readFIFO.exit:34  %windows_data_pix_add_5 = getelementptr [24 x i32]* %windows_data_pix, i64 0, i64 %tmp_17_cast

]]></Node>
<StgValue><ssdm name="windows_data_pix_add_5"/></StgValue>
</operation>

<operation id="101" st_id="6" stage="1" lat="2">
<core>RAM</core>
<MemPortIdVec>0 </MemPortIdVec>
<condition id="15">
<or_exp><and_exp></and_exp></or_exp>
</condition>

<Node id="100" bw="32" op_0_bw="5">
<![CDATA[
readFIFO.exit:39  %windows_data_pix_loa_2 = load i32* %windows_data_pix_add_2, align 4

]]></Node>
<StgValue><ssdm name="windows_data_pix_loa_2"/></StgValue>
</operation>

<operation id="102" st_id="6" stage="1" lat="1">
<core>RAM</core>
<MemPortIdVec>0 </MemPortIdVec>
<condition id="15">
<or_exp><and_exp></and_exp></or_exp>
</condition>

<Node id="101" bw="0" op_0_bw="32" op_1_bw="3">
<![CDATA[
readFIFO.exit:40  store i32 %windows_data_pix_loa_2, i32* %agg_result_pix_assig_3, align 4

]]></Node>
<StgValue><ssdm name=""/></StgValue>
</operation>

<operation id="103" st_id="6" stage="1" lat="2">
<core>RAM</core>
<MemPortIdVec>1 </MemPortIdVec>
<condition id="15">
<or_exp><and_exp></and_exp></or_exp>
</condition>

<Node id="102" bw="32" op_0_bw="5">
<![CDATA[
readFIFO.exit:41  %windows_data_pix_loa_3 = load i32* %windows_data_pix_add_3, align 4

]]></Node>
<StgValue><ssdm name="windows_data_pix_loa_3"/></StgValue>
</operation>

<operation id="104" st_id="6" stage="1" lat="1">
<core>RAM</core>
<MemPortIdVec>1 </MemPortIdVec>
<condition id="15">
<or_exp><and_exp></and_exp></or_exp>
</condition>

<Node id="103" bw="0" op_0_bw="32" op_1_bw="3">
<![CDATA[
readFIFO.exit:42  store i32 %windows_data_pix_loa_3, i32* %agg_result_pix_assig_4, align 4

]]></Node>
<StgValue><ssdm name=""/></StgValue>
</operation>

<operation id="105" st_id="6" stage="2" lat="2">
<core>RAM</core>
<MemPortIdVec>0 </MemPortIdVec>
<condition id="15">
<or_exp><and_exp></and_exp></or_exp>
</condition>

<Node id="104" bw="32" op_0_bw="5">
<![CDATA[
readFIFO.exit:43  %windows_data_pix_loa_4 = load i32* %windows_data_pix_add_4, align 4

]]></Node>
<StgValue><ssdm name="windows_data_pix_loa_4"/></StgValue>
</operation>

<operation id="106" st_id="6" stage="2" lat="2">
<core>RAM</core>
<MemPortIdVec>1 </MemPortIdVec>
<condition id="15">
<or_exp><and_exp></and_exp></or_exp>
</condition>

<Node id="106" bw="32" op_0_bw="5">
<![CDATA[
readFIFO.exit:45  %windows_data_pix_loa_5 = load i32* %windows_data_pix_add_5, align 4

]]></Node>
<StgValue><ssdm name="windows_data_pix_loa_5"/></StgValue>
</operation>
</state>

<state id="7" st_id="7">

<operation id="107" st_id="7" stage="1" lat="1">
<core>NULL</core>
<MemPortIdVec></MemPortIdVec>
<condition id="59">
<or_exp><and_exp><literal name="tmp_3_i" val="0"/>
</and_exp></or_exp>
</condition>

<Node id="61" bw="16" op_0_bw="16">
<![CDATA[
readFIFO.exit:0  %windows_empty_buf_lo_1 = load i16* %windows_empty_buf

]]></Node>
<StgValue><ssdm name="windows_empty_buf_lo_1"/></StgValue>
</operation>

<operation id="108" st_id="7" stage="1" lat="1">
<core>Sel</core>
<MemPortIdVec></MemPortIdVec>
<condition id="16">
<or_exp><and_exp></and_exp></or_exp>
</condition>

<Node id="73" bw="16" op_0_bw="1" op_1_bw="16" op_2_bw="16">
<![CDATA[
readFIFO.exit:12  %ff_empty_write_assig = select i1 %tmp_3_i, i16 1, i16 %windows_empty_buf_lo_1

]]></Node>
<StgValue><ssdm name="ff_empty_write_assig"/></StgValue>
</operation>

<operation id="109" st_id="7" stage="1" lat="2">
<core>RAM</core>
<MemPortIdVec>0 </MemPortIdVec>
<condition id="16">
<or_exp><and_exp></and_exp></or_exp>
</condition>

<Node id="104" bw="32" op_0_bw="5">
<![CDATA[
readFIFO.exit:43  %windows_data_pix_loa_4 = load i32* %windows_data_pix_add_4, align 4

]]></Node>
<StgValue><ssdm name="windows_data_pix_loa_4"/></StgValue>
</operation>

<operation id="110" st_id="7" stage="1" lat="1">
<core>RAM</core>
<MemPortIdVec>0 </MemPortIdVec>
<condition id="16">
<or_exp><and_exp></and_exp></or_exp>
</condition>

<Node id="105" bw="0" op_0_bw="32" op_1_bw="3">
<![CDATA[
readFIFO.exit:44  store i32 %windows_data_pix_loa_4, i32* %agg_result_pix_assig_5, align 4

]]></Node>
<StgValue><ssdm name=""/></StgValue>
</operation>

<operation id="111" st_id="7" stage="1" lat="2">
<core>RAM</core>
<MemPortIdVec>1 </MemPortIdVec>
<condition id="16">
<or_exp><and_exp></and_exp></or_exp>
</condition>

<Node id="106" bw="32" op_0_bw="5">
<![CDATA[
readFIFO.exit:45  %windows_data_pix_loa_5 = load i32* %windows_data_pix_add_5, align 4

]]></Node>
<StgValue><ssdm name="windows_data_pix_loa_5"/></StgValue>
</operation>

<operation id="112" st_id="7" stage="1" lat="1">
<core>RAM</core>
<MemPortIdVec>1 </MemPortIdVec>
<condition id="16">
<or_exp><and_exp></and_exp></or_exp>
</condition>

<Node id="107" bw="0" op_0_bw="32" op_1_bw="3">
<![CDATA[
readFIFO.exit:46  store i32 %windows_data_pix_loa_5, i32* %agg_result_pix_assig_6, align 4

]]></Node>
<StgValue><ssdm name=""/></StgValue>
</operation>

<operation id="113" st_id="7" stage="1" lat="1">
<core>NULL</core>
<MemPortIdVec></MemPortIdVec>
<condition id="16">
<or_exp><and_exp></and_exp></or_exp>
</condition>

<Node id="108" bw="0" op_0_bw="0">
<![CDATA[
readFIFO.exit:47  br label %2

]]></Node>
<StgValue><ssdm name=""/></StgValue>
</operation>
</state>

<state id="8" st_id="8">

<operation id="114" st_id="8" stage="1" lat="1">
<core>NULL</core>
<MemPortIdVec></MemPortIdVec>
<condition id="17">
<or_exp><and_exp></and_exp></or_exp>
</condition>

<Node id="110" bw="32" op_0_bw="32" op_1_bw="0">
<![CDATA[
:0  %sum = phi i32 [ 0, %readFIFO.exit ], [ %sum_1, %.loopexit ]

]]></Node>
<StgValue><ssdm name="sum"/></StgValue>
</operation>

<operation id="115" st_id="8" stage="1" lat="1">
<core>NULL</core>
<MemPortIdVec></MemPortIdVec>
<condition id="17">
<or_exp><and_exp></and_exp></or_exp>
</condition>

<Node id="111" bw="2" op_0_bw="2" op_1_bw="0">
<![CDATA[
:1  %ic = phi i2 [ 0, %readFIFO.exit ], [ %ic_1, %.loopexit ]

]]></Node>
<StgValue><ssdm name="ic"/></StgValue>
</operation>

<operation id="116" st_id="8" stage="1" lat="1">
<core>NULL</core>
<MemPortIdVec></MemPortIdVec>
<condition id="17">
<or_exp><and_exp></and_exp></or_exp>
</condition>

<Node id="112" bw="32" op_0_bw="32">
<![CDATA[
:2  %jc_1_load = load i32* %jc_1

]]></Node>
<StgValue><ssdm name="jc_1_load"/></StgValue>
</operation>

<operation id="117" st_id="8" stage="1" lat="1">
<core>Cmp</core>
<MemPortIdVec></MemPortIdVec>
<condition id="17">
<or_exp><and_exp></and_exp></or_exp>
</condition>

<Node id="113" bw="1" op_0_bw="2" op_1_bw="2">
<![CDATA[
:3  %exitcond = icmp eq i2 %ic, -1

]]></Node>
<StgValue><ssdm name="exitcond"/></StgValue>
</operation>

<operation id="118" st_id="8" stage="1" lat="1">
<core>NULL</core>
<MemPortIdVec></MemPortIdVec>
<condition id="17">
<or_exp><and_exp></and_exp></or_exp>
</condition>

<Node id="114" bw="32" op_0_bw="32" op_1_bw="64" op_2_bw="64" op_3_bw="64">
<![CDATA[
:4  %empty = call i32 (...)* @_ssdm_op_SpecLoopTripCount(i64 3, i64 3, i64 3)

]]></Node>
<StgValue><ssdm name="empty"/></StgValue>
</operation>

<operation id="119" st_id="8" stage="1" lat="1">
<core>AddSub</core>
<MemPortIdVec></MemPortIdVec>
<condition id="17">
<or_exp><and_exp></and_exp></or_exp>
</condition>

<Node id="115" bw="2" op_0_bw="2" op_1_bw="2">
<![CDATA[
:5  %ic_1 = add i2 %ic, 1

]]></Node>
<StgValue><ssdm name="ic_1"/></StgValue>
</operation>

<operation id="120" st_id="8" stage="1" lat="1">
<core>NULL</core>
<MemPortIdVec></MemPortIdVec>
<condition id="17">
<or_exp><and_exp></and_exp></or_exp>
</condition>

<Node id="116" bw="0" op_0_bw="1" op_1_bw="0" op_2_bw="0">
<![CDATA[
:6  br i1 %exitcond, label %6, label %3

]]></Node>
<StgValue><ssdm name=""/></StgValue>
</operation>

<operation id="121" st_id="8" stage="1" lat="1">
<core>Cmp</core>
<MemPortIdVec></MemPortIdVec>
<condition id="19">
<or_exp><and_exp><literal name="exitcond" val="0"/>
</and_exp></or_exp>
</condition>

<Node id="118" bw="1" op_0_bw="32" op_1_bw="32">
<![CDATA[
:0  %tmp_s = icmp ugt i32 %jc_1_load, 2

]]></Node>
<StgValue><ssdm name="tmp_s"/></StgValue>
</operation>

<operation id="122" st_id="8" stage="1" lat="1">
<core>Sel</core>
<MemPortIdVec></MemPortIdVec>
<condition id="19">
<or_exp><and_exp><literal name="exitcond" val="0"/>
</and_exp></or_exp>
</condition>

<Node id="119" bw="32" op_0_bw="1" op_1_bw="32" op_2_bw="32">
<![CDATA[
:1  %jc = select i1 %tmp_s, i32 %jc_1_load, i32 2

]]></Node>
<StgValue><ssdm name="jc"/></StgValue>
</operation>

<operation id="123" st_id="8" stage="1" lat="1">
<core>NULL</core>
<MemPortIdVec></MemPortIdVec>
<condition id="19">
<or_exp><and_exp><literal name="exitcond" val="0"/>
</and_exp></or_exp>
</condition>

<Node id="120" bw="3" op_0_bw="3" op_1_bw="2" op_2_bw="1">
<![CDATA[
:2  %tmp_18 = call i3 @_ssdm_op_BitConcatenate.i3.i2.i1(i2 %ic, i1 false)

]]></Node>
<StgValue><ssdm name="tmp_18"/></StgValue>
</operation>

<operation id="124" st_id="8" stage="1" lat="1">
<core>NULL</core>
<MemPortIdVec></MemPortIdVec>
<condition id="19">
<or_exp><and_exp><literal name="exitcond" val="0"/>
</and_exp></or_exp>
</condition>

<Node id="121" bw="4" op_0_bw="3">
<![CDATA[
:3  %tmp_20_cast = zext i3 %tmp_18 to i4

]]></Node>
<StgValue><ssdm name="tmp_20_cast"/></StgValue>
</operation>

<operation id="125" st_id="8" stage="1" lat="1">
<core>NULL</core>
<MemPortIdVec></MemPortIdVec>
<condition id="19">
<or_exp><and_exp><literal name="exitcond" val="0"/>
</and_exp></or_exp>
</condition>

<Node id="122" bw="0" op_0_bw="0">
<![CDATA[
:4  br label %4

]]></Node>
<StgValue><ssdm name=""/></StgValue>
</operation>

<operation id="126" st_id="8" stage="1" lat="1">
<core>NULL</core>
<MemPortIdVec></MemPortIdVec>
<condition id="21">
<or_exp><and_exp><literal name="exitcond" val="1"/>
</and_exp></or_exp>
</condition>

<Node id="145" bw="7" op_0_bw="32">
<![CDATA[
:0  %tmp_16 = trunc i32 %j to i7

]]></Node>
<StgValue><ssdm name="tmp_16"/></StgValue>
</operation>

<operation id="127" st_id="8" stage="1" lat="1">
<core>AddSub</core>
<MemPortIdVec></MemPortIdVec>
<condition id="21">
<or_exp><and_exp><literal name="exitcond" val="1"/>
</and_exp></or_exp>
</condition>

<Node id="146" bw="7" op_0_bw="7" op_1_bw="7">
<![CDATA[
:1  %tmp_17 = add i7 %tmp_6_cast, %tmp_16

]]></Node>
<StgValue><ssdm name="tmp_17"/></StgValue>
</operation>

<operation id="128" st_id="8" stage="1" lat="1">
<core>NULL</core>
<MemPortIdVec></MemPortIdVec>
<condition id="21">
<or_exp><and_exp><literal name="exitcond" val="1"/>
</and_exp></or_exp>
</condition>

<Node id="147" bw="64" op_0_bw="7">
<![CDATA[
:2  %tmp_18_cast = zext i7 %tmp_17 to i64

]]></Node>
<StgValue><ssdm name="tmp_18_cast"/></StgValue>
</operation>

<operation id="129" st_id="8" stage="1" lat="1">
<core>NULL</core>
<MemPortIdVec></MemPortIdVec>
<condition id="21">
<or_exp><and_exp><literal name="exitcond" val="1"/>
</and_exp></or_exp>
</condition>

<Node id="148" bw="5" op_0_bw="32" op_1_bw="64" op_2_bw="64">
<![CDATA[
:3  %out_image_addr = getelementptr [32 x i32]* %out_image, i64 0, i64 %tmp_18_cast

]]></Node>
<StgValue><ssdm name="out_image_addr"/></StgValue>
</operation>

<operation id="130" st_id="8" stage="1" lat="1">
<core>RAM</core>
<MemPortIdVec>0 </MemPortIdVec>
<condition id="21">
<or_exp><and_exp><literal name="exitcond" val="1"/>
</and_exp></or_exp>
</condition>

<Node id="149" bw="0" op_0_bw="32" op_1_bw="5">
<![CDATA[
:4  store i32 %sum, i32* %out_image_addr, align 4

]]></Node>
<StgValue><ssdm name=""/></StgValue>
</operation>

<operation id="131" st_id="8" stage="1" lat="1">
<core>NULL</core>
<MemPortIdVec></MemPortIdVec>
<condition id="21">
<or_exp><and_exp><literal name="exitcond" val="1"/>
</and_exp></or_exp>
</condition>

<Node id="150" bw="0" op_0_bw="32" op_1_bw="32">
<![CDATA[
:5  store i32 %tmp_2_i, i32* %windows_tail_buf

]]></Node>
<StgValue><ssdm name=""/></StgValue>
</operation>

<operation id="132" st_id="8" stage="1" lat="1">
<core>NULL</core>
<MemPortIdVec></MemPortIdVec>
<condition id="21">
<or_exp><and_exp><literal name="exitcond" val="1"/>
</and_exp></or_exp>
</condition>

<Node id="151" bw="0" op_0_bw="16" op_1_bw="16">
<![CDATA[
:6  store i16 %ff_empty_write_assig, i16* %windows_empty_buf

]]></Node>
<StgValue><ssdm name=""/></StgValue>
</operation>

<operation id="133" st_id="8" stage="1" lat="1">
<core>NULL</core>
<MemPortIdVec></MemPortIdVec>
<condition id="21">
<or_exp><and_exp><literal name="exitcond" val="1"/>
</and_exp></or_exp>
</condition>

<Node id="152" bw="0" op_0_bw="0">
<![CDATA[
:7  br label %.preheader

]]></Node>
<StgValue><ssdm name=""/></StgValue>
</operation>
</state>

<state id="9" st_id="9">

<operation id="134" st_id="9" stage="1" lat="1">
<core>NULL</core>
<MemPortIdVec></MemPortIdVec>
<condition id="22">
<or_exp><and_exp></and_exp></or_exp>
</condition>

<Node id="124" bw="32" op_0_bw="32" op_1_bw="0">
<![CDATA[
:0  %sum_1 = phi i32 [ %sum, %3 ], [ %sum_2, %5 ]

]]></Node>
<StgValue><ssdm name="sum_1"/></StgValue>
</operation>

<operation id="135" st_id="9" stage="1" lat="1">
<core>NULL</core>
<MemPortIdVec></MemPortIdVec>
<condition id="22">
<or_exp><and_exp></and_exp></or_exp>
</condition>

<Node id="125" bw="32" op_0_bw="32" op_1_bw="0">
<![CDATA[
:1  %jc_3 = phi i32 [ %jc_1_load, %3 ], [ %jc1, %5 ]

]]></Node>
<StgValue><ssdm name="jc_3"/></StgValue>
</operation>

<operation id="136" st_id="9" stage="1" lat="1">
<core>NULL</core>
<MemPortIdVec></MemPortIdVec>
<condition id="22">
<or_exp><and_exp></and_exp></or_exp>
</condition>

<Node id="126" bw="31" op_0_bw="31" op_1_bw="32" op_2_bw="32" op_3_bw="32">
<![CDATA[
:2  %tmp_19 = call i31 @_ssdm_op_PartSelect.i31.i32.i32.i32(i32 %jc_3, i32 1, i32 31)

]]></Node>
<StgValue><ssdm name="tmp_19"/></StgValue>
</operation>

<operation id="137" st_id="9" stage="1" lat="1">
<core>Cmp</core>
<MemPortIdVec></MemPortIdVec>
<condition id="22">
<or_exp><and_exp></and_exp></or_exp>
</condition>

<Node id="127" bw="1" op_0_bw="31" op_1_bw="31">
<![CDATA[
:3  %icmp = icmp eq i31 %tmp_19, 0

]]></Node>
<StgValue><ssdm name="icmp"/></StgValue>
</operation>

<operation id="138" st_id="9" stage="1" lat="1">
<core>NULL</core>
<MemPortIdVec></MemPortIdVec>
<condition id="22">
<or_exp><and_exp></and_exp></or_exp>
</condition>

<Node id="128" bw="0" op_0_bw="1" op_1_bw="0" op_2_bw="0">
<![CDATA[
:4  br i1 %icmp, label %5, label %.loopexit

]]></Node>
<StgValue><ssdm name=""/></StgValue>
</operation>

<operation id="139" st_id="9" stage="1" lat="1">
<core>NULL</core>
<MemPortIdVec></MemPortIdVec>
<condition id="24">
<or_exp><and_exp><literal name="icmp" val="1"/>
</and_exp></or_exp>
</condition>

<Node id="130" bw="4" op_0_bw="32">
<![CDATA[
:0  %tmp_20 = trunc i32 %jc_3 to i4

]]></Node>
<StgValue><ssdm name="tmp_20"/></StgValue>
</operation>

<operation id="140" st_id="9" stage="1" lat="1">
<core>AddSub</core>
<MemPortIdVec></MemPortIdVec>
<condition id="24">
<or_exp><and_exp><literal name="icmp" val="1"/>
</and_exp></or_exp>
</condition>

<Node id="131" bw="4" op_0_bw="4" op_1_bw="4">
<![CDATA[
:1  %tmp_21 = add i4 %tmp_20_cast, %tmp_20

]]></Node>
<StgValue><ssdm name="tmp_21"/></StgValue>
</operation>

<operation id="141" st_id="9" stage="1" lat="1">
<core>NULL</core>
<MemPortIdVec></MemPortIdVec>
<condition id="24">
<or_exp><and_exp><literal name="icmp" val="1"/>
</and_exp></or_exp>
</condition>

<Node id="132" bw="64" op_0_bw="4">
<![CDATA[
:2  %tmp_21_cast = zext i4 %tmp_21 to i64

]]></Node>
<StgValue><ssdm name="tmp_21_cast"/></StgValue>
</operation>

<operation id="142" st_id="9" stage="1" lat="1">
<core>NULL</core>
<MemPortIdVec></MemPortIdVec>
<condition id="24">
<or_exp><and_exp><literal name="icmp" val="1"/>
</and_exp></or_exp>
</condition>

<Node id="133" bw="3" op_0_bw="32" op_1_bw="64" op_2_bw="64">
<![CDATA[
:3  %kernel_addr = getelementptr [6 x i32]* %kernel, i64 0, i64 %tmp_21_cast

]]></Node>
<StgValue><ssdm name="kernel_addr"/></StgValue>
</operation>

<operation id="143" st_id="9" stage="1" lat="1">
<core>NULL</core>
<MemPortIdVec></MemPortIdVec>
<condition id="24">
<or_exp><and_exp><literal name="icmp" val="1"/>
</and_exp></or_exp>
</condition>

<Node id="134" bw="3" op_0_bw="32" op_1_bw="64" op_2_bw="64">
<![CDATA[
:4  %agg_result_pix_assig_7 = getelementptr [6 x i32]* %agg_result_pix_assig, i64 0, i64 %tmp_21_cast

]]></Node>
<StgValue><ssdm name="agg_result_pix_assig_7"/></StgValue>
</operation>

<operation id="144" st_id="9" stage="2" lat="2">
<core>RAM</core>
<MemPortIdVec>0 </MemPortIdVec>
<condition id="24">
<or_exp><and_exp><literal name="icmp" val="1"/>
</and_exp></or_exp>
</condition>

<Node id="135" bw="32" op_0_bw="3">
<![CDATA[
:5  %agg_result_pix_assig_8 = load i32* %agg_result_pix_assig_7, align 4

]]></Node>
<StgValue><ssdm name="agg_result_pix_assig_8"/></StgValue>
</operation>

<operation id="145" st_id="9" stage="2" lat="2">
<core>RAM</core>
<MemPortIdVec>0 </MemPortIdVec>
<condition id="24">
<or_exp><and_exp><literal name="icmp" val="1"/>
</and_exp></or_exp>
</condition>

<Node id="136" bw="32" op_0_bw="3">
<![CDATA[
:6  %kernel_load = load i32* %kernel_addr, align 4

]]></Node>
<StgValue><ssdm name="kernel_load"/></StgValue>
</operation>

<operation id="146" st_id="9" stage="1" lat="1">
<core>AddSub</core>
<MemPortIdVec></MemPortIdVec>
<condition id="24">
<or_exp><and_exp><literal name="icmp" val="1"/>
</and_exp></or_exp>
</condition>

<Node id="139" bw="32" op_0_bw="32" op_1_bw="32">
<![CDATA[
:9  %jc1 = add i32 1, %jc_3

]]></Node>
<StgValue><ssdm name="jc1"/></StgValue>
</operation>

<operation id="147" st_id="9" stage="1" lat="1">
<core>NULL</core>
<MemPortIdVec></MemPortIdVec>
<condition id="26">
<or_exp><and_exp><literal name="icmp" val="0"/>
</and_exp></or_exp>
</condition>

<Node id="142" bw="0" op_0_bw="32" op_1_bw="32">
<![CDATA[
.loopexit:0  store i32 %jc, i32* %jc_1

]]></Node>
<StgValue><ssdm name=""/></StgValue>
</operation>

<operation id="148" st_id="9" stage="1" lat="1">
<core>NULL</core>
<MemPortIdVec></MemPortIdVec>
<condition id="26">
<or_exp><and_exp><literal name="icmp" val="0"/>
</and_exp></or_exp>
</condition>

<Node id="143" bw="0" op_0_bw="0">
<![CDATA[
.loopexit:1  br label %2

]]></Node>
<StgValue><ssdm name=""/></StgValue>
</operation>
</state>

<state id="10" st_id="10">

<operation id="149" st_id="10" stage="1" lat="2">
<core>RAM</core>
<MemPortIdVec>0 </MemPortIdVec>
<condition id="27">
<or_exp><and_exp></and_exp></or_exp>
</condition>

<Node id="135" bw="32" op_0_bw="3">
<![CDATA[
:5  %agg_result_pix_assig_8 = load i32* %agg_result_pix_assig_7, align 4

]]></Node>
<StgValue><ssdm name="agg_result_pix_assig_8"/></StgValue>
</operation>

<operation id="150" st_id="10" stage="1" lat="2">
<core>RAM</core>
<MemPortIdVec>0 </MemPortIdVec>
<condition id="27">
<or_exp><and_exp></and_exp></or_exp>
</condition>

<Node id="136" bw="32" op_0_bw="3">
<![CDATA[
:6  %kernel_load = load i32* %kernel_addr, align 4

]]></Node>
<StgValue><ssdm name="kernel_load"/></StgValue>
</operation>
</state>

<state id="11" st_id="11">

<operation id="151" st_id="11" stage="1" lat="1">
<core>Mul</core>
<MemPortIdVec></MemPortIdVec>
<condition id="28">
<or_exp><and_exp></and_exp></or_exp>
</condition>

<Node id="137" bw="32" op_0_bw="32" op_1_bw="32">
<![CDATA[
:7  %tmp_4 = mul nsw i32 %agg_result_pix_assig_8, %kernel_load

]]></Node>
<StgValue><ssdm name="tmp_4"/></StgValue>
</operation>
</state>

<state id="12" st_id="12">

<operation id="152" st_id="12" stage="1" lat="1">
<core>AddSub</core>
<MemPortIdVec></MemPortIdVec>
<condition id="29">
<or_exp><and_exp></and_exp></or_exp>
</condition>

<Node id="138" bw="32" op_0_bw="32" op_1_bw="32">
<![CDATA[
:8  %sum_2 = add nsw i32 %sum_1, %tmp_4

]]></Node>
<StgValue><ssdm name="sum_2"/></StgValue>
</operation>

<operation id="153" st_id="12" stage="1" lat="1">
<core>NULL</core>
<MemPortIdVec></MemPortIdVec>
<condition id="29">
<or_exp><and_exp></and_exp></or_exp>
</condition>

<Node id="140" bw="0" op_0_bw="0">
<![CDATA[
:10  br label %4

]]></Node>
<StgValue><ssdm name=""/></StgValue>
</operation>
</state>
</state_list>


<ports>
<port id="172" name="width" dir="0" iftype="0">
<core>NULL</core><StgValue><ssdm name="width"/></StgValue>
</port>
<port id="173" name="height" dir="0" iftype="0">
<core>NULL</core><StgValue><ssdm name="height"/></StgValue>
</port>
<port id="174" name="kernel" dir="0" iftype="1">
<core>RAM</core><StgValue><ssdm name="kernel"/><MemPortTyVec>1 3 </MemPortTyVec>
</StgValue>
</port>
<port id="175" name="windows_data_pix" dir="0" iftype="1">
<core>RAM</core><StgValue><ssdm name="windows_data_pix"/><MemPortTyVec>1 1 </MemPortTyVec>
</StgValue>
</port>
<port id="176" name="windows_head" dir="0" iftype="0">
<core>NULL</core><StgValue><ssdm name="windows_head"/></StgValue>
</port>
<port id="177" name="windows_tail" dir="0" iftype="0">
<core>NULL</core><StgValue><ssdm name="windows_tail"/></StgValue>
</port>
<port id="178" name="windows_empty" dir="0" iftype="0">
<core>NULL</core><StgValue><ssdm name="windows_empty"/></StgValue>
</port>
<port id="179" name="windows_full" dir="0" iftype="0">
<core>NULL</core><StgValue><ssdm name="windows_full"/></StgValue>
</port>
<port id="180" name="out_image" dir="1" iftype="1">
<core>RAM</core><StgValue><ssdm name="out_image"/><MemPortTyVec>0 3 </MemPortTyVec>
</StgValue>
</port>
</ports>


<dataflows>
<dataflow id="182" from="StgValue_181" to="jc_1" fromId="181" toId="13">
</dataflow>
<dataflow id="183" from="StgValue_181" to="windows_empty_buf" fromId="181" toId="14">
</dataflow>
<dataflow id="184" from="StgValue_181" to="windows_tail_buf" fromId="181" toId="15">
</dataflow>
<dataflow id="186" from="_ssdm_op_SpecBitsMap" to="StgValue_16" fromId="185" toId="16">
</dataflow>
<dataflow id="187" from="width" to="StgValue_16" fromId="172" toId="16">
</dataflow>
<dataflow id="188" from="_ssdm_op_SpecBitsMap" to="StgValue_17" fromId="185" toId="17">
</dataflow>
<dataflow id="189" from="height" to="StgValue_17" fromId="173" toId="17">
</dataflow>
<dataflow id="190" from="_ssdm_op_SpecBitsMap" to="StgValue_18" fromId="185" toId="18">
</dataflow>
<dataflow id="191" from="kernel" to="StgValue_18" fromId="174" toId="18">
</dataflow>
<dataflow id="192" from="_ssdm_op_SpecBitsMap" to="StgValue_19" fromId="185" toId="19">
</dataflow>
<dataflow id="193" from="windows_data_pix" to="StgValue_19" fromId="175" toId="19">
</dataflow>
<dataflow id="194" from="_ssdm_op_SpecBitsMap" to="StgValue_20" fromId="185" toId="20">
</dataflow>
<dataflow id="195" from="windows_head" to="StgValue_20" fromId="176" toId="20">
</dataflow>
<dataflow id="196" from="_ssdm_op_SpecBitsMap" to="StgValue_21" fromId="185" toId="21">
</dataflow>
<dataflow id="197" from="windows_tail" to="StgValue_21" fromId="177" toId="21">
</dataflow>
<dataflow id="198" from="_ssdm_op_SpecBitsMap" to="StgValue_22" fromId="185" toId="22">
</dataflow>
<dataflow id="199" from="windows_empty" to="StgValue_22" fromId="178" toId="22">
</dataflow>
<dataflow id="200" from="_ssdm_op_SpecBitsMap" to="StgValue_23" fromId="185" toId="23">
</dataflow>
<dataflow id="201" from="windows_full" to="StgValue_23" fromId="179" toId="23">
</dataflow>
<dataflow id="202" from="_ssdm_op_SpecBitsMap" to="StgValue_24" fromId="185" toId="24">
</dataflow>
<dataflow id="203" from="out_image" to="StgValue_24" fromId="180" toId="24">
</dataflow>
<dataflow id="205" from="_ssdm_op_SpecTopModule" to="StgValue_25" fromId="204" toId="25">
</dataflow>
<dataflow id="207" from="convolution2d_str" to="StgValue_25" fromId="206" toId="25">
</dataflow>
<dataflow id="209" from="_ssdm_op_Read.ap_auto.i16" to="windows_empty_read" fromId="208" toId="26">
</dataflow>
<dataflow id="210" from="windows_empty" to="windows_empty_read" fromId="178" toId="26">
</dataflow>
<dataflow id="212" from="_ssdm_op_Read.ap_auto.i32" to="windows_tail_read" fromId="211" toId="27">
</dataflow>
<dataflow id="213" from="windows_tail" to="windows_tail_read" fromId="177" toId="27">
</dataflow>
<dataflow id="214" from="_ssdm_op_Read.ap_auto.i32" to="windows_head_read" fromId="211" toId="28">
</dataflow>
<dataflow id="215" from="windows_head" to="windows_head_read" fromId="176" toId="28">
</dataflow>
<dataflow id="216" from="_ssdm_op_Read.ap_auto.i32" to="height_read" fromId="211" toId="29">
</dataflow>
<dataflow id="217" from="height" to="height_read" fromId="173" toId="29">
</dataflow>
<dataflow id="218" from="_ssdm_op_Read.ap_auto.i32" to="width_read" fromId="211" toId="30">
</dataflow>
<dataflow id="219" from="width" to="width_read" fromId="172" toId="30">
</dataflow>
<dataflow id="221" from="StgValue_220" to="agg_result_pix_assig" fromId="220" toId="31">
</dataflow>
<dataflow id="222" from="agg_result_pix_assig" to="agg_result_pix_assig_1" fromId="31" toId="32">
</dataflow>
<dataflow id="224" from="StgValue_223" to="agg_result_pix_assig_1" fromId="223" toId="32">
</dataflow>
<dataflow id="225" from="StgValue_223" to="agg_result_pix_assig_1" fromId="223" toId="32">
</dataflow>
<dataflow id="226" from="agg_result_pix_assig" to="agg_result_pix_assig_2" fromId="31" toId="33">
</dataflow>
<dataflow id="227" from="StgValue_223" to="agg_result_pix_assig_2" fromId="223" toId="33">
</dataflow>
<dataflow id="228" from="StgValue_220" to="agg_result_pix_assig_2" fromId="220" toId="33">
</dataflow>
<dataflow id="229" from="agg_result_pix_assig" to="agg_result_pix_assig_3" fromId="31" toId="34">
</dataflow>
<dataflow id="230" from="StgValue_223" to="agg_result_pix_assig_3" fromId="223" toId="34">
</dataflow>
<dataflow id="232" from="StgValue_231" to="agg_result_pix_assig_3" fromId="231" toId="34">
</dataflow>
<dataflow id="233" from="agg_result_pix_assig" to="agg_result_pix_assig_4" fromId="31" toId="35">
</dataflow>
<dataflow id="234" from="StgValue_223" to="agg_result_pix_assig_4" fromId="223" toId="35">
</dataflow>
<dataflow id="236" from="StgValue_235" to="agg_result_pix_assig_4" fromId="235" toId="35">
</dataflow>
<dataflow id="237" from="agg_result_pix_assig" to="agg_result_pix_assig_5" fromId="31" toId="36">
</dataflow>
<dataflow id="238" from="StgValue_223" to="agg_result_pix_assig_5" fromId="223" toId="36">
</dataflow>
<dataflow id="240" from="StgValue_239" to="agg_result_pix_assig_5" fromId="239" toId="36">
</dataflow>
<dataflow id="241" from="agg_result_pix_assig" to="agg_result_pix_assig_6" fromId="31" toId="37">
</dataflow>
<dataflow id="242" from="StgValue_223" to="agg_result_pix_assig_6" fromId="223" toId="37">
</dataflow>
<dataflow id="244" from="StgValue_243" to="agg_result_pix_assig_6" fromId="243" toId="37">
</dataflow>
<dataflow id="245" from="width_read" to="tmp" fromId="30" toId="38">
</dataflow>
<dataflow id="247" from="StgValue_246" to="tmp" fromId="246" toId="38">
</dataflow>
<dataflow id="248" from="height_read" to="tmp_5" fromId="29" toId="39">
</dataflow>
<dataflow id="250" from="StgValue_249" to="tmp_5" fromId="249" toId="39">
</dataflow>
<dataflow id="251" from="windows_tail_read" to="StgValue_40" fromId="27" toId="40">
</dataflow>
<dataflow id="252" from="windows_tail_buf" to="StgValue_40" fromId="15" toId="40">
</dataflow>
<dataflow id="253" from="windows_empty_read" to="StgValue_41" fromId="26" toId="41">
</dataflow>
<dataflow id="254" from="windows_empty_buf" to="StgValue_41" fromId="14" toId="41">
</dataflow>
<dataflow id="256" from="StgValue_255" to="i" fromId="255" toId="43">
<condition id="72">
<or_exp><and_exp></and_exp></or_exp>
</condition>
</dataflow>
<dataflow id="257" from="StgValue_42" to="i" fromId="42" toId="43">
</dataflow>
<dataflow id="258" from="i_1" to="i" fromId="45" toId="43">
<BackEdge/>
<condition id="73">
<or_exp><and_exp><literal name="exitcond2" val="1"/>
</and_exp></or_exp>
</condition>
</dataflow>
<dataflow id="259" from="StgValue_58" to="i" fromId="58" toId="43">
<BackEdge/>
</dataflow>
<dataflow id="260" from="i" to="exitcond3" fromId="43" toId="44">
</dataflow>
<dataflow id="261" from="tmp_5" to="exitcond3" fromId="39" toId="44">
</dataflow>
<dataflow id="262" from="i" to="i_1" fromId="43" toId="45">
</dataflow>
<dataflow id="263" from="StgValue_181" to="i_1" fromId="181" toId="45">
</dataflow>
<dataflow id="264" from="exitcond3" to="StgValue_46" fromId="44" toId="46">
</dataflow>
<dataflow id="265" from="i" to="tmp_1" fromId="43" toId="47">
</dataflow>
<dataflow id="267" from="_ssdm_op_BitConcatenate.i7.i5.i2" to="tmp_6_cast" fromId="266" toId="48">
</dataflow>
<dataflow id="268" from="tmp_1" to="tmp_6_cast" fromId="47" toId="48">
</dataflow>
<dataflow id="270" from="StgValue_269" to="tmp_6_cast" fromId="269" toId="48">
</dataflow>
<dataflow id="271" from="StgValue_255" to="j" fromId="255" toId="51">
<condition id="74">
<or_exp><and_exp><literal name="exitcond3" val="0"/>
</and_exp></or_exp>
</condition>
</dataflow>
<dataflow id="272" from="StgValue_49" to="j" fromId="49" toId="51">
</dataflow>
<dataflow id="273" from="j_1" to="j" fromId="53" toId="51">
<BackEdge/>
<condition id="75">
<or_exp><and_exp><literal name="exitcond" val="1"/>
</and_exp></or_exp>
</condition>
</dataflow>
<dataflow id="274" from="StgValue_133" to="j" fromId="133" toId="51">
<BackEdge/>
</dataflow>
<dataflow id="275" from="j" to="exitcond2" fromId="51" toId="52">
</dataflow>
<dataflow id="276" from="tmp" to="exitcond2" fromId="38" toId="52">
</dataflow>
<dataflow id="277" from="j" to="j_1" fromId="51" toId="53">
</dataflow>
<dataflow id="278" from="StgValue_181" to="j_1" fromId="181" toId="53">
</dataflow>
<dataflow id="279" from="exitcond2" to="StgValue_54" fromId="52" toId="54">
</dataflow>
<dataflow id="280" from="windows_empty_buf" to="windows_empty_buf_lo" fromId="14" toId="55">
</dataflow>
<dataflow id="281" from="windows_empty_buf_lo" to="tmp_i" fromId="55" toId="56">
</dataflow>
<dataflow id="283" from="StgValue_282" to="tmp_i" fromId="282" toId="56">
</dataflow>
<dataflow id="284" from="tmp_i" to="StgValue_59" fromId="56" toId="59">
</dataflow>
<dataflow id="285" from="windows_tail_buf" to="windows_tail_buf_loa" fromId="15" toId="60">
</dataflow>
<dataflow id="286" from="StgValue_181" to="tmp_1_i" fromId="181" toId="61">
</dataflow>
<dataflow id="287" from="windows_tail_buf_loa" to="tmp_1_i" fromId="60" toId="61">
</dataflow>
<dataflow id="289" from="_ssdm_op_BitSelect.i1.i32.i32" to="tmp_2" fromId="288" toId="62">
</dataflow>
<dataflow id="290" from="tmp_1_i" to="tmp_2" fromId="61" toId="62">
</dataflow>
<dataflow id="292" from="StgValue_291" to="tmp_2" fromId="291" toId="62">
</dataflow>
<dataflow id="293" from="tmp_1_i" to="tmp_3" fromId="61" toId="63">
</dataflow>
<dataflow id="295" from="_ssdm_op_BitConcatenate.i32.i30.i2" to="p_and_f" fromId="294" toId="64">
</dataflow>
<dataflow id="297" from="StgValue_296" to="p_and_f" fromId="296" toId="64">
</dataflow>
<dataflow id="298" from="tmp_3" to="p_and_f" fromId="63" toId="64">
</dataflow>
<dataflow id="299" from="windows_tail_buf_loa" to="tmp_6" fromId="60" toId="65">
</dataflow>
<dataflow id="300" from="tmp_6" to="tmp_7" fromId="65" toId="66">
</dataflow>
<dataflow id="302" from="StgValue_301" to="tmp_7" fromId="301" toId="66">
</dataflow>
<dataflow id="303" from="_ssdm_op_BitConcatenate.i32.i30.i2" to="p_and_t" fromId="294" toId="67">
</dataflow>
<dataflow id="304" from="StgValue_296" to="p_and_t" fromId="296" toId="67">
</dataflow>
<dataflow id="305" from="tmp_7" to="p_and_t" fromId="66" toId="67">
</dataflow>
<dataflow id="306" from="StgValue_255" to="p_neg_t" fromId="255" toId="68">
</dataflow>
<dataflow id="307" from="p_and_t" to="p_neg_t" fromId="67" toId="68">
</dataflow>
<dataflow id="308" from="tmp_2" to="tmp_2_i" fromId="62" toId="69">
</dataflow>
<dataflow id="309" from="p_neg_t" to="tmp_2_i" fromId="68" toId="69">
</dataflow>
<dataflow id="310" from="p_and_f" to="tmp_2_i" fromId="64" toId="69">
</dataflow>
<dataflow id="311" from="tmp_2_i" to="tmp_3_i" fromId="69" toId="70">
</dataflow>
<dataflow id="312" from="windows_head_read" to="tmp_3_i" fromId="28" toId="70">
</dataflow>
<dataflow id="313" from="tmp_2_i" to="tmp_8" fromId="69" toId="71">
</dataflow>
<dataflow id="315" from="_ssdm_op_BitConcatenate.i6.i3.i3" to="p_shl_cast" fromId="314" toId="72">
</dataflow>
<dataflow id="316" from="tmp_8" to="p_shl_cast" fromId="71" toId="72">
</dataflow>
<dataflow id="318" from="StgValue_317" to="p_shl_cast" fromId="317" toId="72">
</dataflow>
<dataflow id="319" from="tmp_2_i" to="tmp_9" fromId="69" toId="73">
</dataflow>
<dataflow id="321" from="_ssdm_op_BitConcatenate.i6.i5.i1" to="p_shl1_cast" fromId="320" toId="74">
</dataflow>
<dataflow id="322" from="tmp_9" to="p_shl1_cast" fromId="73" toId="74">
</dataflow>
<dataflow id="324" from="StgValue_323" to="p_shl1_cast" fromId="323" toId="74">
</dataflow>
<dataflow id="325" from="p_shl_cast" to="tmp_10" fromId="72" toId="75">
</dataflow>
<dataflow id="326" from="p_shl1_cast" to="tmp_10" fromId="74" toId="75">
</dataflow>
<dataflow id="327" from="tmp_10" to="tmp_12_cast" fromId="75" toId="76">
</dataflow>
<dataflow id="328" from="windows_data_pix" to="windows_data_pix_add" fromId="175" toId="77">
</dataflow>
<dataflow id="329" from="StgValue_223" to="windows_data_pix_add" fromId="223" toId="77">
</dataflow>
<dataflow id="330" from="tmp_12_cast" to="windows_data_pix_add" fromId="76" toId="77">
</dataflow>
<dataflow id="331" from="tmp_10" to="tmp_11" fromId="75" toId="78">
</dataflow>
<dataflow id="333" from="StgValue_332" to="tmp_11" fromId="332" toId="78">
</dataflow>
<dataflow id="334" from="tmp_11" to="tmp_13_cast" fromId="78" toId="79">
</dataflow>
<dataflow id="335" from="windows_data_pix" to="windows_data_pix_add_1" fromId="175" toId="80">
</dataflow>
<dataflow id="336" from="StgValue_223" to="windows_data_pix_add_1" fromId="223" toId="80">
</dataflow>
<dataflow id="337" from="tmp_13_cast" to="windows_data_pix_add_1" fromId="79" toId="80">
</dataflow>
<dataflow id="338" from="windows_data_pix_add" to="windows_data_pix_loa" fromId="77" toId="81">
</dataflow>
<dataflow id="339" from="windows_data_pix_add_1" to="windows_data_pix_loa_1" fromId="80" toId="82">
</dataflow>
<dataflow id="341" from="StgValue_340" to="tmp_12" fromId="340" toId="83">
</dataflow>
<dataflow id="342" from="tmp_10" to="tmp_12" fromId="75" toId="83">
</dataflow>
<dataflow id="343" from="tmp_12" to="tmp_14_cast" fromId="83" toId="84">
</dataflow>
<dataflow id="344" from="windows_data_pix" to="windows_data_pix_add_2" fromId="175" toId="85">
</dataflow>
<dataflow id="345" from="StgValue_223" to="windows_data_pix_add_2" fromId="223" toId="85">
</dataflow>
<dataflow id="346" from="tmp_14_cast" to="windows_data_pix_add_2" fromId="84" toId="85">
</dataflow>
<dataflow id="348" from="StgValue_347" to="tmp_13" fromId="347" toId="86">
</dataflow>
<dataflow id="349" from="tmp_10" to="tmp_13" fromId="75" toId="86">
</dataflow>
<dataflow id="350" from="tmp_13" to="tmp_15_cast" fromId="86" toId="87">
</dataflow>
<dataflow id="351" from="windows_data_pix" to="windows_data_pix_add_3" fromId="175" toId="88">
</dataflow>
<dataflow id="352" from="StgValue_223" to="windows_data_pix_add_3" fromId="223" toId="88">
</dataflow>
<dataflow id="353" from="tmp_15_cast" to="windows_data_pix_add_3" fromId="87" toId="88">
</dataflow>
<dataflow id="354" from="windows_data_pix_add" to="windows_data_pix_loa" fromId="77" toId="89">
</dataflow>
<dataflow id="355" from="windows_data_pix_loa" to="StgValue_90" fromId="89" toId="90">
</dataflow>
<dataflow id="356" from="agg_result_pix_assig_1" to="StgValue_90" fromId="32" toId="90">
</dataflow>
<dataflow id="357" from="windows_data_pix_add_1" to="windows_data_pix_loa_1" fromId="80" toId="91">
</dataflow>
<dataflow id="358" from="windows_data_pix_loa_1" to="StgValue_92" fromId="91" toId="92">
</dataflow>
<dataflow id="359" from="agg_result_pix_assig_2" to="StgValue_92" fromId="33" toId="92">
</dataflow>
<dataflow id="360" from="windows_data_pix_add_2" to="windows_data_pix_loa_2" fromId="85" toId="93">
</dataflow>
<dataflow id="361" from="windows_data_pix_add_3" to="windows_data_pix_loa_3" fromId="88" toId="94">
</dataflow>
<dataflow id="363" from="StgValue_362" to="tmp_14" fromId="362" toId="95">
</dataflow>
<dataflow id="364" from="tmp_10" to="tmp_14" fromId="75" toId="95">
</dataflow>
<dataflow id="365" from="tmp_14" to="tmp_16_cast" fromId="95" toId="96">
</dataflow>
<dataflow id="366" from="windows_data_pix" to="windows_data_pix_add_4" fromId="175" toId="97">
</dataflow>
<dataflow id="367" from="StgValue_223" to="windows_data_pix_add_4" fromId="223" toId="97">
</dataflow>
<dataflow id="368" from="tmp_16_cast" to="windows_data_pix_add_4" fromId="96" toId="97">
</dataflow>
<dataflow id="370" from="StgValue_369" to="tmp_15" fromId="369" toId="98">
</dataflow>
<dataflow id="371" from="tmp_10" to="tmp_15" fromId="75" toId="98">
</dataflow>
<dataflow id="372" from="tmp_15" to="tmp_17_cast" fromId="98" toId="99">
</dataflow>
<dataflow id="373" from="windows_data_pix" to="windows_data_pix_add_5" fromId="175" toId="100">
</dataflow>
<dataflow id="374" from="StgValue_223" to="windows_data_pix_add_5" fromId="223" toId="100">
</dataflow>
<dataflow id="375" from="tmp_17_cast" to="windows_data_pix_add_5" fromId="99" toId="100">
</dataflow>
<dataflow id="376" from="windows_data_pix_add_2" to="windows_data_pix_loa_2" fromId="85" toId="101">
</dataflow>
<dataflow id="377" from="windows_data_pix_loa_2" to="StgValue_102" fromId="101" toId="102">
</dataflow>
<dataflow id="378" from="agg_result_pix_assig_3" to="StgValue_102" fromId="34" toId="102">
</dataflow>
<dataflow id="379" from="windows_data_pix_add_3" to="windows_data_pix_loa_3" fromId="88" toId="103">
</dataflow>
<dataflow id="380" from="windows_data_pix_loa_3" to="StgValue_104" fromId="103" toId="104">
</dataflow>
<dataflow id="381" from="agg_result_pix_assig_4" to="StgValue_104" fromId="35" toId="104">
</dataflow>
<dataflow id="382" from="windows_data_pix_add_4" to="windows_data_pix_loa_4" fromId="97" toId="105">
</dataflow>
<dataflow id="383" from="windows_data_pix_add_5" to="windows_data_pix_loa_5" fromId="100" toId="106">
</dataflow>
<dataflow id="384" from="windows_empty_buf" to="windows_empty_buf_lo_1" fromId="14" toId="107">
</dataflow>
<dataflow id="385" from="tmp_3_i" to="ff_empty_write_assig" fromId="70" toId="108">
</dataflow>
<dataflow id="387" from="StgValue_386" to="ff_empty_write_assig" fromId="386" toId="108">
</dataflow>
<dataflow id="388" from="windows_empty_buf_lo_1" to="ff_empty_write_assig" fromId="107" toId="108">
</dataflow>
<dataflow id="389" from="windows_data_pix_add_4" to="windows_data_pix_loa_4" fromId="97" toId="109">
</dataflow>
<dataflow id="390" from="windows_data_pix_loa_4" to="StgValue_110" fromId="109" toId="110">
</dataflow>
<dataflow id="391" from="agg_result_pix_assig_5" to="StgValue_110" fromId="36" toId="110">
</dataflow>
<dataflow id="392" from="windows_data_pix_add_5" to="windows_data_pix_loa_5" fromId="100" toId="111">
</dataflow>
<dataflow id="393" from="windows_data_pix_loa_5" to="StgValue_112" fromId="111" toId="112">
</dataflow>
<dataflow id="394" from="agg_result_pix_assig_6" to="StgValue_112" fromId="37" toId="112">
</dataflow>
<dataflow id="395" from="StgValue_255" to="sum" fromId="255" toId="114">
<condition id="76">
<or_exp><and_exp></and_exp></or_exp>
</condition>
</dataflow>
<dataflow id="396" from="StgValue_113" to="sum" fromId="113" toId="114">
</dataflow>
<dataflow id="397" from="sum_1" to="sum" fromId="134" toId="114">
<BackEdge/>
<condition id="77">
<or_exp><and_exp><literal name="icmp" val="0"/>
</and_exp></or_exp>
</condition>
</dataflow>
<dataflow id="398" from="StgValue_148" to="sum" fromId="148" toId="114">
<BackEdge/>
</dataflow>
<dataflow id="399" from="StgValue_269" to="ic" fromId="269" toId="115">
<condition id="78">
<or_exp><and_exp></and_exp></or_exp>
</condition>
</dataflow>
<dataflow id="400" from="StgValue_113" to="ic" fromId="113" toId="115">
</dataflow>
<dataflow id="401" from="ic_1" to="ic" fromId="119" toId="115">
<BackEdge/>
<condition id="79">
<or_exp><and_exp><literal name="icmp" val="0"/>
</and_exp></or_exp>
</condition>
</dataflow>
<dataflow id="402" from="StgValue_148" to="ic" fromId="148" toId="115">
<BackEdge/>
</dataflow>
<dataflow id="403" from="jc_1" to="jc_1_load" fromId="13" toId="116">
</dataflow>
<dataflow id="404" from="ic" to="exitcond" fromId="115" toId="117">
</dataflow>
<dataflow id="405" from="StgValue_301" to="exitcond" fromId="301" toId="117">
</dataflow>
<dataflow id="407" from="_ssdm_op_SpecLoopTripCount" to="empty" fromId="406" toId="118">
</dataflow>
<dataflow id="408" from="StgValue_235" to="empty" fromId="235" toId="118">
</dataflow>
<dataflow id="409" from="StgValue_235" to="empty" fromId="235" toId="118">
</dataflow>
<dataflow id="410" from="StgValue_235" to="empty" fromId="235" toId="118">
</dataflow>
<dataflow id="411" from="ic" to="ic_1" fromId="115" toId="119">
</dataflow>
<dataflow id="413" from="StgValue_412" to="ic_1" fromId="412" toId="119">
</dataflow>
<dataflow id="414" from="exitcond" to="StgValue_120" fromId="117" toId="120">
</dataflow>
<dataflow id="415" from="jc_1_load" to="tmp_s" fromId="116" toId="121">
</dataflow>
<dataflow id="417" from="StgValue_416" to="tmp_s" fromId="416" toId="121">
</dataflow>
<dataflow id="418" from="tmp_s" to="jc" fromId="121" toId="122">
</dataflow>
<dataflow id="419" from="jc_1_load" to="jc" fromId="116" toId="122">
</dataflow>
<dataflow id="420" from="StgValue_416" to="jc" fromId="416" toId="122">
</dataflow>
<dataflow id="422" from="_ssdm_op_BitConcatenate.i3.i2.i1" to="tmp_18" fromId="421" toId="123">
</dataflow>
<dataflow id="423" from="ic" to="tmp_18" fromId="115" toId="123">
</dataflow>
<dataflow id="424" from="StgValue_323" to="tmp_18" fromId="323" toId="123">
</dataflow>
<dataflow id="425" from="tmp_18" to="tmp_20_cast" fromId="123" toId="124">
</dataflow>
<dataflow id="426" from="j" to="tmp_16" fromId="51" toId="126">
</dataflow>
<dataflow id="427" from="tmp_6_cast" to="tmp_17" fromId="48" toId="127">
</dataflow>
<dataflow id="428" from="tmp_16" to="tmp_17" fromId="126" toId="127">
</dataflow>
<dataflow id="429" from="tmp_17" to="tmp_18_cast" fromId="127" toId="128">
</dataflow>
<dataflow id="430" from="out_image" to="out_image_addr" fromId="180" toId="129">
</dataflow>
<dataflow id="431" from="StgValue_223" to="out_image_addr" fromId="223" toId="129">
</dataflow>
<dataflow id="432" from="tmp_18_cast" to="out_image_addr" fromId="128" toId="129">
</dataflow>
<dataflow id="433" from="sum" to="StgValue_130" fromId="114" toId="130">
</dataflow>
<dataflow id="434" from="out_image_addr" to="StgValue_130" fromId="129" toId="130">
</dataflow>
<dataflow id="435" from="tmp_2_i" to="StgValue_131" fromId="69" toId="131">
</dataflow>
<dataflow id="436" from="windows_tail_buf" to="StgValue_131" fromId="15" toId="131">
</dataflow>
<dataflow id="437" from="ff_empty_write_assig" to="StgValue_132" fromId="108" toId="132">
</dataflow>
<dataflow id="438" from="windows_empty_buf" to="StgValue_132" fromId="14" toId="132">
</dataflow>
<dataflow id="439" from="sum" to="sum_1" fromId="114" toId="134">
<condition id="80">
<or_exp><and_exp><literal name="exitcond" val="0"/>
</and_exp></or_exp>
</condition>
</dataflow>
<dataflow id="440" from="StgValue_125" to="sum_1" fromId="125" toId="134">
</dataflow>
<dataflow id="441" from="sum_2" to="sum_1" fromId="152" toId="134">
<BackEdge/>
<condition id="81">
<or_exp><and_exp></and_exp></or_exp>
</condition>
</dataflow>
<dataflow id="442" from="StgValue_153" to="sum_1" fromId="153" toId="134">
<BackEdge/>
</dataflow>
<dataflow id="443" from="jc_1_load" to="jc_3" fromId="116" toId="135">
<condition id="82">
<or_exp><and_exp><literal name="exitcond" val="0"/>
</and_exp></or_exp>
</condition>
</dataflow>
<dataflow id="444" from="StgValue_125" to="jc_3" fromId="125" toId="135">
</dataflow>
<dataflow id="445" from="jc1" to="jc_3" fromId="146" toId="135">
<BackEdge/>
<condition id="83">
<or_exp><and_exp></and_exp></or_exp>
</condition>
</dataflow>
<dataflow id="446" from="StgValue_153" to="jc_3" fromId="153" toId="135">
<BackEdge/>
</dataflow>
<dataflow id="448" from="_ssdm_op_PartSelect.i31.i32.i32.i32" to="tmp_19" fromId="447" toId="136">
</dataflow>
<dataflow id="449" from="jc_3" to="tmp_19" fromId="135" toId="136">
</dataflow>
<dataflow id="450" from="StgValue_181" to="tmp_19" fromId="181" toId="136">
</dataflow>
<dataflow id="451" from="StgValue_291" to="tmp_19" fromId="291" toId="136">
</dataflow>
<dataflow id="452" from="tmp_19" to="icmp" fromId="136" toId="137">
</dataflow>
<dataflow id="454" from="StgValue_453" to="icmp" fromId="453" toId="137">
</dataflow>
<dataflow id="455" from="icmp" to="StgValue_138" fromId="137" toId="138">
</dataflow>
<dataflow id="456" from="jc_3" to="tmp_20" fromId="135" toId="139">
</dataflow>
<dataflow id="457" from="tmp_20_cast" to="tmp_21" fromId="124" toId="140">
</dataflow>
<dataflow id="458" from="tmp_20" to="tmp_21" fromId="139" toId="140">
</dataflow>
<dataflow id="459" from="tmp_21" to="tmp_21_cast" fromId="140" toId="141">
</dataflow>
<dataflow id="460" from="kernel" to="kernel_addr" fromId="174" toId="142">
</dataflow>
<dataflow id="461" from="StgValue_223" to="kernel_addr" fromId="223" toId="142">
</dataflow>
<dataflow id="462" from="tmp_21_cast" to="kernel_addr" fromId="141" toId="142">
</dataflow>
<dataflow id="463" from="agg_result_pix_assig" to="agg_result_pix_assig_7" fromId="31" toId="143">
</dataflow>
<dataflow id="464" from="StgValue_223" to="agg_result_pix_assig_7" fromId="223" toId="143">
</dataflow>
<dataflow id="465" from="tmp_21_cast" to="agg_result_pix_assig_7" fromId="141" toId="143">
</dataflow>
<dataflow id="466" from="agg_result_pix_assig_7" to="agg_result_pix_assig_8" fromId="143" toId="144">
</dataflow>
<dataflow id="467" from="kernel_addr" to="kernel_load" fromId="142" toId="145">
</dataflow>
<dataflow id="468" from="StgValue_181" to="jc1" fromId="181" toId="146">
</dataflow>
<dataflow id="469" from="jc_3" to="jc1" fromId="135" toId="146">
</dataflow>
<dataflow id="470" from="jc" to="StgValue_147" fromId="122" toId="147">
</dataflow>
<dataflow id="471" from="jc_1" to="StgValue_147" fromId="13" toId="147">
</dataflow>
<dataflow id="472" from="agg_result_pix_assig_7" to="agg_result_pix_assig_8" fromId="143" toId="149">
</dataflow>
<dataflow id="473" from="kernel_addr" to="kernel_load" fromId="142" toId="150">
</dataflow>
<dataflow id="474" from="agg_result_pix_assig_8" to="tmp_4" fromId="149" toId="151">
</dataflow>
<dataflow id="475" from="kernel_load" to="tmp_4" fromId="150" toId="151">
</dataflow>
<dataflow id="476" from="sum_1" to="sum_2" fromId="134" toId="152">
</dataflow>
<dataflow id="477" from="tmp_4" to="sum_2" fromId="151" toId="152">
</dataflow>
<dataflow id="478" from="exitcond3" to="StgValue_2" fromId="44" toId="2">
</dataflow>
<dataflow id="479" from="exitcond2" to="StgValue_3" fromId="52" toId="3">
</dataflow>
<dataflow id="480" from="tmp_i" to="StgValue_4" fromId="56" toId="4">
</dataflow>
<dataflow id="481" from="tmp_3_i" to="StgValue_7" fromId="70" toId="7">
</dataflow>
<dataflow id="482" from="exitcond" to="StgValue_8" fromId="117" toId="8">
</dataflow>
<dataflow id="483" from="icmp" to="StgValue_9" fromId="137" toId="9">
</dataflow>
</dataflows>


</stg>
