<annotationInfo>
<annotationInfo>
<item  id="35" filename="../Storage/Class/2024-2025/Embed/convolution2d/convolution2d.c" linenumber="94" name="tmp" contextFuncName="convolution2d" moduleName="convolution2d" rtlName="tmp_fu_356_p2" latency="0" BRAM="-1" DSP="-1" FF="0" LUT="39" fileDirectory="D:\Programming\Hardware"></item>
<item  id="36" filename="../Storage/Class/2024-2025/Embed/convolution2d/convolution2d.c" linenumber="94" name="tmp_5" contextFuncName="convolution2d" moduleName="convolution2d" rtlName="tmp_5_fu_362_p2" latency="0" BRAM="-1" DSP="-1" FF="0" LUT="39" fileDirectory="D:\Programming\Hardware"></item>
<item  id="42" filename="../Storage/Class/2024-2025/Embed/convolution2d/convolution2d.c" linenumber="94" name="exitcond3" contextFuncName="convolution2d" moduleName="convolution2d" rtlName="exitcond3_fu_378_p2" latency="0" BRAM="-1" DSP="-1" FF="0" LUT="18" fileDirectory="D:\Programming\Hardware"></item>
<item  id="43" filename="../Storage/Class/2024-2025/Embed/convolution2d/convolution2d.c" linenumber="94" name="i_1" contextFuncName="convolution2d" moduleName="convolution2d" rtlName="i_1_fu_383_p2" latency="0" BRAM="-1" DSP="-1" FF="0" LUT="39" fileDirectory="D:\Programming\Hardware"></item>
<item  id="46" filename="../Storage/Class/2024-2025/Embed/convolution2d/convolution2d.c" linenumber="94" name="tmp_1" contextFuncName="convolution2d" moduleName="convolution2d" rtlName="tmp_1_fu_389_p1" latency="0" BRAM="-1" DSP="-1" FF="-1" LUT="-1" fileDirectory="D:\Programming\Hardware"></item>
<item  id="47" filename="../Storage/Class/2024-2025/Embed/convolution2d/convolution2d.c" linenumber="95" name="tmp_6_cast" contextFuncName="convolution2d" moduleName="convolution2d" rtlName="tmp_6_cast_fu_393_p3" latency="0" BRAM="-1" DSP="-1" FF="-1" LUT="-1" fileDirectory="D:\Programming\Hardware"></item>
<item  id="51" filename="../Storage/Class/2024-2025/Embed/convolution2d/convolution2d.c" linenumber="95" name="exitcond2" contextFuncName="convolution2d" moduleName="convolution2d" rtlName="exitcond2_fu_401_p2" latency="0" BRAM="-1" DSP="-1" FF="0" LUT="18" fileDirectory="D:\Programming\Hardware"></item>
<item  id="52" filename="../Storage/Class/2024-2025/Embed/convolution2d/convolution2d.c" linenumber="95" name="j_1" contextFuncName="convolution2d" moduleName="convolution2d" rtlName="j_1_fu_406_p2" latency="0" BRAM="-1" DSP="-1" FF="0" LUT="39" fileDirectory="D:\Programming\Hardware"></item>
<item  id="56" filename="../Storage/Class/2024-2025/Embed/convolution2d/convolution2d.c" linenumber="15" name="tmp_i" contextFuncName="readFIFO" moduleName="convolution2d" rtlName="tmp_i_fu_412_p2" latency="0" BRAM="-1" DSP="-1" FF="0" LUT="13" fileDirectory="D:\Programming\Hardware"></item>
<item  id="63" filename="../Storage/Class/2024-2025/Embed/convolution2d/convolution2d.c" linenumber="18" name="tmp_1_i" contextFuncName="readFIFO" moduleName="convolution2d" rtlName="tmp_1_i_fu_421_p2" latency="0" BRAM="-1" DSP="-1" FF="0" LUT="39" fileDirectory="D:\Programming\Hardware"></item>
<item  id="64" filename="../Storage/Class/2024-2025/Embed/convolution2d/convolution2d.c" linenumber="18" name="tmp_2" contextFuncName="readFIFO" moduleName="convolution2d" rtlName="tmp_2_fu_427_p3" latency="0" BRAM="-1" DSP="-1" FF="-1" LUT="-1" fileDirectory="D:\Programming\Hardware"></item>
<item  id="65" filename="../Storage/Class/2024-2025/Embed/convolution2d/convolution2d.c" linenumber="18" name="tmp_3" contextFuncName="readFIFO" moduleName="convolution2d" rtlName="tmp_3_fu_435_p1" latency="0" BRAM="-1" DSP="-1" FF="-1" LUT="-1" fileDirectory="D:\Programming\Hardware"></item>
<item  id="66" filename="../Storage/Class/2024-2025/Embed/convolution2d/convolution2d.c" linenumber="18" name="p_and_f" contextFuncName="readFIFO" moduleName="convolution2d" rtlName="p_and_f_fu_439_p3" latency="0" BRAM="-1" DSP="-1" FF="-1" LUT="-1" fileDirectory="D:\Programming\Hardware"></item>
<item  id="67" filename="../Storage/Class/2024-2025/Embed/convolution2d/convolution2d.c" linenumber="18" name="tmp_6" contextFuncName="readFIFO" moduleName="convolution2d" rtlName="tmp_6_fu_447_p1" latency="0" BRAM="-1" DSP="-1" FF="-1" LUT="-1" fileDirectory="D:\Programming\Hardware"></item>
<item  id="68" filename="../Storage/Class/2024-2025/Embed/convolution2d/convolution2d.c" linenumber="18" name="tmp_7" contextFuncName="readFIFO" moduleName="convolution2d" rtlName="tmp_7_fu_451_p2" latency="0" BRAM="-1" DSP="-1" FF="0" LUT="2" fileDirectory="D:\Programming\Hardware"></item>
<item  id="69" filename="../Storage/Class/2024-2025/Embed/convolution2d/convolution2d.c" linenumber="18" name="p_and_t" contextFuncName="readFIFO" moduleName="convolution2d" rtlName="p_and_t_fu_457_p3" latency="0" BRAM="-1" DSP="-1" FF="-1" LUT="-1" fileDirectory="D:\Programming\Hardware"></item>
<item  id="70" filename="../Storage/Class/2024-2025/Embed/convolution2d/convolution2d.c" linenumber="18" name="p_neg_t" contextFuncName="readFIFO" moduleName="convolution2d" rtlName="p_neg_t_fu_465_p2" latency="0" BRAM="-1" DSP="-1" FF="0" LUT="39" fileDirectory="D:\Programming\Hardware"></item>
<item  id="71" filename="../Storage/Class/2024-2025/Embed/convolution2d/convolution2d.c" linenumber="18" name="tmp_2_i" contextFuncName="readFIFO" moduleName="convolution2d" rtlName="tmp_2_i_fu_471_p3" latency="0" BRAM="-1" DSP="-1" FF="0" LUT="32" fileDirectory="D:\Programming\Hardware"></item>
<item  id="72" filename="../Storage/Class/2024-2025/Embed/convolution2d/convolution2d.c" linenumber="19" name="tmp_3_i" contextFuncName="readFIFO" moduleName="convolution2d" rtlName="tmp_3_i_fu_479_p2" latency="0" BRAM="-1" DSP="-1" FF="0" LUT="18" fileDirectory="D:\Programming\Hardware"></item>
<item  id="73" filename="../Storage/Class/2024-2025/Embed/convolution2d/convolution2d.c" linenumber="19" name="ff_empty_write_assig" contextFuncName="readFIFO" moduleName="convolution2d" rtlName="ff_empty_write_assig_fu_570_p3" latency="0" BRAM="-1" DSP="-1" FF="0" LUT="16" fileDirectory="D:\Programming\Hardware"></item>
<item  id="74" filename="../Storage/Class/2024-2025/Embed/convolution2d/convolution2d.c" linenumber="18" name="tmp_8" contextFuncName="readFIFO" moduleName="convolution2d" rtlName="tmp_8_fu_484_p1" latency="0" BRAM="-1" DSP="-1" FF="-1" LUT="-1" fileDirectory="D:\Programming\Hardware"></item>
<item  id="75" filename="../Storage/Class/2024-2025/Embed/convolution2d/convolution2d.c" linenumber="18" name="p_shl_cast" contextFuncName="readFIFO" moduleName="convolution2d" rtlName="p_shl_cast_fu_488_p3" latency="0" BRAM="-1" DSP="-1" FF="-1" LUT="-1" fileDirectory="D:\Programming\Hardware"></item>
<item  id="76" filename="../Storage/Class/2024-2025/Embed/convolution2d/convolution2d.c" linenumber="18" name="tmp_9" contextFuncName="readFIFO" moduleName="convolution2d" rtlName="tmp_9_fu_496_p1" latency="0" BRAM="-1" DSP="-1" FF="-1" LUT="-1" fileDirectory="D:\Programming\Hardware"></item>
<item  id="77" filename="../Storage/Class/2024-2025/Embed/convolution2d/convolution2d.c" linenumber="23" name="p_shl1_cast" contextFuncName="readFIFO" moduleName="convolution2d" rtlName="p_shl1_cast_fu_500_p3" latency="0" BRAM="-1" DSP="-1" FF="-1" LUT="-1" fileDirectory="D:\Programming\Hardware"></item>
<item  id="78" filename="../Storage/Class/2024-2025/Embed/convolution2d/convolution2d.c" linenumber="23" name="tmp_10" contextFuncName="readFIFO" moduleName="convolution2d" rtlName="tmp_10_fu_508_p2" latency="0" BRAM="-1" DSP="-1" FF="0" LUT="15" fileDirectory="D:\Programming\Hardware"></item>
<item  id="79" filename="../Storage/Class/2024-2025/Embed/convolution2d/convolution2d.c" linenumber="23" name="tmp_12_cast" contextFuncName="readFIFO" moduleName="convolution2d" rtlName="tmp_12_cast_fu_514_p1" latency="0" BRAM="-1" DSP="-1" FF="-1" LUT="-1" fileDirectory="D:\Programming\Hardware"></item>
<item  id="81" filename="../Storage/Class/2024-2025/Embed/convolution2d/convolution2d.c" linenumber="23" name="tmp_11" contextFuncName="readFIFO" moduleName="convolution2d" rtlName="tmp_11_fu_519_p2" latency="0" BRAM="-1" DSP="-1" FF="0" LUT="6" fileDirectory="D:\Programming\Hardware"></item>
<item  id="82" filename="../Storage/Class/2024-2025/Embed/convolution2d/convolution2d.c" linenumber="23" name="tmp_13_cast" contextFuncName="readFIFO" moduleName="convolution2d" rtlName="tmp_13_cast_fu_525_p1" latency="0" BRAM="-1" DSP="-1" FF="-1" LUT="-1" fileDirectory="D:\Programming\Hardware"></item>
<item  id="84" filename="../Storage/Class/2024-2025/Embed/convolution2d/convolution2d.c" linenumber="23" name="tmp_12" contextFuncName="readFIFO" moduleName="convolution2d" rtlName="tmp_12_fu_530_p2" latency="0" BRAM="-1" DSP="-1" FF="0" LUT="15" fileDirectory="D:\Programming\Hardware"></item>
<item  id="85" filename="../Storage/Class/2024-2025/Embed/convolution2d/convolution2d.c" linenumber="23" name="tmp_14_cast" contextFuncName="readFIFO" moduleName="convolution2d" rtlName="tmp_14_cast_fu_535_p1" latency="0" BRAM="-1" DSP="-1" FF="-1" LUT="-1" fileDirectory="D:\Programming\Hardware"></item>
<item  id="87" filename="../Storage/Class/2024-2025/Embed/convolution2d/convolution2d.c" linenumber="23" name="tmp_13" contextFuncName="readFIFO" moduleName="convolution2d" rtlName="tmp_13_fu_540_p2" latency="0" BRAM="-1" DSP="-1" FF="0" LUT="15" fileDirectory="D:\Programming\Hardware"></item>
<item  id="88" filename="../Storage/Class/2024-2025/Embed/convolution2d/convolution2d.c" linenumber="23" name="tmp_15_cast" contextFuncName="readFIFO" moduleName="convolution2d" rtlName="tmp_15_cast_fu_545_p1" latency="0" BRAM="-1" DSP="-1" FF="-1" LUT="-1" fileDirectory="D:\Programming\Hardware"></item>
<item  id="90" filename="../Storage/Class/2024-2025/Embed/convolution2d/convolution2d.c" linenumber="23" name="tmp_14" contextFuncName="readFIFO" moduleName="convolution2d" rtlName="tmp_14_fu_550_p2" latency="0" BRAM="-1" DSP="-1" FF="0" LUT="15" fileDirectory="D:\Programming\Hardware"></item>
<item  id="91" filename="../Storage/Class/2024-2025/Embed/convolution2d/convolution2d.c" linenumber="23" name="tmp_16_cast" contextFuncName="readFIFO" moduleName="convolution2d" rtlName="tmp_16_cast_fu_555_p1" latency="0" BRAM="-1" DSP="-1" FF="-1" LUT="-1" fileDirectory="D:\Programming\Hardware"></item>
<item  id="93" filename="../Storage/Class/2024-2025/Embed/convolution2d/convolution2d.c" linenumber="23" name="tmp_15" contextFuncName="readFIFO" moduleName="convolution2d" rtlName="tmp_15_fu_560_p2" latency="0" BRAM="-1" DSP="-1" FF="0" LUT="15" fileDirectory="D:\Programming\Hardware"></item>
<item  id="94" filename="../Storage/Class/2024-2025/Embed/convolution2d/convolution2d.c" linenumber="23" name="tmp_17_cast" contextFuncName="readFIFO" moduleName="convolution2d" rtlName="tmp_17_cast_fu_565_p1" latency="0" BRAM="-1" DSP="-1" FF="-1" LUT="-1" fileDirectory="D:\Programming\Hardware"></item>
<item  id="113" filename="../Storage/Class/2024-2025/Embed/convolution2d/convolution2d.c" linenumber="98" name="exitcond" contextFuncName="convolution2d" moduleName="convolution2d" rtlName="exitcond_fu_580_p2" latency="0" BRAM="-1" DSP="-1" FF="0" LUT="8" fileDirectory="D:\Programming\Hardware"></item>
<item  id="115" filename="../Storage/Class/2024-2025/Embed/convolution2d/convolution2d.c" linenumber="98" name="ic_1" contextFuncName="convolution2d" moduleName="convolution2d" rtlName="ic_1_fu_586_p2" latency="0" BRAM="-1" DSP="-1" FF="0" LUT="10" fileDirectory="D:\Programming\Hardware"></item>
<item  id="119" filename="../Storage/Class/2024-2025/Embed/convolution2d/convolution2d.c" linenumber="99" name="jc" contextFuncName="convolution2d" moduleName="convolution2d" rtlName="jc_fu_598_p3" latency="0" BRAM="-1" DSP="-1" FF="0" LUT="32" fileDirectory="D:\Programming\Hardware"></item>
<item  id="120" filename="../Storage/Class/2024-2025/Embed/convolution2d/convolution2d.c" linenumber="98" name="tmp_18" contextFuncName="convolution2d" moduleName="convolution2d" rtlName="tmp_18_fu_606_p3" latency="0" BRAM="-1" DSP="-1" FF="-1" LUT="-1" fileDirectory="D:\Programming\Hardware"></item>
<item  id="121" filename="../Storage/Class/2024-2025/Embed/convolution2d/convolution2d.c" linenumber="99" name="tmp_20_cast" contextFuncName="convolution2d" moduleName="convolution2d" rtlName="tmp_20_cast_fu_614_p1" latency="0" BRAM="-1" DSP="-1" FF="-1" LUT="-1" fileDirectory="D:\Programming\Hardware"></item>
<item  id="126" filename="../Storage/Class/2024-2025/Embed/convolution2d/convolution2d.c" linenumber="99" name="tmp_19" contextFuncName="convolution2d" moduleName="convolution2d" rtlName="tmp_19_fu_640_p4" latency="0" BRAM="-1" DSP="-1" FF="-1" LUT="-1" fileDirectory="D:\Programming\Hardware"></item>
<item  id="127" filename="../Storage/Class/2024-2025/Embed/convolution2d/convolution2d.c" linenumber="99" name="icmp" contextFuncName="convolution2d" moduleName="convolution2d" rtlName="icmp_fu_650_p2" latency="0" BRAM="-1" DSP="-1" FF="0" LUT="18" fileDirectory="D:\Programming\Hardware"></item>
<item  id="130" filename="../Storage/Class/2024-2025/Embed/convolution2d/convolution2d.c" linenumber="100" name="tmp_20" contextFuncName="convolution2d" moduleName="convolution2d" rtlName="tmp_20_fu_656_p1" latency="0" BRAM="-1" DSP="-1" FF="-1" LUT="-1" fileDirectory="D:\Programming\Hardware"></item>
<item  id="131" filename="../Storage/Class/2024-2025/Embed/convolution2d/convolution2d.c" linenumber="100" name="tmp_21" contextFuncName="convolution2d" moduleName="convolution2d" rtlName="tmp_21_fu_660_p2" latency="0" BRAM="-1" DSP="-1" FF="0" LUT="13" fileDirectory="D:\Programming\Hardware"></item>
<item  id="132" filename="../Storage/Class/2024-2025/Embed/convolution2d/convolution2d.c" linenumber="100" name="tmp_21_cast" contextFuncName="convolution2d" moduleName="convolution2d" rtlName="tmp_21_cast_fu_665_p1" latency="0" BRAM="-1" DSP="-1" FF="-1" LUT="-1" fileDirectory="D:\Programming\Hardware"></item>
<item  id="137" filename="../Storage/Class/2024-2025/Embed/convolution2d/convolution2d.c" linenumber="100" name="tmp_4" contextFuncName="convolution2d" moduleName="convolution2d" rtlName="tmp_4_fu_681_p2" latency="0" BRAM="-1" DSP="3" FF="0" LUT="20" fileDirectory="D:\Programming\Hardware"></item>
<item  id="138" filename="../Storage/Class/2024-2025/Embed/convolution2d/convolution2d.c" linenumber="100" name="sum_2" contextFuncName="convolution2d" moduleName="convolution2d" rtlName="sum_2_fu_685_p2" latency="0" BRAM="-1" DSP="-1" FF="0" LUT="39" fileDirectory="D:\Programming\Hardware"></item>
<item  id="139" filename="../Storage/Class/2024-2025/Embed/convolution2d/convolution2d.c" linenumber="99" name="jc1" contextFuncName="convolution2d" moduleName="convolution2d" rtlName="jc1_fu_671_p2" latency="0" BRAM="-1" DSP="-1" FF="0" LUT="39" fileDirectory="D:\Programming\Hardware"></item>
<item  id="145" filename="../Storage/Class/2024-2025/Embed/convolution2d/convolution2d.c" linenumber="103" name="tmp_16" contextFuncName="convolution2d" moduleName="convolution2d" rtlName="tmp_16_fu_618_p1" latency="0" BRAM="-1" DSP="-1" FF="-1" LUT="-1" fileDirectory="D:\Programming\Hardware"></item>
<item  id="146" filename="../Storage/Class/2024-2025/Embed/convolution2d/convolution2d.c" linenumber="103" name="tmp_17" contextFuncName="convolution2d" moduleName="convolution2d" rtlName="tmp_17_fu_622_p2" latency="0" BRAM="-1" DSP="-1" FF="0" LUT="15" fileDirectory="D:\Programming\Hardware"></item>
<item  id="147" filename="../Storage/Class/2024-2025/Embed/convolution2d/convolution2d.c" linenumber="103" name="tmp_18_cast" contextFuncName="convolution2d" moduleName="convolution2d" rtlName="tmp_18_cast_fu_627_p1" latency="0" BRAM="-1" DSP="-1" FF="-1" LUT="-1" fileDirectory="D:\Programming\Hardware"></item>
</annotationInfo>
</annotationInfo>
